Complains,Subscription Length,Frequency of use,Seconds of Use,Distinct Called Numbers,Customer_Engagement,Average_Call_Duration,Status,Revenue_Per_Month,Customer Value,Churn
0,38,71,4370,17,93,60.69444444444444,1,5.067692307692307,197.64,0
0,39,5,318,4,16,53.0,2,1.150875,46.035,0
0,37,60,2453,24,443,40.21311475409836,1,40.43473684210526,1536.52,0
0,38,66,4198,35,102,62.656716417910445,1,6.154358974358975,240.02,0
0,38,58,2393,33,93,40.559322033898304,1,3.738589743589744,145.805,0
0,38,82,3775,28,142,45.48192771084337,1,7.237948717948718,282.28,0
0,38,39,2360,18,342,59.0,1,31.69128205128205,1235.96,0
0,37,121,9115,43,308,74.71311475409836,1,24.880000000000003,945.44,0
0,38,169,13773,44,213,81.01764705882353,1,14.299487179487178,557.68,0
0,38,83,4515,25,110,53.75,1,4.921025641025641,191.92,0
0,38,95,5918,12,114,61.645833333333336,1,6.885128205128205,268.52,0
0,38,54,2238,17,79,40.69090909090909,2,3.171282051282052,123.68,0
0,38,225,15140,32,311,66.99115044247787,1,21.297435897435896,830.6,0
0,38,27,3095,8,518,110.53571428571428,1,52.740512820512826,2056.88,0
0,37,182,15485,30,362,84.61748633879782,1,36.31618421052632,1380.015,0
0,37,86,6500,26,298,74.71264367816092,1,26.511578947368424,1007.44,0
0,37,14,875,11,25,58.333333333333336,2,1.052763157894737,40.005,1
0,38,14,710,8,35,47.333333333333336,2,2.075897435897436,80.96,0
0,37,0,0,0,0,0.0,2,0.0,0.0,1
0,37,127,7508,43,554,58.65625,1,54.51513157894736,2071.575,0
0,37,154,11465,47,212,73.96774193548387,1,8.367763157894737,317.975,0
0,37,75,6718,37,220,88.39473684210526,1,20.83381578947368,791.685,0
1,33,47,955,17,80,19.89583333333333,2,3.4438235294117647,117.09,1
1,36,93,10435,42,136,111.01063829787236,1,4.308648648648648,159.42,0
1,36,98,5818,24,148,58.76767676767677,1,10.3572972972973,383.22,1
0,34,22,2840,14,36,123.47826086956522,1,3.270857142857143,114.48,0
0,35,41,2990,16,66,71.19047619047619,2,4.367777777777778,157.24,1
1,36,44,2268,31,109,50.4,2,6.175135135135135,228.48,1
0,36,2,133,2,4,44.333333333333336,2,0.1459459459459459,5.4,1
0,36,25,1668,6,31,64.15384615384616,1,1.8302702702702704,67.72,0
0,33,97,6785,22,133,69.23469387755102,1,3.6538235294117647,124.23,0
1,36,7,628,4,20,78.5,2,1.037162162162162,38.375,1
0,36,4,338,2,10,67.6,1,0.3008108108108108,11.13,0
0,31,238,16075,80,318,67.25941422594143,1,22.94015625,734.085,0
0,34,116,6965,33,420,59.52991452991453,1,43.947,1538.145,0
0,36,82,3718,28,112,44.795180722891565,1,4.864864864864865,180.0,0
0,35,44,1665,20,102,37.0,2,6.121111111111111,220.36,0
0,36,53,2780,23,251,51.48148148148148,1,24.729324324324324,914.985,0
0,27,36,1315,11,240,35.54054054054054,1,33.18910714285714,929.295,0
0,26,39,1568,68,137,39.2,1,4.265740740740741,115.175,0
0,27,25,700,7,42,26.923076923076923,2,2.7723214285714284,77.625,0
0,26,10,825,3,34,75.0,2,2.717592592592593,73.375,1
0,25,32,1225,13,64,37.121212121212125,1,5.464038461538461,142.065,0
0,25,61,3225,23,92,52.016129032258064,1,6.286153846153846,163.44,0
0,18,26,1695,14,68,62.77777777777778,1,10.707631578947368,203.445,0
0,17,141,6393,42,268,45.02112676056338,1,37.585,676.53,0
0,15,171,8933,40,284,51.93604651162791,1,25.63125,410.1,0
0,16,45,2853,19,95,62.02173913043478,1,14.112941176470589,239.92,0
0,9,40,4390,10,265,107.07317073170732,1,103.72,1037.2,0
0,9,19,1488,7,26,74.4,1,6.0280000000000005,60.28,1
0,40,74,4430,19,103,59.06666666666667,1,5.369756097560976,220.16,0
0,41,8,378,6,26,42.0,1,1.5104761904761903,63.44,0
0,39,63,2513,26,453,39.265625,1,38.976,1559.04,0
0,40,69,4258,37,112,60.82857142857143,1,6.609390243902439,270.985,0
0,40,61,2453,35,103,39.564516129032256,1,3.527560975609756,144.63,0
0,40,85,3835,30,152,44.593023255813954,1,7.434146341463415,304.8,0
0,40,42,2420,20,352,56.27906976744186,1,30.694634146341464,1258.48,0
0,39,124,9175,45,318,73.4,1,24.199,967.96,0
0,40,172,13833,46,223,79.95953757225433,1,14.151219512195125,580.2,0
0,40,86,4575,27,120,52.58620689655172,1,5.230243902439025,214.44,0
0,40,98,5978,14,124,60.38383838383838,1,7.098536585365854,291.04,0
0,40,57,2298,19,89,39.62068965517241,1,3.565853658536585,146.2,0
0,40,228,15200,34,321,66.37554585152839,1,20.80780487804878,853.12,0
0,40,30,3155,10,528,101.7741935483871,1,50.71707317073171,2079.4,0
0,39,185,15545,32,372,83.5752688172043,1,35.13375,1405.35,0
0,39,89,6560,28,308,72.88888888888889,1,25.749,1029.96,0
0,39,17,935,13,35,51.94444444444444,1,1.6335000000000002,65.34,0
0,40,17,770,10,45,42.77777777777778,1,2.5239024390243903,103.48,0
1,39,3,60,2,10,15.0,1,0.633375,25.335,1
0,39,130,7568,45,564,57.770992366412216,1,46.598,1863.92,0
0,39,157,11525,49,222,72.94303797468355,1,8.30125,332.05,0
0,39,78,6778,39,230,85.79746835443038,1,20.4255,817.02,0
1,35,50,1015,19,90,19.90196078431373,1,3.5166666666666666,126.6,1
1,38,96,10495,44,146,108.1958762886598,1,4.304230769230769,167.865,0
0,38,101,5878,26,158,57.62745098039216,1,10.475769230769233,408.555,0
0,36,25,2900,16,46,111.53846153846152,1,3.702702702702703,137.0,0
0,37,44,3050,18,76,67.77777777777777,1,4.730526315789473,179.76,1
1,38,47,2328,33,119,48.5,1,6.435897435897436,251.0,1
0,38,5,193,4,14,32.166666666666664,1,0.7158974358974359,27.92,1
0,38,28,1728,8,41,59.58620689655172,1,1.446153846153846,56.4,0
0,35,100,6845,24,143,67.77227722772277,1,3.685416666666667,132.675,0
0,38,10,688,6,30,62.54545454545455,1,1.344871794871795,52.45,1
0,38,7,398,4,20,49.75,1,0.5019230769230769,19.575,0
0,33,241,16135,82,328,66.67355371900827,1,22.335882352941177,759.42,0
1,36,119,7025,35,430,58.54166666666666,1,37.56108108108108,1389.76,0
0,38,85,3778,30,122,43.93023255813954,1,4.680000000000001,182.52,0
0,37,47,1725,22,112,35.9375,1,6.391578947368421,242.88,0
0,38,56,2840,25,261,49.82456140350877,1,24.110769230769236,940.32,0
0,29,39,1375,13,250,34.375,1,28.28533333333333,848.56,0
0,28,42,1628,70,147,37.86046511627907,1,4.456896551724138,129.25,0
0,29,28,760,9,52,26.20689655172414,1,3.0506666666666664,91.52,0
0,28,13,885,5,44,63.21428571428572,1,3.0155172413793103,87.45,0
0,27,35,1285,15,74,35.69444444444444,1,5.978571428571429,167.4,0
0,27,64,3285,25,102,50.53846153846154,1,6.641428571428572,185.96,0
0,20,29,1755,16,78,58.5,1,10.894285714285717,228.78,0
0,19,144,6453,44,278,44.50344827586207,1,35.09325,701.865,0
0,17,174,8993,42,294,51.38857142857143,1,14.139166666666666,254.505,0
0,18,48,2913,21,105,59.44897959183673,1,13.812631578947368,262.44,0
0,11,43,4450,12,275,101.13636363636364,1,88.31,1059.72,0
1,11,22,1548,9,36,67.30434782608695,1,6.9,82.8,1
0,36,68,4310,15,83,62.46376811594203,1,5.324594594594594,197.01,0
0,37,2,258,2,6,86.0,2,0.5447368421052632,20.7,0
0,35,57,2393,22,433,41.25862068965517,1,47.3125,1703.25,0
0,36,63,4138,33,96,64.65625,1,6.2447297297297295,231.055,0
0,36,55,2333,31,86,41.660714285714285,1,3.5497297297297297,131.34,0
0,36,79,3715,26,132,46.4375,1,7.02054054054054,259.76,0
0,36,36,2300,16,332,62.16216216216216,1,32.795675675675675,1213.44,0
0,35,118,9055,41,298,76.09243697478992,1,25.636666666666667,922.92,0
0,36,166,13713,42,208,82.11377245508982,1,15.004324324324324,555.16,0
0,36,80,4455,23,103,55.0,1,4.902702702702703,181.4,0
0,36,92,5858,10,104,62.98924731182796,1,7.47972972972973,276.75,0
1,36,51,2178,15,69,41.88461538461539,2,2.734054054054054,101.16,0
0,36,222,15080,30,301,67.62331838565022,1,21.84,808.08,0
0,36,24,3035,6,508,121.4,1,54.9827027027027,2034.36,0
0,35,179,15425,28,352,85.69444444444444,1,37.63,1354.68,0
0,35,83,6440,24,288,76.66666666666667,1,27.358888888888888,984.92,0
0,35,11,815,9,20,67.91666666666667,2,1.0325,37.17,0
0,36,11,650,6,25,54.16666666666666,2,1.776891891891892,65.745,0
0,35,0,0,0,0,0.0,2,0.0,0.0,1
0,35,124,7448,41,544,59.584,1,56.84,2046.24,0
0,35,151,11405,45,202,75.03289473684211,1,13.506666666666668,486.24,0
0,35,72,6658,35,210,91.2054794520548,1,21.2875,766.35,0
0,31,44,895,15,70,19.88888888888889,2,2.86734375,91.755,1
0,34,90,10375,40,130,114.010989010989,1,7.475,261.625,0
0,34,95,5758,22,138,59.97916666666666,1,10.225285714285716,357.885,1
0,32,19,2780,12,31,139.0,1,3.3927272727272726,111.96,0
0,33,38,2930,14,56,75.12820512820512,2,4.45764705882353,151.56,1
1,34,41,2208,29,99,52.57142857142857,2,5.884571428571429,205.96,1
1,34,0,0,0,0,0.0,2,0.0,0.0,1
0,34,22,1608,4,26,69.91304347826087,1,1.862857142857143,65.2,0
0,31,94,6725,20,123,70.78947368421052,1,6.03046875,192.975,0
0,34,4,568,2,10,113.6,2,0.6942857142857143,24.3,1
0,34,0,0,0,0,0.0,1,0.0,0.0,0
0,29,235,16015,78,313,67.86016949152543,1,24.375,731.25,0
0,32,113,6905,31,410,60.57017543859649,1,45.84272727272728,1512.81,0
0,34,79,3658,26,105,45.725,1,4.804714285714286,168.165,0
0,33,41,1605,18,92,38.21428571428572,2,5.818823529411765,197.84,0
0,34,50,2720,21,241,53.333333333333336,1,25.41857142857143,889.65,0
0,25,33,1255,9,230,36.91176470588236,1,34.76769230769231,903.96,0
0,24,36,1508,66,127,40.75675675675676,1,4.044,101.1,0
0,25,22,640,5,32,27.82608695652174,2,2.0111538461538463,52.29,0
1,24,7,765,1,24,95.625,2,2.372,59.3,1
0,23,29,1165,11,54,38.833333333333336,1,4.8637500000000005,116.73,0
0,23,58,3165,21,82,53.644067796610166,1,5.871666666666666,140.92,0
0,16,23,1635,12,58,68.125,1,10.477058823529411,178.11,0
0,15,138,6333,40,258,45.56115107913669,1,49.7440625,795.905,0
0,13,168,8873,38,274,52.50295857988166,1,28.2875,396.025,0
0,14,42,2793,17,85,64.95348837209302,1,14.493333333333334,217.4,0
0,7,37,4330,8,255,113.94736842105264,1,126.835,1014.68,0
0,7,16,1428,5,21,84.0,1,7.22,57.76,1
0,42,73,4450,21,109,60.13513513513514,1,5.602790697674418,240.92,0
1,43,7,398,8,32,49.75,2,1.913636363636364,84.2,1
0,41,62,2533,28,459,40.20634920634921,1,37.614285714285714,1579.8,0
0,42,68,4278,39,118,62.0,1,6.965813953488372,299.53,0
0,42,60,2473,37,109,40.540983606557376,1,3.9066279069767447,167.985,0
0,42,84,3855,32,158,45.35294117647059,1,7.571162790697675,325.56,0
0,42,41,2440,22,358,58.095238095238095,1,29.749767441860467,1279.24,0
0,41,123,9195,47,324,74.15322580645162,1,23.540952380952383,988.72,0
0,42,171,13853,48,229,80.54069767441861,1,13.975813953488371,600.96,0
0,42,85,4595,29,126,53.43023255813954,1,5.469767441860465,235.2,0
0,42,97,5998,16,130,61.204081632653065,1,7.251162790697674,311.8,0
0,42,56,2318,21,95,40.66666666666666,2,3.882790697674418,166.96,0
0,42,227,15220,36,327,66.75438596491227,1,20.322790697674417,873.88,0
0,42,29,3175,12,534,105.83333333333331,1,48.84093023255814,2100.16,0
0,41,184,15565,34,378,84.13513513513513,1,34.01678571428571,1428.705,0
0,41,88,6580,30,314,73.93258426966293,1,25.017142857142854,1050.72,0
0,41,16,955,15,41,56.1764705882353,2,2.111785714285714,88.695,0
0,42,16,790,12,51,46.47058823529412,2,2.8893023255813954,124.24,0
0,41,2,80,4,16,26.666666666666668,2,1.1592857142857145,48.69,1
0,41,129,7588,47,570,58.36923076923077,1,44.873333333333335,1884.68,0
0,41,156,11545,51,228,73.53503184713375,1,8.214880952380952,345.025,0
0,41,77,6798,41,236,87.15384615384616,1,20.008928571428573,840.375,0
1,37,49,1035,21,96,20.7,2,3.8778947368421055,147.36,1
1,40,95,10515,46,152,109.53125,1,4.284146341463415,175.65,0
0,40,100,5898,28,164,58.3960396039604,1,10.53439024390244,431.91,1
0,38,24,2920,18,52,116.8,1,4.045128205128205,157.76,0
0,39,43,3070,20,82,69.77272727272727,2,5.013,200.52,1
1,40,46,2348,35,125,49.95744680851064,2,6.628292682926829,271.76,1
0,40,4,213,6,20,42.6,2,1.1873170731707317,48.68,1
0,40,27,1748,10,47,62.42857142857143,1,1.6920731707317074,69.375,0
0,37,99,6865,26,149,68.65,1,3.696315789473685,140.46,0
1,40,9,708,8,36,70.8,2,1.5957317073170731,65.425,1
0,40,6,418,6,26,59.71428571428572,1,0.6673170731707317,27.36,0
0,35,240,16155,84,334,67.03319502074689,1,21.74375,782.775,0
1,38,118,7045,37,436,59.20168067226891,1,40.68807692307693,1586.835,0
0,40,84,3798,32,128,44.68235294117647,1,4.958048780487805,203.28,0
0,39,46,1745,24,118,37.12765957446808,2,6.590999999999999,263.64,0
0,40,55,2860,27,267,51.07142857142857,1,23.504268292682926,963.675,0
0,31,38,1395,15,256,35.76923076923077,1,30.56203125,977.985,0
0,30,41,1648,72,153,39.23809523809524,1,4.587903225806452,142.225,0
0,31,27,780,11,58,27.857142857142858,2,3.50875,112.28,0
0,30,12,905,7,50,69.61538461538461,2,3.239516129032258,100.425,0
0,29,34,1305,17,80,37.285714285714285,1,6.3585,190.755,0
0,29,63,3305,27,108,51.640625,1,6.890666666666666,206.72,0
0,22,28,1775,18,84,61.206896551724135,1,10.962391304347824,252.135,0
0,21,143,6473,46,284,44.951388888888886,1,32.96454545454546,725.22,0
0,19,173,9013,44,300,51.798850574712645,1,13.1145,262.29,0
0,20,47,2933,23,111,61.10416666666666,1,13.485714285714286,283.2,0
0,13,42,4470,14,281,103.95348837209302,1,77.17714285714285,1080.48,0
0,13,21,1568,11,42,71.27272727272727,1,7.397142857142858,103.56,1
0,34,69,4290,13,82,61.285714285714285,1,5.604428571428572,196.155,0
0,35,0,0,0,0,0.0,2,0.0,0.0,0
0,33,58,2373,20,427,40.22033898305085,1,49.40867647058823,1679.895,0
0,34,64,4118,31,95,63.35384615384616,1,6.571714285714285,230.01,0
0,34,56,2313,29,85,40.578947368421055,1,3.722714285714285,130.295,0
0,34,80,3695,24,126,45.617283950617285,1,6.828571428571428,239.0,0
0,34,37,2280,14,326,60.0,1,34.076571428571434,1192.68,0
0,33,119,9035,39,292,75.29166666666667,1,26.53411764705882,902.16,0
0,34,167,13693,40,207,81.50595238095238,1,15.84,554.4,0
0,34,81,4435,21,102,54.08536585365854,1,5.161142857142857,180.64,0
0,34,93,5838,8,101,62.1063829787234,1,7.625571428571428,266.895,0
0,34,52,2158,13,65,40.71698113207548,2,2.525714285714286,88.4,0
0,34,223,15060,28,295,67.23214285714286,1,22.494857142857143,787.32,0
0,34,25,3015,4,502,115.96153846153848,1,57.53142857142857,2013.6,0
0,33,180,15405,26,346,85.11049723756906,1,39.15661764705882,1331.325,0
0,33,84,6420,22,282,75.52941176470588,1,28.357647058823527,964.16,0
0,33,12,795,7,19,61.15384615384615,2,1.0680882352941177,36.315,0
0,34,12,630,4,19,48.46153846153846,2,1.211142857142857,42.39,0
0,33,0,0,0,0,0.0,2,0.0,0.0,1
0,33,125,7428,39,538,58.95238095238095,1,59.49661764705883,2022.885,0
0,33,152,11385,43,196,74.41176470588235,1,13.690588235294118,465.48,0
0,33,73,6638,33,204,89.70270270270271,1,21.852794117647058,742.995,0
0,29,45,875,13,64,19.02173913043478,2,2.28,68.4,1
0,32,91,10355,38,129,112.55434782608695,1,7.913636363636363,261.15,0
1,32,96,5738,20,132,59.154639175257735,1,10.137272727272729,334.53,1
0,30,20,2760,10,30,131.42857142857142,1,3.5870967741935487,111.2,0
1,31,39,2910,12,51,72.75,2,3.68625,117.96,1
0,32,42,2188,27,93,50.88372093023256,2,5.612121212121211,185.2,1
1,32,0,0,0,0,0.0,2,0.0,0.0,1
0,32,23,1588,2,25,66.16666666666667,1,1.9527272727272729,64.44,0
0,29,95,6705,18,117,69.84375,1,6.0,180.0,0
0,32,0,0,0,0,0.0,2,0.0,0.0,1
0,32,0,0,0,0,0.0,1,0.0,0.0,0
0,27,236,15995,76,312,67.48945147679325,1,26.085535714285715,730.395,0
0,30,114,6885,29,404,59.869565217391305,1,48.04693548387097,1489.455,0
0,32,80,3638,24,104,44.91358024691358,1,5.07,167.31,0
0,31,42,1585,16,86,36.86046511627907,2,5.53375,177.08,0
0,32,51,2700,19,235,51.92307692307692,1,26.251363636363635,866.295,0
0,23,34,1235,7,224,35.285714285714285,1,36.691875,880.605,0
0,22,37,1488,64,121,39.1578947368421,1,3.8315217391304346,88.125,0
0,23,23,620,3,26,25.83333333333333,2,1.205625,28.935,0
0,22,0,0,0,11,0.0,2,1.1956521739130437,27.5,0
0,21,30,1145,9,48,36.935483870967744,1,4.244318181818182,93.375,0
0,21,59,3145,19,78,52.41666666666666,1,5.825454545454545,128.16,0
0,14,24,1615,10,52,64.6,1,10.317,154.755,0
0,13,139,6313,38,252,45.09285714285714,1,54.81142857142857,767.36,0
0,11,169,8853,36,268,52.076470588235296,1,31.92083333333333,383.05,0
0,12,43,2773,15,79,63.02272727272727,1,15.126153846153844,196.64,0
0,5,38,4310,6,249,110.51282051282053,1,165.65333333333334,993.92,0
0,5,17,1408,3,20,78.22222222222223,1,9.5,57.0,1
0,44,81,4630,23,124,56.46341463414634,1,5.965333333333334,268.44,0
0,45,15,578,10,47,36.125,2,2.428695652173913,111.72,0
0,43,70,2713,30,474,38.2112676056338,1,36.53,1607.32,0
0,44,76,4458,41,133,57.896103896103895,1,7.497111111111111,337.37,0
0,44,68,2653,39,124,38.44927536231884,1,4.421,198.945,0
0,44,92,4035,34,173,43.38709677419355,1,7.846222222222222,353.08,0
0,44,49,2620,24,373,52.4,1,29.03911111111111,1306.76,0
0,43,131,9375,49,339,71.02272727272727,1,23.09636363636364,1016.24,0
0,44,179,14033,50,244,77.96111111111111,1,13.966222222222225,628.48,0
0,44,93,4775,31,141,50.797872340425535,1,5.838222222222223,262.72,0
0,44,105,6178,18,145,58.283018867924525,1,7.540444444444445,339.32,0
1,44,64,2498,23,110,38.43076923076923,2,4.321777777777777,194.48,0
0,44,235,15400,38,342,65.2542372881356,1,20.03111111111111,901.4,0
0,44,37,3355,14,549,88.28947368421052,1,47.281777777777776,2127.68,0
0,43,192,15745,36,393,81.58031088082902,1,33.17420454545454,1459.665,0
0,43,96,6760,32,329,69.69072164948453,1,24.505454545454544,1078.24,0
0,43,24,1135,17,56,45.4,2,2.719431818181818,119.655,0
0,44,24,970,14,66,38.8,2,3.372444444444444,151.76,0
0,43,10,260,6,31,23.63636363636364,2,1.8102272727272728,79.65,1
0,43,137,7768,49,585,56.289855072463766,1,43.45909090909091,1912.2,0
0,43,164,11725,53,243,71.06060606060606,1,8.232386363636364,362.225,0
0,43,85,6978,43,251,81.13953488372093,1,19.803068181818183,871.335,0
1,39,57,1215,23,111,20.948275862068964,2,4.372,174.88,1
0,42,103,10695,48,167,102.83653846153848,1,4.324883720930233,185.97,0
0,42,108,6078,30,179,55.76146788990825,1,10.764418604651162,462.87,0
0,40,32,3100,20,67,93.93939393939394,1,4.519024390243903,185.28,0
1,41,51,3250,22,97,62.5,2,5.429523809523809,228.04,1
1,42,54,2528,37,140,45.96363636363636,2,4.3500000000000005,187.05,1
0,42,12,393,8,35,30.23076923076923,2,1.772093023255814,76.2,1
0,42,35,1928,12,62,53.55555555555556,1,2.013372093023256,86.575,0
0,39,107,7045,28,164,65.23148148148148,1,3.7695,150.78,0
0,42,17,888,10,51,49.333333333333336,2,1.9215116279069768,82.625,1
0,42,14,598,8,41,39.86666666666667,1,0.8762790697674419,37.68,0
1,37,248,16335,86,349,65.60240963855422,1,21.41407894736842,813.735,0
1,40,126,7225,39,451,56.88976377952756,1,35.07414634146341,1438.04,0
0,42,92,3978,34,143,42.774193548387096,1,5.367441860465116,230.8,0
0,41,54,1925,26,133,35.0,2,6.932380952380953,291.16,0
0,42,63,3040,29,282,47.5,1,23.131046511627908,994.635,0
0,33,46,1575,17,271,33.51063829787234,1,26.37764705882353,896.84,0
0,32,49,1828,74,168,36.56,1,2.8986363636363635,95.655,0
0,33,35,960,13,73,26.666666666666668,2,4.111764705882353,139.8,0
0,32,20,1085,9,65,51.66666666666666,2,3.5643939393939394,117.625,0
0,31,42,1485,19,95,34.53488372093023,1,6.92859375,221.715,0
0,31,71,3485,29,123,48.40277777777778,1,7.32,234.24,0
0,24,36,1955,20,99,52.83783783783784,1,10.0656,251.64,0
0,23,151,6653,48,299,43.76973684210526,1,31.5075,756.18,0
0,21,181,9193,46,315,50.510989010989015,1,12.391363636363636,272.61,0
0,22,55,3113,25,126,55.58928571428572,1,13.509565217391303,310.72,0
0,15,50,4650,16,296,91.17647058823528,1,69.25,1108.0,0
1,15,29,1748,13,57,58.266666666666666,1,8.1925,131.08,1
0,32,61,4110,11,72,66.29032258064517,1,5.6877272727272725,187.695,0
0,33,0,0,0,0,0.0,2,0.0,0.0,0
0,31,50,2193,18,412,43.0,1,51.52921875,1648.935,0
0,32,56,3938,29,85,69.08771929824562,1,6.656666666666666,219.67,0
0,32,48,2133,27,75,43.53061224489796,1,3.635,119.955,0
0,32,72,3515,22,111,48.15068493150685,1,7.209545454545454,237.915,0
0,32,29,2100,12,311,70.0,1,35.30787878787879,1165.16,0
0,31,111,8855,37,277,79.0625,1,27.3325,874.64,0
0,32,159,13513,38,197,84.45625,1,16.57212121212121,546.88,0
0,32,73,4255,19,92,57.5,1,5.246060606060606,173.12,0
0,32,85,5658,6,91,65.79069767441861,1,7.831363636363636,258.435,0
0,32,44,1978,11,55,43.95555555555556,2,2.4509090909090907,80.88,0
0,32,215,14880,26,280,68.88888888888889,1,23.024242424242424,759.8,0
0,32,17,2835,2,487,157.5,1,60.18424242424242,1986.08,0
0,31,172,15225,24,331,88.00578034682081,1,40.63640625,1300.365,0
0,31,76,6240,20,267,81.03896103896103,1,29.27,936.64,0
0,31,4,615,5,9,123.0,2,0.87046875,27.855,0
0,32,4,450,2,6,90.0,2,0.6190909090909091,20.43,0
0,31,0,0,0,0,0.0,2,0.0,0.0,1
0,31,117,7248,37,523,61.42372881355932,1,62.24765625,1991.925,0
0,31,144,11205,41,185,77.27586206896552,1,14.18625,453.96,0
0,31,65,6458,31,189,97.84848484848484,1,22.25109375,712.035,0
1,27,37,695,11,49,18.289473684210527,2,1.337142857142857,37.44,1
0,30,83,10175,36,119,121.13095238095238,1,8.27258064516129,256.45,0
1,30,88,5558,18,117,62.4494382022472,1,9.79258064516129,303.57,1
0,28,12,2580,8,20,198.46153846153845,1,3.575172413793104,103.68,0
0,29,31,2730,10,41,85.3125,2,4.1415,124.245,1
1,30,34,2008,25,78,57.371428571428574,2,5.086451612903226,157.68,1
0,30,0,0,0,0,0.0,2,0.0,0.0,1
0,30,0,0,0,0,0.0,1,0.0,0.0,0
0,27,87,6525,16,103,74.14772727272727,1,5.903571428571429,165.3,0
1,30,0,0,0,0,0.0,2,0.0,0.0,1
1,30,0,0,0,0,0.0,1,0.0,0.0,1
0,25,228,15815,74,302,69.06113537117903,1,27.76673076923077,721.935,0
0,28,106,6705,27,389,62.66355140186916,1,50.29293103448276,1458.495,0
0,30,72,3458,22,94,47.36986301369863,1,5.124193548387097,158.85,0
0,29,34,1405,14,71,40.142857142857146,2,4.985333333333333,149.56,0
0,30,43,2520,17,220,57.27272727272727,1,26.946290322580648,835.335,0
0,21,26,1055,5,209,39.07407407407408,1,38.62022727272727,849.645,0
0,20,29,1308,62,106,43.6,1,3.3773809523809524,70.925,0
0,21,15,440,1,16,27.5,2,0.9306818181818184,20.475,0
0,20,0,0,0,6,0.0,2,0.7142857142857143,15.0,0
0,19,22,965,7,33,41.95652173913044,1,3.12075,62.415,0
0,19,51,2965,17,68,57.01923076923077,1,6.032,120.64,0
0,12,16,1435,8,37,84.41176470588235,1,9.522692307692308,123.795,0
0,11,131,6133,36,237,46.46212121212121,1,60.79333333333333,729.52,0
0,9,161,8673,34,253,53.53703703703704,1,36.585,365.85,0
0,10,35,2593,13,64,72.02777777777777,1,15.374545454545457,169.12,0
0,3,30,4130,4,234,133.2258064516129,1,241.6,966.4,0
1,3,9,1228,1,10,122.8,1,13.91625,55.665,1
0,41,79,4550,22,117,56.875,1,5.932380952380952,249.16,0
0,42,13,498,9,40,35.57142857142857,2,2.4184883720930235,103.995,0
0,40,68,2633,29,467,38.15942028985507,1,38.73268292682927,1588.04,0
0,41,74,4378,40,126,58.373333333333335,1,7.401428571428572,310.86,0
0,41,66,2573,38,117,38.40298507462686,1,5.158214285714286,216.645,0
0,41,90,3955,33,166,43.46153846153846,1,7.947619047619048,333.8,0
0,41,47,2540,23,366,52.91666666666666,1,30.654285714285717,1287.48,0
0,40,129,9295,48,332,71.5,1,24.31609756097561,996.96,0
0,41,177,13953,49,237,78.38764044943821,1,14.504761904761908,609.2,0
0,41,91,4695,30,134,51.03260869565217,1,5.796190476190477,243.44,0
0,41,103,6098,17,138,58.63461538461539,1,7.62,320.04,0
0,41,62,2418,22,103,38.38095238095238,2,4.171428571428571,175.2,0
0,41,233,15320,37,335,65.47008547008546,1,21.002857142857145,882.12,0
0,41,35,3275,13,542,90.97222222222224,1,50.2,2108.4,0
0,40,190,15665,35,386,82.01570680628272,1,35.072560975609754,1437.975,0
0,40,94,6680,31,322,70.3157894736842,1,25.82829268292683,1058.96,0
0,40,22,1055,16,49,45.869565217391305,2,2.3893902439024397,97.965,0
0,41,22,890,13,59,38.69565217391305,2,3.154285714285714,132.48,0
0,40,8,180,5,24,20.0,2,1.4136585365853658,57.96,1
0,40,135,7688,48,578,56.52941176470589,1,51.939878048780486,2129.535,0
0,40,162,11645,52,236,71.44171779141104,1,8.540853658536586,350.175,0
0,40,83,6898,42,244,82.11904761904762,1,20.723048780487805,849.645,0
1,36,55,1135,22,104,20.267857142857142,2,4.731081081081081,175.05,1
0,39,101,10615,47,160,104.0686274509804,1,4.468500000000001,178.74,0
0,39,106,5998,29,172,56.05607476635514,1,11.0295,441.18,0
0,37,30,3020,19,60,97.41935483870968,1,4.368421052631579,166.0,0
1,38,49,3170,21,90,63.4,2,5.352820512820513,208.76,1
1,39,52,2448,36,133,46.18867924528302,2,7.0,280.0,1
1,39,10,313,7,28,28.454545454545453,2,1.423,56.92,1
0,39,33,1848,11,55,54.35294117647059,1,2.981,119.24,0
0,36,105,6965,27,157,65.70754716981132,1,3.87972972972973,143.55,0
0,39,15,808,9,44,50.5,2,1.764375,70.575,1
0,39,12,518,7,34,39.84615384615385,1,0.76125,30.45,0
1,34,246,16255,85,342,65.80971659919028,1,22.62985714285714,792.045,0
0,37,124,7145,38,444,57.16,1,42.00276315789474,1596.105,0
0,39,90,3898,33,136,42.83516483516483,1,5.949,237.96,0
0,38,52,1845,25,126,34.81132075471698,2,6.971282051282051,271.88,0
0,39,61,2960,28,275,47.74193548387097,1,24.323625,972.945,0
1,30,44,1495,16,264,33.22222222222222,1,31.84693548387097,987.255,1
0,29,47,1748,73,161,36.41666666666666,1,4.9125,147.375,0
0,30,33,880,12,66,25.88235294117647,2,4.373709677419355,135.585,0
0,29,18,1005,8,58,52.89473684210526,2,3.5191666666666666,105.575,0
0,28,40,1405,18,88,34.26829268292683,1,6.897413793103448,200.025,0
0,28,69,3405,28,116,48.642857142857146,1,7.412413793103449,214.96,0
0,21,34,1875,19,92,53.57142857142857,1,11.882045454545452,261.405,0
0,20,149,6573,47,292,43.82,1,34.97571428571429,734.49,0
0,18,179,9113,45,308,50.62777777777778,1,23.27894736842105,442.3,0
0,19,53,3033,24,119,56.16666666666666,1,14.572,291.44,0
0,12,48,4570,15,289,93.26530612244898,1,83.7476923076923,1088.72,0
0,12,27,1668,12,50,59.57142857142857,1,8.6,111.8,1
0,35,63,4190,12,75,65.46875,1,4.725555555555555,170.12,0
0,36,0,0,0,0,0.0,2,0.0,0.0,0
0,34,52,2273,19,419,42.886792452830186,1,42.42857142857143,1485.0,0
0,35,58,4018,30,88,68.10169491525424,1,6.227222222222222,224.18,0
0,35,50,2213,28,78,43.3921568627451,1,3.457361111111111,124.465,0
0,35,74,3595,23,118,47.93333333333333,1,6.41,230.76,0
0,35,31,2180,13,318,68.125,1,32.90111111111111,1184.44,0
0,34,113,8935,38,284,78.37719298245614,1,25.54057142857143,893.92,0
0,35,161,13593,39,200,83.9074074074074,1,15.282222222222222,550.16,0
0,35,75,4335,20,95,57.03947368421053,1,4.9,176.4,0
0,35,87,5738,7,94,65.20454545454545,1,6.472222222222222,233.0,0
0,35,46,2058,12,58,43.7872340425532,2,2.3377777777777777,84.16,0
0,35,217,14960,27,287,68.62385321100918,1,21.641111111111112,779.08,0
0,35,19,2915,3,494,145.75,1,55.70444444444444,2005.36,0
0,34,174,15305,25,338,87.45714285714286,1,37.773,1322.055,0
0,34,78,6320,21,274,80.0,1,27.312,955.92,0
0,34,6,695,6,12,99.28571428571428,2,0.9012857142857144,31.545,0
0,35,6,530,3,11,75.71428571428571,2,0.8177777777777778,29.44,0
1,34,0,0,0,0,0.0,2,0.0,0.0,1
0,34,119,7328,38,530,61.06666666666667,1,57.53185714285714,2013.615,0
0,34,146,11285,42,188,76.7687074829932,1,8.165,285.775,0
0,34,67,6538,32,196,96.1470588235294,1,20.96357142857143,733.725,0
1,30,39,775,12,56,19.375,2,1.9074193548387095,59.13,1
0,33,85,10255,37,122,119.24418604651164,1,4.561764705882353,155.1,0
1,33,90,5638,19,124,61.95604395604396,1,9.566470588235294,325.26,1
0,31,14,2660,9,23,177.33333333333334,1,3.3425,106.96,0
0,32,33,2810,11,44,82.6470588235294,2,3.446060606060606,113.72,1
1,33,36,2088,26,85,56.43243243243244,2,5.2047058823529415,176.96,1
0,33,0,0,0,0,0.0,2,0.0,0.0,1
0,33,17,1488,1,18,82.66666666666667,1,1.7705882352941178,60.2,0
0,30,89,6605,17,109,73.38888888888889,1,3.384193548387097,104.91,0
0,33,0,0,0,0,0.0,2,0.0,0.0,1
0,33,0,0,0,0,0.0,1,0.0,0.0,0
0,28,230,15895,75,305,68.80952380952381,1,25.02155172413793,725.625,0
0,31,108,6785,28,396,62.24770642201835,1,46.25578125,1480.185,0
0,33,74,3538,23,97,47.17333333333333,1,4.780588235294117,162.54,0
0,32,36,1485,15,78,40.13513513513514,2,5.116363636363636,168.84,0
0,33,45,2600,18,227,56.52173913043478,1,25.206617647058824,857.025,0
0,24,28,1135,6,216,39.13793103448276,1,34.8534,871.335,0
0,23,31,1388,63,113,43.375,1,3.4572916666666664,82.975,0
0,24,17,520,2,19,28.88888888888889,2,0.9666,24.165,0
0,23,0,0,0,10,0.0,2,1.0416666666666667,25.0,0
0,22,24,1045,8,40,41.8,1,3.656739130434783,84.105,0
0,22,53,3045,18,71,56.388888888888886,1,5.3878260869565215,123.92,0
0,15,18,1515,9,44,79.73684210526316,1,9.0928125,145.485,0
0,14,133,6213,37,244,46.365671641791046,1,41.23800000000001,618.57,0
0,12,163,8753,35,260,53.3719512195122,1,29.069230769230767,377.9,0
0,13,37,2673,14,71,70.34210526315789,1,13.457142857142856,188.4,0
0,6,32,4210,5,241,127.57575757575758,1,140.81142857142856,985.68,0
0,6,11,1308,2,13,109.0,1,7.537142857142856,52.76,1
0,38,81,4970,32,139,60.609756097560975,1,7.847179487179487,306.04,0
0,39,15,918,19,62,57.375,2,3.733,149.32,0
0,37,70,3053,39,489,43.0,1,43.28736842105263,1644.92,0
0,38,76,4798,50,148,62.31168831168832,1,9.976153846153846,389.07,0
0,38,68,2993,48,139,43.3768115942029,1,6.185769230769231,241.245,0
0,38,92,4375,43,188,47.043010752688176,1,10.017435897435895,390.68,0
0,38,49,2960,33,388,59.2,1,34.47076923076923,1344.36,0
0,37,131,9715,58,354,73.59848484848484,1,27.73263157894737,1053.84,0
0,38,179,14373,59,259,79.85,1,17.07897435897436,666.08,0
0,38,93,5115,40,156,54.41489361702128,1,7.70051282051282,300.32,0
0,38,105,6518,27,160,61.490566037735846,1,9.664615384615384,376.92,0
0,38,64,2838,32,125,43.66153846153846,2,5.950769230769232,232.08,0
0,38,235,15740,47,357,66.69491525423729,1,24.07692307692308,939.0,0
0,38,37,3695,23,564,97.23684210526316,1,55.52,2165.28,0
0,37,192,16085,45,408,83.34196891191709,1,39.5253947368421,1501.965,0
0,37,96,7100,41,344,73.19587628865979,1,29.364210526315787,1115.84,0
0,37,24,1475,26,71,59.0,2,4.261973684210527,161.955,0
0,38,24,1310,23,81,52.4,2,4.855384615384616,189.36,0
0,37,10,600,15,46,54.54545454545455,2,3.2092105263157897,121.95,1
0,37,137,8108,58,600,58.7536231884058,1,51.310526315789474,1949.8,0
0,37,164,12065,62,258,73.12121212121212,1,10.150657894736844,385.725,0
0,37,85,7318,52,266,85.09302325581395,1,24.043026315789472,913.635,0
1,33,57,1555,32,126,26.810344827586206,2,6.249411764705882,212.48,1
0,36,103,11035,57,182,106.10576923076924,1,5.407297297297297,200.07,0
0,36,108,6418,39,194,58.88073394495413,1,13.653243243243244,505.17,0
0,34,32,3440,29,82,104.24242424242424,1,6.367999999999999,222.88,0
1,35,51,3590,31,112,69.03846153846153,2,7.378888888888889,265.64,1
1,36,54,2868,46,155,52.14545454545455,2,9.104864864864863,336.88,1
0,36,12,733,17,50,56.38461538461539,2,3.075675675675676,113.8,1
0,36,35,2268,21,77,63.0,1,2.975,110.075,0
0,33,107,7385,37,179,68.37962962962963,1,4.8494117647058825,164.88,0
0,36,17,1228,19,66,68.22222222222223,2,2.8682432432432434,106.125,1
0,36,14,938,17,56,62.53333333333333,1,1.3994594594594596,51.78,0
0,31,248,16675,95,364,66.96787148594377,1,26.75109375,856.035,0
0,34,126,7565,48,466,59.56692913385827,1,47.431285714285714,1660.095,0
0,36,92,4318,43,158,46.43010752688172,1,7.254054054054054,268.4,0
1,35,54,2265,35,148,41.18181818181818,2,9.132222222222222,328.76,1
0,36,63,3380,38,297,52.8125,1,28.02527027027027,1036.935,0
0,27,46,1915,26,286,40.74468085106383,1,37.54446428571429,1051.245,0
0,26,49,2168,83,183,43.36,1,6.775,182.925,0
0,27,35,1300,22,88,36.11111111111112,2,6.335714285714286,177.4,0
0,26,20,1425,18,80,67.85714285714286,2,5.226851851851852,141.125,0
0,25,42,1825,28,110,42.44186046511628,1,10.154423076923075,264.015,0
0,25,71,3825,38,138,53.125,1,10.455384615384617,271.84,0
0,18,36,2295,29,114,62.02702702702703,1,17.126052631578947,325.395,0
0,17,151,6993,57,314,46.00657894736842,1,44.36,798.48,0
0,15,181,9533,55,330,52.37912087912088,1,17.919375,286.71,0
0,16,55,3453,34,141,61.660714285714285,1,20.48941176470588,348.32,0
0,9,50,4990,25,311,97.84313725490196,1,114.56,1145.6,0
1,9,29,2088,22,72,69.6,1,16.868000000000002,168.68,1
0,38,61,3770,2,63,60.80645161290322,1,4.420384615384616,172.395,0
0,39,0,0,0,0,0.0,2,0.0,0.0,0
0,37,50,1853,9,397,36.333333333333336,1,42.27986842105263,1606.635,0
0,38,56,3598,20,76,63.12280701754386,1,5.153076923076923,200.97,0
0,38,48,1793,18,66,36.59183673469388,1,2.596282051282051,101.255,0
0,38,72,3175,13,96,43.49315068493151,1,4.458461538461538,173.88,0
0,38,29,1760,3,296,58.66666666666666,1,28.91179487179487,1127.56,0
0,37,111,8515,28,262,76.02678571428571,1,22.027368421052632,837.04,0
0,38,159,13173,29,188,82.33125,1,13.673846153846153,533.28,0
0,38,73,3915,10,83,52.9054054054054,1,4.09025641025641,159.52,0
0,38,85,5318,15,100,61.83720930232558,1,6.234230769230769,243.135,0
0,38,44,1638,2,46,36.4,2,1.725128205128205,67.28,0
0,38,215,14540,17,265,67.31481481481481,1,18.51794871794872,722.2,0
0,38,17,2495,7,486,138.61111111111111,1,49.96102564102564,1948.48,0
0,37,172,14885,15,316,86.04046242774567,1,33.10697368421053,1258.065,0
0,37,76,5900,11,252,76.62337662337663,1,23.658947368421053,899.04,0
0,37,4,275,1,5,55.0,2,0.3303947368421052,12.555,0
0,38,4,110,1,5,22.0,2,0.1315384615384615,5.13,0
0,37,117,6908,28,508,58.54237288135593,1,51.30592105263158,1949.625,0
0,37,144,10865,32,176,74.93103448275862,1,11.58842105263158,440.36,0
0,37,65,6118,22,174,92.6969696969697,1,17.624605263157896,669.735,0
0,33,37,355,2,39,9.342105263157896,2,0.5188235294117647,17.64,1
0,36,83,9835,27,110,117.08333333333331,1,6.701351351351351,247.95,0
1,36,88,5218,9,102,58.62921348314607,1,7.061351351351351,261.27,1
0,34,12,2240,4,16,172.30769230769232,1,2.573714285714286,90.08,0
0,35,31,2390,1,32,74.6875,2,2.69,96.84,1
0,36,34,1668,16,63,47.65714285714286,2,3.2454054054054056,120.08,1
0,36,0,0,0,0,0.0,2,0.0,0.0,1
0,36,15,1068,3,18,66.75,1,1.1708108108108108,43.32,0
0,33,87,6185,7,94,70.2840909090909,1,4.611764705882353,156.8,0
0,36,0,0,0,0,0.0,2,0.0,0.0,1
0,36,0,0,0,0,0.0,1,0.0,0.0,0
0,31,228,15475,65,293,67.5764192139738,1,22.08234375,706.635,0
0,34,106,6365,18,374,59.48598130841121,1,40.46271428571429,1416.195,0
0,36,72,3118,13,85,42.71232876712329,1,3.87972972972973,143.55,0
0,35,34,1065,5,56,30.428571428571427,2,3.11,111.96,0
0,36,43,2180,8,205,49.54545454545455,1,21.43337837837838,793.035,0
0,27,26,715,1,199,26.48148148148148,1,28.83375,807.345,0
0,26,29,968,53,91,32.266666666666666,1,1.7564814814814813,47.425,0
0,27,15,100,3,18,6.25,2,0.1848214285714285,5.175,0
0,26,0,0,0,0,0.0,2,0.0,0.0,0
0,25,22,625,2,24,27.17391304347826,1,1.1198076923076925,29.115,0
0,25,51,2625,8,59,50.48076923076923,1,4.116923076923078,107.04,0
0,18,16,1095,6,29,64.41176470588235,1,4.28921052631579,81.495,0
0,17,131,5793,27,222,43.88636363636363,1,37.656666666666666,677.82,0
0,15,161,8333,25,238,51.43827160493827,1,21.396875,342.35,0
0,16,35,2253,4,49,62.583333333333336,1,7.736470588235295,131.52,0
0,9,30,3790,23,247,122.25806451612904,1,92.88,928.8,0
1,9,9,888,3,12,88.8,1,3.588,35.88,1
0,39,77,4485,21,135,57.5,1,8.262,330.48,0
0,40,11,433,8,58,36.083333333333336,2,4.238048780487805,173.76,0
0,38,66,2568,28,485,38.32835820895522,1,42.80410256410256,1669.36,0
0,39,72,4313,39,144,59.08219178082192,1,10.566875,422.675,0
0,39,64,2508,37,135,38.58461538461538,1,6.718500000000001,268.74,0
0,39,88,3890,32,184,43.70786516853933,1,10.378,415.12,0
0,39,45,2475,22,384,53.80434782608695,1,21.3875,855.5,0
0,38,127,9230,47,350,72.109375,1,27.648205128205127,1078.28,0
0,39,175,13888,48,255,78.9090909090909,1,17.262999999999998,690.52,0
0,39,89,4630,29,152,51.44444444444444,1,8.119,324.76,0
0,39,101,6033,16,156,59.14705882352941,1,10.034,401.36,0
1,39,60,2353,21,121,38.57377049180328,2,6.412999999999999,256.52,0
0,39,231,15255,36,353,65.75431034482759,1,24.086,963.44,0
0,39,33,3210,12,560,94.41176470588236,1,34.214375000000004,1368.575,0
0,38,188,15600,34,404,82.53968253968254,1,39.21692307692308,1529.46,0
0,38,92,6615,30,340,71.12903225806451,1,29.23794871794872,1140.28,0
0,38,20,990,15,67,47.142857142857146,2,4.857692307692307,189.45,0
0,39,20,825,12,77,39.285714285714285,2,5.345000000000001,213.8,0
0,38,6,115,4,42,16.428571428571427,2,3.831923076923077,149.445,1
0,38,133,7623,47,596,56.88805970149254,1,50.621538461538464,1974.24,0
0,38,160,11580,51,254,71.92546583850931,1,10.282051282051285,401.0,0
0,38,81,6833,41,262,83.32926829268293,1,24.13153846153846,941.13,0
1,34,53,1070,21,122,19.814814814814813,2,6.769142857142857,236.92,1
0,37,99,10550,46,178,105.5,1,5.506184210526317,209.235,0
0,37,104,5933,28,190,56.50476190476191,1,12.46,473.48,0
0,35,28,2955,18,78,101.89655172413794,1,6.87,247.32,0
1,36,47,3105,20,108,64.6875,2,7.84,290.08,1
0,37,50,2383,35,151,46.72549019607843,2,5.942763157894737,225.825,1
0,37,8,248,6,46,27.55555555555556,2,3.637894736842105,138.24,1
0,37,31,1783,10,73,55.71875,1,3.298684210526316,125.35,0
0,34,103,6900,26,175,66.34615384615384,1,4.972714285714285,174.045,0
0,37,13,743,8,62,53.07142857142857,2,3.194736842105263,121.4,1
0,37,10,453,6,52,41.18181818181818,1,1.6038157894736842,60.945,0
0,32,244,16190,84,360,66.08163265306122,1,26.773636363636363,883.53,0
0,35,122,7080,37,462,57.5609756097561,1,41.66888888888889,1500.08,0
0,37,88,3833,32,154,43.06741573033708,1,7.706315789473684,292.84,0
0,36,50,1780,24,144,34.90196078431372,2,5.966216216216216,220.75,0
0,37,59,2895,27,293,48.25,1,28.011315789473684,1064.43,0
0,28,42,1430,15,282,33.25581395348837,1,33.064827586206896,958.88,0
0,27,45,1683,72,179,36.58695652173913,1,4.247142857142857,118.92,0
0,28,31,815,11,84,25.46875,2,6.96,201.84,0
0,27,16,940,7,76,55.294117647058826,2,5.585714285714286,156.4,0
0,26,38,1340,17,106,34.35897435897436,1,10.796666666666669,291.51,0
0,26,67,3340,27,134,49.11764705882353,1,10.973333333333333,296.28,0
0,19,32,1810,18,110,54.84848484848485,1,15.684,313.68,0
0,18,147,6508,46,310,43.972972972972975,1,43.47236842105264,825.975,0
0,16,177,9048,44,326,50.831460674157306,1,17.404411764705884,295.875,0
0,17,51,2968,23,137,57.07692307692308,1,20.70888888888889,372.76,0
0,10,46,4505,14,307,95.85106382978724,1,106.36727272727272,1170.04,0
0,10,25,1603,11,68,61.65384615384615,1,17.55636363636364,193.12,1
0,37,65,4255,13,78,64.46969696969697,1,5.11578947368421,194.4,0
0,38,0,0,0,0,0.0,2,0.0,0.0,0
0,36,54,2338,20,401,42.50909090909091,1,42.679459459459466,1579.14,0
0,37,60,4083,31,91,66.93442622950819,1,5.996447368421053,227.865,0
0,37,52,2278,29,81,42.9811320754717,1,3.372368421052632,128.15,0
0,37,76,3660,24,100,47.532467532467535,1,4.42421052631579,168.12,0
0,37,33,2245,14,300,66.02941176470588,1,29.02947368421052,1103.12,0
0,36,115,9000,39,266,77.58620689655173,1,21.96216216216216,812.6,0
0,37,163,13658,40,203,83.28048780487805,1,14.54842105263158,552.84,0
0,37,77,4400,21,98,56.41025641025641,1,4.712631578947369,179.08,0
0,37,89,5803,8,97,64.47777777777777,1,6.977368421052631,265.14,0
0,37,48,2123,13,61,43.326530612244895,2,2.285263157894737,86.84,0
0,37,219,15025,28,269,68.29545454545455,1,18.362105263157893,697.76,0
0,37,21,2980,4,476,135.45454545454547,1,50.63263157894737,1924.04,0
0,36,176,15370,26,320,86.8361581920904,1,33.258648648648645,1230.57,0
0,36,80,6385,22,256,78.82716049382717,1,23.63783783783784,874.6,0
0,36,8,760,7,15,84.44444444444444,2,0.934054054054054,34.56,0
0,37,8,595,4,12,66.11111111111111,2,0.7140789473684211,27.135,0
1,36,0,0,0,0,0.0,2,0.0,0.0,1
0,36,121,7393,39,512,60.59836065573771,1,51.94945945945946,1922.13,0
0,36,148,11350,43,191,76.1744966442953,1,12.43027027027027,459.92,0
0,36,69,6603,33,178,94.32857142857142,1,17.357837837837838,642.24,0
0,32,41,840,13,54,20.0,2,1.2013636363636364,39.645,1
0,35,87,10320,38,125,117.27272727272728,1,7.227083333333334,260.175,0
1,35,92,5703,20,112,61.32258064516129,1,7.243749999999999,260.775,1
0,33,16,2725,10,26,160.2941176470588,1,3.224705882352941,109.64,0
1,34,35,2875,12,47,79.86111111111111,2,3.741428571428571,130.95,1
0,35,38,2153,27,67,55.20512820512821,2,2.6566666666666667,95.64,1
0,35,19,1553,2,21,77.65,1,1.7466666666666668,62.88,0
0,32,91,6670,18,109,72.5,1,5.121969696969697,169.025,0
0,35,1,513,3,4,256.5,2,0.3569444444444444,12.85,1
0,35,0,0,0,0,0.0,1,0.0,0.0,0
0,30,232,15960,76,308,68.49785407725322,1,23.504516129032258,728.64,0
0,33,110,6850,29,378,61.71171171171172,1,40.84411764705882,1388.7,0
0,35,76,3603,24,100,46.79220779220779,1,4.59875,165.555,0
0,34,38,1550,16,60,39.74358974358975,2,2.5005714285714284,87.52,0
0,35,47,2665,19,209,55.520833333333336,1,21.265,765.54,0
0,26,30,1200,7,198,38.70967741935484,1,28.883333333333333,779.85,0
0,25,33,1453,64,97,42.73529411764706,1,1.428846153846154,37.15,0
0,26,19,585,3,22,29.25,2,1.0066666666666666,27.18,0
0,25,4,710,1,5,142.0,2,0.6865384615384615,17.85,0
0,24,26,1110,9,35,41.11111111111112,1,2.0448,51.12,0
0,24,55,3110,19,74,55.535714285714285,1,5.064,126.6,0
0,17,20,1580,10,30,75.23809523809524,1,4.0,72.0,0
0,16,135,6278,38,226,46.16176470588236,1,37.895,644.215,0
0,14,165,8818,36,242,53.12048192771084,1,21.805,327.075,0
0,15,39,2738,15,54,68.45,1,6.9425,111.08,0
0,8,34,4275,6,223,122.14285714285714,1,100.48444444444443,904.36,0
1,8,13,1373,3,16,98.07142857142856,1,6.93,62.37,1
0,38,72,4560,20,106,62.465753424657535,1,6.1866666666666665,241.28,0
0,39,6,508,7,29,72.57142857142857,2,2.37825,95.13,0
0,37,61,2643,27,456,42.62903225806452,1,41.58315789473684,1580.16,0
0,38,67,4388,38,115,64.52941176470588,1,7.692948717948718,300.025,0
0,38,59,2583,36,106,43.05,1,5.277179487179487,205.81,0
0,38,83,3965,31,155,47.20238095238095,1,8.356923076923078,325.92,0
0,38,40,2550,21,355,62.19512195121951,1,32.81025641025641,1279.6,0
0,37,122,9305,46,321,75.65040650406505,1,26.02842105263158,989.08,0
0,38,170,13963,47,226,81.65497076023392,1,15.41846153846154,601.32,0
0,38,84,4705,28,123,55.35294117647059,1,6.04,235.56,0
0,38,96,6108,15,127,62.96907216494845,1,8.004102564102565,312.16,0
1,38,55,2428,20,92,43.35714285714285,2,4.2902564102564105,167.32,0
0,38,226,15330,35,324,67.5330396475771,1,22.416410256410256,874.24,0
0,38,28,3285,11,531,113.27586206896552,1,53.85948717948718,2100.52,0
0,37,183,15675,33,375,85.19021739130434,1,37.60815789473684,1429.11,0
0,37,87,6690,29,311,76.02272727272727,1,27.66,1051.08,0
0,37,15,1065,14,38,66.5625,2,2.344736842105263,89.1,0
0,38,15,900,11,48,56.25,2,3.194871794871794,124.6,0
0,37,1,190,3,13,95.0,2,1.2919736842105265,49.095,1
0,37,128,7698,46,567,59.674418604651166,1,55.80710526315789,2120.67,0
0,37,155,11655,50,225,74.71153846153847,1,9.085526315789474,345.25,0
0,37,76,6908,40,233,89.71428571428571,1,22.12578947368421,840.78,0
1,33,48,1145,20,93,23.367346938775512,2,4.887794117647059,166.185,1
0,36,94,10625,45,149,111.84210526315788,1,4.750945945945946,175.785,0
0,36,99,6008,27,161,60.08,1,11.684189189189189,432.315,1
0,34,23,3030,17,49,126.25,1,4.517714285714286,158.12,0
1,35,42,3180,19,79,73.95348837209302,2,5.58,200.88,1
1,36,45,2458,34,122,53.43478260869565,2,7.354594594594594,272.12,1
0,36,3,323,5,17,80.75,2,1.3254054054054054,49.04,1
0,36,26,1858,9,44,68.81481481481481,1,3.0097297297297296,111.36,0
0,33,98,6975,25,146,70.45454545454545,1,4.135147058823529,140.595,0
0,36,8,818,7,33,90.88888888888889,2,1.7743243243243243,65.65,1
0,36,5,528,5,23,88.0,1,0.7431081081081081,27.495,0
0,31,239,16265,83,331,67.77083333333333,1,24.474375,783.18,0
0,34,117,7155,36,433,60.63559322033898,1,45.349714285714285,1587.24,0
0,36,83,3908,31,125,46.523809523809526,1,6.191756756756757,229.095,0
0,35,45,1855,23,115,40.32608695652174,2,7.333333333333333,264.0,0
0,36,54,2970,26,264,54.0,1,26.056216216216217,964.08,0
1,27,37,1505,14,253,39.60526315789474,1,34.9425,978.39,1
0,26,40,1758,71,150,42.8780487804878,1,5.275925925925925,142.45,0
0,27,26,890,10,55,32.96296296296296,2,4.525714285714286,126.72,0
0,26,11,1015,6,47,84.58333333333333,2,3.727777777777778,100.65,0
0,25,33,1415,16,77,41.61764705882353,1,7.352307692307692,191.16,0
0,25,62,3415,26,105,54.20634920634921,1,7.964615384615385,207.08,0
0,18,27,1885,17,81,67.32142857142857,1,13.29157894736842,252.54,0
0,17,142,6582,45,281,46.02797202797203,1,40.31,725.58,0
0,15,172,9122,43,297,52.72832369942196,1,27.334375,437.35,0
0,16,46,3042,22,108,64.72340425531915,1,16.677647058823528,283.52,0
0,9,41,4580,13,278,109.04761904761904,1,108.084,1080.84,0
0,9,20,1677,10,39,79.85714285714286,1,10.388,103.88,1
0,38,70,4180,14,84,58.87323943661972,1,4.358974358974359,170.0,0
0,39,4,128,1,5,25.6,2,0.1485,5.94,0
0,37,59,2263,21,430,37.71666666666667,1,39.28631578947369,1492.88,0
0,38,65,4008,32,97,60.72727272727273,1,5.743974358974358,224.015,0
0,38,57,2203,30,87,37.98275862068966,1,3.187179487179487,124.3,0
0,38,81,3585,25,129,43.71951219512195,1,6.118974358974358,238.64,0
0,38,38,2170,15,329,55.64102564102564,1,30.57230769230769,1192.32,0
0,37,120,8925,40,295,73.7603305785124,1,23.73157894736842,901.8,0
0,38,168,13583,41,209,80.37278106508876,1,14.103589743589742,550.04,0
0,38,82,4325,22,104,52.10843373493976,1,4.5200000000000005,176.28,0
0,38,94,5728,9,103,60.29473684210527,1,5.971282051282051,232.88,0
0,38,53,2048,14,67,37.92592592592592,2,2.154871794871795,84.04,0
0,38,224,14950,29,298,66.44444444444444,1,20.17846153846154,786.96,0
0,38,26,2905,5,505,107.5925925925926,1,51.621538461538464,2013.24,0
0,37,181,15295,27,349,84.03846153846153,1,35.02421052631579,1330.92,0
0,37,85,6310,23,285,73.37209302325581,1,25.36315789473684,963.8,0
0,37,13,685,8,21,48.92857142857143,2,0.8265789473684211,31.41,0
0,38,13,520,5,22,37.142857142857146,2,0.9569230769230768,37.32,0
0,37,126,7318,40,541,57.62204724409449,1,53.22315789473684,2022.48,0
0,37,153,11275,44,199,73.21428571428571,1,7.649999999999999,290.7,0
0,37,74,6528,34,207,87.04,1,19.54184210526316,742.59,0
0,33,46,765,14,67,16.27659574468085,2,1.9998529411764707,67.995,1
0,36,92,10245,39,131,110.16129032258064,1,4.190675675675676,155.055,0
0,36,97,5628,21,135,57.42857142857143,1,9.030405405405403,334.125,1
0,34,21,2650,11,32,120.45454545454544,1,3.0525714285714285,106.84,0
1,35,40,2800,13,53,68.29268292682927,2,3.1555555555555554,113.6,1
0,36,43,2078,28,96,47.22727272727273,2,4.995675675675676,184.84,1
0,36,24,1478,3,27,59.12,1,1.6237837837837836,60.08,0
0,33,96,6595,19,120,67.98969072164948,1,3.1725,107.865,0
0,36,6,438,1,7,62.57142857142857,2,0.3,11.1,1
0,36,0,0,0,0,0.0,1,0.0,0.0,0
0,31,237,15885,77,314,66.74369747899159,1,22.6715625,725.49,0
0,34,115,6775,30,407,58.4051724137931,1,42.544285714285714,1489.05,0
0,36,81,3528,25,106,43.02439024390244,1,4.389324324324324,162.405,0
0,35,43,1475,17,89,33.52272727272727,2,4.908888888888889,176.72,0
0,36,52,2590,20,238,48.86792452830189,1,23.40243243243243,865.89,0
0,27,35,1125,8,227,31.25,1,31.435714285714287,880.2,0
0,26,38,1378,65,124,35.333333333333336,1,3.255555555555556,87.9,0
0,27,24,510,4,29,20.4,2,1.0189285714285714,28.53,0
0,26,9,635,1,22,63.5,2,1.7074074074074077,46.1,0
0,25,31,1035,10,51,32.34375,1,3.5757692307692306,92.97,0
0,25,60,3035,20,80,49.75409836065574,1,4.7615384615384615,123.8,0
0,18,25,1505,11,55,57.88461538461539,1,8.123684210526315,154.35,0
0,17,140,6202,39,255,43.98581560283688,1,34.855,627.39,0
0,15,170,8742,37,271,51.12280701754386,1,23.925,382.8,0
0,16,44,2662,16,82,59.15555555555556,1,11.543529411764707,196.24,0
0,9,39,4200,7,252,105.0,1,99.356,993.56,0
0,9,18,1297,4,22,68.26315789473684,1,5.26,52.6,1
0,33,65,4370,16,81,66.21212121212122,1,5.86985294117647,199.575,0
0,34,4,318,3,7,63.6,2,0.414,14.49,0
0,32,54,2453,23,428,44.6,1,51.282272727272726,1692.315,0
0,33,60,4198,34,94,68.81967213114754,1,6.887941176470588,234.19,0
0,33,52,2393,32,84,45.15094339622642,1,3.955147058823529,134.475,0
0,33,76,3775,27,127,49.02597402597402,1,8.273382352941177,281.295,0
0,33,33,2360,17,327,69.41176470588235,1,35.40352941176471,1203.72,0
0,32,115,9115,42,293,78.57758620689656,1,27.67272727272728,913.2,0
0,33,163,13773,43,206,83.98170731707317,1,16.39529411764706,557.44,0
0,33,77,4515,24,101,57.88461538461539,1,5.402352941176471,183.68,0
0,33,89,5918,11,100,65.75555555555556,1,7.950441176470588,270.315,0
1,33,48,2238,16,64,45.67346938775511,2,2.6894117647058824,91.44,0
0,33,219,15140,31,296,68.81818181818181,1,23.481176470588235,798.36,0
0,33,21,3095,7,503,140.6818181818182,1,59.54823529411765,2024.64,0
0,32,176,15485,29,347,87.48587570621469,1,40.719545454545454,1343.745,0
0,32,80,6500,25,283,80.24691358024691,1,29.551515151515154,975.2,0
0,32,8,875,10,18,97.22222222222224,2,1.204090909090909,39.735,0
0,33,8,710,7,20,78.88888888888889,2,1.6120588235294118,54.81,0
0,32,0,0,0,0,0.0,2,0.0,0.0,1
0,32,121,7508,42,539,61.540983606557376,1,61.67590909090909,2035.305,0
0,32,148,11465,46,197,76.94630872483222,1,14.44,476.52,0
0,32,69,6718,36,205,95.97142857142858,1,22.89136363636364,755.415,0
1,28,41,955,16,65,22.73809523809524,2,2.786896551724137,80.82,1
0,31,87,10435,41,128,118.57954545454544,1,8.2203125,263.05,0
0,31,92,5818,23,133,62.55913978494624,1,10.8421875,346.95,1
0,29,16,2840,13,29,167.05882352941177,1,3.808,114.24,0
1,30,35,2990,15,51,83.05555555555556,2,4.536290322580645,140.625,1
1,31,38,2268,30,94,58.15384615384615,2,6.1325,196.24,1
1,31,0,0,0,0,0.0,2,0.0,0.0,1
0,31,19,1668,5,24,83.4,1,2.10875,67.48,0
0,28,91,6785,21,118,73.75,1,6.444827586206896,186.9,0
0,31,1,628,3,5,314.0,2,0.56953125,18.225,1
0,31,5,338,1,6,56.333333333333336,1,0.26796875,8.575,0
0,26,232,16075,79,311,68.99141630901288,1,27.17833333333333,733.815,0
0,29,110,6965,32,405,62.74774774774775,1,50.0625,1501.875,0
0,31,76,3718,27,103,48.285714285714285,1,5.3353125,170.73,0
0,30,38,1665,19,87,42.69230769230769,2,6.0683870967741935,188.12,0
0,31,47,2780,22,236,57.91666666666666,1,27.45984375,878.715,0
0,22,30,1315,10,225,42.41935483870968,1,38.827173913043474,893.025,0
0,21,33,1568,67,122,46.11764705882353,1,4.319318181818182,95.025,0
0,22,19,700,6,27,35.0,2,1.7980434782608694,41.355,0
0,21,4,825,2,19,165.0,2,2.419318181818182,53.225,0
0,20,26,1225,12,49,45.37037037037037,1,5.037857142857143,105.795,0
0,20,55,3225,22,77,57.58928571428572,1,6.247619047619047,131.2,0
0,13,20,1695,13,53,80.71428571428571,1,11.94107142857143,167.175,0
0,12,135,6392,41,253,47.0,1,60.191153846153846,782.485,0
0,10,165,8932,39,269,53.80722891566265,1,35.44772727272727,389.925,0
0,11,39,2852,18,80,71.3,1,17.30333333333333,207.64,0
0,4,34,4390,9,250,125.42857142857144,1,200.992,1004.96,0
0,4,13,1487,6,19,106.21428571428572,1,13.5,67.5,1
0,43,77,4370,18,108,56.02564102564103,1,5.224545454545455,229.88,0
0,44,11,318,5,31,26.5,2,1.6257777777777778,73.16,0
0,42,66,2453,25,458,36.61194029850746,1,36.48279069767442,1568.76,0
0,43,72,4198,36,117,57.50684931506849,1,6.4625,284.35,0
0,43,64,2393,34,108,36.815384615384616,1,3.535568181818182,155.565,0
0,43,88,3775,29,157,42.41573033707865,1,7.1481818181818175,314.52,0
0,43,45,2360,19,357,51.30434782608695,1,18.014204545454547,792.625,0
0,42,127,9115,44,323,71.2109375,1,22.73674418604651,977.68,0
0,43,175,13773,45,228,78.25568181818181,1,13.407272727272726,589.92,0
0,43,89,4515,26,125,50.16666666666666,1,5.094545454545455,224.16,0
0,43,101,5918,13,129,58.01960784313726,1,6.835454545454545,300.76,0
1,43,60,2238,18,94,36.68852459016394,2,3.5436363636363635,155.92,0
0,43,231,15140,33,326,65.25862068965517,1,19.61,862.84,0
0,43,33,3095,9,533,91.02941176470588,1,29.675,1305.7,0
0,42,188,15485,31,377,81.93121693121694,1,32.93686046511628,1416.285,0
0,42,92,6500,27,313,69.89247311827957,1,24.178604651162797,1039.68,0
0,42,20,875,12,40,41.66666666666666,2,1.7738372093023258,76.275,0
0,43,20,710,9,50,33.80952380952381,2,2.5727272727272728,113.2,0
0,42,0,0,0,8,0.0,2,0.8372093023255814,36.0,1
0,42,133,7508,44,569,56.02985074626866,1,43.57302325581396,1873.64,0
0,42,160,11465,48,227,71.2111801242236,1,7.863372093023256,338.125,0
0,42,81,6718,38,235,81.92682926829268,1,19.254767441860466,827.955,0
1,38,53,955,18,95,17.685185185185187,2,3.4953846153846158,136.32,1
0,41,99,10435,43,151,104.35,1,4.083571428571428,171.51,0
0,41,104,5818,25,163,55.40952380952381,1,8.878095238095238,372.88,0
0,39,28,2840,15,51,97.93103448275862,1,3.668,146.72,0
0,40,47,2990,17,81,62.29166666666666,2,4.621463414634146,189.48,1
1,41,50,2268,32,124,44.47058823529412,2,3.879761904761904,162.95,1
0,41,8,133,3,19,14.77777777777778,2,0.8961904761904762,37.64,1
0,41,31,1668,7,46,52.125,1,1.4875,62.475,0
0,38,103,6785,23,148,65.24038461538461,1,3.4953846153846158,136.32,0
0,41,13,628,5,35,44.85714285714285,2,1.3934523809523809,58.525,1
0,41,10,338,3,25,30.727272727272727,1,0.5528571428571428,23.22,0
0,36,244,16075,81,333,65.61224489795919,1,20.82040540540541,770.355,0
0,39,122,6965,34,435,56.6260162601626,1,34.987,1399.48,0
0,41,88,3718,29,127,41.7752808988764,1,4.577142857142857,192.24,0
0,40,50,1665,21,117,32.64705882352941,2,3.850609756097561,157.875,0
0,41,59,2780,24,266,46.333333333333336,1,22.64892857142857,951.255,0
1,32,42,1315,12,255,30.58139534883721,1,26.008484848484848,858.28,1
0,31,45,1568,69,152,34.08695652173913,1,2.53734375,81.195,0
0,32,31,700,8,57,21.875,2,3.067878787878788,101.24,0
0,31,16,825,4,49,48.52941176470589,2,2.92265625,93.525,0
0,30,38,1225,14,79,31.41025641025641,1,5.752741935483871,178.335,0
0,30,67,3225,24,107,47.4264705882353,1,6.312258064516129,195.68,0
0,23,32,1695,15,83,51.36363636363637,1,8.878333333333334,213.08,0
0,22,147,6392,43,283,43.18918918918919,1,30.98934782608696,712.755,0
0,20,177,8932,41,299,50.17977528089887,1,12.292142857142856,258.135,0
0,21,51,2852,20,110,54.84615384615385,1,12.36909090909091,272.12,0
0,14,46,4390,11,280,93.40425531914892,1,71.296,1069.44,0
1,14,25,1487,8,41,57.19230769230769,1,6.165333333333334,92.48,1
0,39,82,5080,17,129,61.20481927710844,1,8.162,326.48,0
0,40,16,1028,4,35,60.47058823529412,2,2.481951219512195,101.76,0
0,38,71,3163,24,462,43.93055555555556,1,40.95794871794872,1597.36,0
0,39,77,4908,35,121,62.92307692307692,1,8.091875,323.675,0
0,39,69,3103,33,112,44.32857142857143,1,4.6935,187.74,0
0,39,93,4485,28,161,47.712765957446805,1,8.578,343.12,0
0,39,50,3070,18,361,60.19607843137255,1,32.42,1296.8,0
0,38,132,9825,43,327,73.87218045112782,1,25.80205128205128,1006.28,0
0,39,180,14483,44,232,80.01657458563535,1,15.463,618.52,0
0,39,94,5225,25,129,55.0,1,6.319,252.76,0
0,39,106,6628,12,133,61.94392523364486,1,8.234,329.36,0
0,39,65,2948,17,98,44.66666666666666,2,4.613,184.52,0
1,39,236,15850,32,330,66.87763713080169,1,22.286,891.44,0
0,39,38,3805,8,537,97.56410256410255,1,52.943,2117.72,0
0,38,193,16195,30,381,83.47938144329896,1,37.14,1448.46,0
0,38,97,7210,26,317,73.57142857142857,1,27.391794871794872,1068.28,0
0,38,25,1585,11,44,60.96153846153846,2,2.7807692307692307,108.45,0
0,39,25,1420,8,54,54.61538461538461,2,3.5450000000000004,141.8,0
0,38,11,710,2,21,59.16666666666666,2,1.755,68.445,1
0,38,138,8218,43,573,59.12230215827338,1,48.77538461538462,1902.24,0
0,38,165,12175,47,231,73.3433734939759,1,9.128205128205128,356.0,0
0,38,86,7428,37,239,85.37931034482759,1,22.054615384615385,860.13,0
1,34,58,1665,17,99,28.220338983050848,2,4.712,164.92,1
0,37,104,11145,42,155,106.14285714285714,1,4.795657894736842,182.235,0
0,37,109,6528,24,167,59.345454545454544,1,11.88592105263158,451.665,0
0,35,33,3550,14,55,104.41176470588236,1,4.87,175.32,0
1,36,52,3700,16,85,69.81132075471699,2,5.894054054054054,218.08,1
1,37,55,2978,31,128,53.17857142857143,2,7.613684210526316,289.32,1
0,37,13,843,2,23,60.21428571428572,2,1.743157894736842,66.24,1
0,37,36,2378,6,50,64.27027027027027,1,2.1144736842105263,80.35,0
0,34,108,7495,22,152,68.76146788990826,1,4.201285714285714,147.045,0
1,37,18,1338,4,39,70.42105263157895,2,2.0105263157894737,76.4,1
0,37,15,1048,2,29,65.5,1,0.8932894736842105,33.945,0
1,32,249,16785,80,337,67.14,1,24.319090909090907,802.53,0
1,35,127,7675,33,439,59.9609375,1,39.66888888888889,1428.08,0
0,37,93,4428,28,131,47.1063829787234,1,5.811578947368421,220.84,0
0,36,55,2375,20,121,42.410714285714285,2,7.6,281.2,0
0,37,64,3490,23,270,53.69230769230769,1,25.879736842105263,983.43,0
0,28,47,2025,11,259,42.1875,1,30.58206896551724,886.88,0
0,27,50,2278,68,156,44.66666666666666,1,5.471428571428571,153.2,0
0,28,36,1410,7,61,38.108108108108105,2,4.477241379310345,129.84,0
0,27,21,1535,3,53,69.77272727272727,2,3.9785714285714286,111.4,0
0,26,43,1935,13,83,43.97727272727273,1,7.796666666666666,210.51,0
0,26,72,3935,23,111,53.9041095890411,1,8.306666666666667,224.28,0
0,19,37,2405,14,87,63.28947368421053,1,13.5945,271.89,0
0,18,152,7102,42,287,46.41830065359477,1,39.20684210526316,744.93,0
0,16,182,9642,40,303,52.68852459016394,1,15.81529411764706,268.86,0
0,17,56,3562,19,114,62.49122807017544,1,16.706666666666667,300.72,0
0,10,51,5100,10,284,98.07692307692308,1,99.82181818181816,1098.04,0
0,10,30,2197,7,45,70.87096774193549,1,11.007272727272728,121.08,1
0,37,60,3660,17,77,60.0,1,4.405263157894737,167.4,0
0,36,49,1743,24,407,34.86,1,42.80108108108109,1583.64,0
0,37,55,3488,35,90,62.285714285714285,1,5.128026315789474,194.865,0
0,37,47,1683,33,80,35.0625,1,2.503947368421053,95.15,0
0,37,71,3065,28,106,42.56944444444444,1,4.037894736842105,153.44,0
0,37,28,1650,18,306,56.89655172413793,1,29.13473684210526,1107.12,0
0,36,110,8405,43,272,75.72072072072072,1,22.07027027027027,816.6,0
0,37,158,13063,44,202,82.15723270440252,1,13.91684210526316,528.84,0
0,37,72,3805,25,97,52.12328767123287,1,4.081052631578948,155.08,0
0,37,84,5208,12,96,61.27058823529412,1,6.266842105263158,238.14,0
0,37,43,1528,17,60,34.72727272727273,2,1.653684210526316,62.84,0
0,37,214,14430,32,275,67.11627906976744,1,18.46736842105263,701.76,0
0,37,16,2385,8,482,140.2941176470588,1,50.7378947368421,1928.04,0
0,36,171,14775,30,326,85.90116279069767,1,33.380270270270266,1235.07,0
0,36,75,5790,26,262,76.1842105263158,1,23.745945945945948,878.6,0
0,36,3,165,11,14,41.25,2,0.2043243243243243,7.56,0
0,37,0,0,0,0,0.0,2,0.0,0.0,0
0,36,0,0,0,0,0.0,2,0.0,0.0,1
0,36,116,6798,43,518,58.1025641025641,1,52.07108108108108,1926.63,0
0,36,143,10755,47,190,74.6875,1,11.78162162162162,435.92,0
0,36,64,6008,37,184,92.43076923076924,1,17.47945945945946,646.74,0
0,32,36,245,17,53,6.621621621621622,2,0.3831818181818182,12.645,1
0,35,82,9725,42,124,117.1686746987952,1,6.810416666666667,245.175,0
0,35,87,5108,24,112,58.04545454545455,1,6.61875,238.275,1
0,33,11,2130,14,25,177.5,1,2.518823529411765,85.64,0
1,34,30,2280,16,46,73.54838709677419,2,2.97,103.95,1
0,35,33,1558,31,73,45.8235294117647,2,2.767777777777778,99.64,1
0,35,0,0,0,0,0.0,2,0.0,0.0,1
0,35,14,958,6,20,63.86666666666667,1,1.08,38.88,0
0,32,86,6075,22,108,69.82758620689656,1,4.667424242424243,154.025,0
0,35,0,0,0,0,0.0,2,0.0,0.0,1
0,35,0,0,0,0,0.0,1,0.0,0.0,0
0,30,227,15365,80,307,67.39035087719299,1,22.633548387096774,701.64,0
0,33,105,6255,33,384,59.00943396226416,1,40.976470588235294,1393.2,0
0,35,71,3008,28,99,41.77777777777778,1,3.84875,138.555,0
0,34,33,955,20,66,28.08823529411765,2,2.6148571428571428,91.52,0
0,35,42,2070,23,215,48.13953488372093,1,21.39,770.04,0
0,26,25,605,11,204,23.26923076923077,1,29.05,784.35,0
0,25,28,858,68,101,29.58620689655172,1,1.3326923076923076,34.65,0
0,26,0,0,0,0,0.0,2,0.0,0.0,0
0,25,0,0,0,0,0.0,2,0.0,0.0,0
0,24,21,515,13,34,23.40909090909091,1,0.9648,24.12,0
0,24,50,2515,23,73,49.31372549019608,1,4.104,102.6,0
0,17,15,985,14,32,61.5625,1,3.25,58.5,0
0,16,130,5682,42,232,43.37404580152672,1,38.215294117647055,649.66,0
0,14,160,8222,40,248,51.06832298136646,1,21.97,329.55,0
0,15,34,2142,19,59,61.2,1,6.94,111.04,0
0,8,29,3680,10,229,122.66666666666669,1,100.92888888888888,908.36,0
0,8,8,777,7,15,86.33333333333333,1,3.488888888888889,31.4,1
1,38,54,2238,17,79,40.69090909090909,2,3.171282051282052,123.68,0
0,37,14,875,11,25,58.333333333333336,2,1.052763157894737,40.005,0
0,33,47,955,17,80,19.89583333333333,2,3.4438235294117647,117.09,1
1,36,93,10435,42,136,111.01063829787236,1,4.308648648648648,159.42,0
0,36,98,5818,24,148,58.76767676767677,1,10.3572972972973,383.22,1
1,35,41,2990,16,66,71.19047619047619,2,4.367777777777778,157.24,1
0,36,44,2268,31,109,50.4,2,6.175135135135135,228.48,1
0,36,7,628,4,20,78.5,2,1.037162162162162,38.375,1
0,31,238,16075,80,318,67.25941422594143,1,22.94015625,734.085,0
1,27,36,1315,11,240,35.54054054054054,1,33.18910714285714,929.295,1
0,26,10,825,3,34,75.0,2,2.717592592592593,73.375,0
0,17,141,6392,42,268,45.014084507042256,1,37.5825,676.485,0
0,15,171,8932,40,284,51.93023255813954,1,25.6296875,410.075,0
0,16,45,2852,19,95,62.0,1,14.110588235294117,239.88,0
0,9,19,1487,7,26,74.35,1,6.024,60.24,1
0,36,93,10435,42,136,111.01063829787236,1,4.308648648648648,159.42,0
1,31,238,16075,80,318,67.25941422594143,1,22.94015625,734.085,0
1,9,19,1487,7,26,74.35,1,6.024,60.24,1
0,36,65,4065,15,80,61.59090909090909,1,5.022972972972973,185.85,0
0,35,54,2148,22,428,39.054545454545455,1,46.7525,1683.09,0
0,36,60,3893,33,93,63.81967213114754,1,5.876081081081081,217.415,0
0,36,52,2088,31,83,39.39622641509434,1,3.181081081081081,117.7,0
0,36,76,3470,26,127,45.06493506493506,1,7.353243243243243,272.07,0
0,36,33,2055,16,327,60.44117647058823,1,32.31135135135135,1195.52,0
0,35,115,8810,41,293,75.94827586206897,1,25.13888888888889,905.0,0
0,36,163,13468,42,205,82.1219512195122,1,14.736216216216215,545.24,0
0,36,77,4210,23,100,53.97435897435897,1,4.634594594594594,171.48,0
0,36,89,5613,10,99,62.36666666666667,1,6.934864864864864,256.59,0
0,36,48,1933,15,64,39.44897959183673,2,2.2497297297297294,83.24,0
0,36,219,14835,30,296,67.43181818181819,1,21.355675675675677,790.16,0
0,36,21,2790,6,503,126.8181818181818,1,54.498378378378376,2016.44,0
0,35,176,15180,28,347,85.76271186440678,1,37.07,1334.52,0
0,35,80,6195,24,283,76.48148148148148,1,26.86111111111111,967.0,0
0,35,8,570,9,17,63.333333333333336,2,0.7225,26.01,0
0,36,8,405,6,20,45.0,2,1.232027027027027,45.585,0
0,35,121,7203,41,539,59.040983606557376,1,56.28,2026.08,0
0,35,148,11160,45,197,74.8993288590604,1,13.008888888888889,468.32,0
0,35,69,6413,35,205,91.61428571428571,1,20.727500000000003,746.19,0
0,31,41,650,15,65,15.476190476190476,2,2.23734375,71.595,1
0,34,87,10130,40,127,115.11363636363636,1,7.297857142857143,255.425,0
1,34,92,5513,22,133,59.27956989247312,1,9.649285714285716,337.725,1
0,32,16,2535,12,28,149.11764705882354,1,3.0921212121212123,102.04,0
0,33,35,2685,14,51,74.58333333333333,2,3.864705882352941,131.4,1
0,34,38,1963,29,94,50.333333333333336,2,5.372571428571429,188.04,1
0,34,19,1363,4,23,68.15,1,1.5794285714285714,55.28,0
0,31,91,6480,20,118,70.43478260869566,1,5.68046875,181.775,0
0,34,1,323,2,5,161.5,2,0.3742857142857143,13.1,1
0,29,232,15770,78,310,67.6824034334764,1,24.003,720.09,0
0,32,110,6660,31,405,60.0,1,45.23181818181818,1492.65,0
0,34,76,3413,26,102,44.324675324675326,1,4.485857142857142,157.005,0
0,33,38,1360,18,87,34.87179487179487,2,5.291764705882352,179.92,0
0,34,47,2475,21,236,51.5625,1,24.84257142857143,869.49,0
1,25,30,1010,9,225,32.58064516129032,1,33.99230769230769,883.8,1
0,24,33,1263,66,122,37.14705882352941,1,3.596,89.9,0
0,25,19,395,5,27,19.75,2,1.235769230769231,32.13,0
0,24,4,520,1,19,104.0,2,1.924,48.1,0
0,23,26,920,11,49,34.07407407407408,1,4.02375,96.57,0
0,23,55,2920,21,77,52.142857142857146,1,5.125,123.0,0
0,16,20,1390,12,53,66.19047619047619,1,9.291176470588235,157.95,0
0,15,135,6088,40,253,44.76470588235294,1,48.2040625,771.265,0
0,13,165,8628,38,269,51.97590361445784,1,27.4875,384.825,0
0,14,39,2548,17,80,63.7,1,13.298666666666666,199.48,0
0,7,34,4085,8,250,116.71428571428572,1,124.595,996.76,0
1,7,13,1183,5,18,84.5,2,6.7275,53.82,1
0,38,68,4125,17,88,59.78260869565217,1,5.184230769230769,202.185,0
0,39,2,73,4,11,24.33333333333333,1,0.646875,25.875,0
0,37,57,2208,24,438,38.06896551724138,1,44.95855263157895,1708.425,0
0,38,63,3953,35,98,61.765625,1,5.663589743589744,220.88,0
0,38,55,2148,33,88,38.35714285714285,1,3.106794871794872,121.165,0
0,38,79,3530,28,137,44.125,1,6.7784615384615385,264.36,0
0,38,36,2115,18,337,57.16216216216216,1,31.23179487179487,1218.04,0
0,37,118,8870,43,303,74.53781512605042,1,24.408421052631574,927.52,0
0,38,166,13528,44,210,81.0059880239521,1,14.045128205128204,547.76,0
0,38,80,4270,25,105,52.71604938271605,1,4.461538461538462,174.0,0
0,38,92,5673,12,109,61.0,1,7.228846153846154,281.925,0
0,38,51,1993,17,74,38.32692307692308,1,2.711794871794872,105.76,0
0,38,222,14895,32,306,66.79372197309416,1,20.83794871794872,812.68,0
0,38,24,2850,8,513,114.0,1,52.28102564102564,2038.96,0
0,37,179,15240,30,357,84.66666666666667,1,35.78565789473684,1359.855,0
0,37,83,6255,26,293,74.46428571428571,1,26.04,989.52,0
0,37,11,630,11,22,52.5,1,0.7590789473684211,28.845,0
0,38,11,465,8,30,38.75,1,1.8184615384615384,70.92,0
0,37,0,0,0,0,0.0,1,0.0,0.0,1
0,37,124,7263,43,549,58.104,1,53.984605263157896,2051.415,0
0,37,151,11220,47,207,73.8157894736842,1,12.916842105263155,490.84,0
0,37,72,6473,37,215,88.67123287671232,1,20.30328947368421,771.525,0
1,33,44,710,17,75,15.77777777777778,1,2.8508823529411766,96.93,1
0,36,90,10190,42,132,111.97802197802196,1,6.945945945945946,257.0,0
1,36,95,5573,24,143,58.052083333333336,1,9.812432432432432,363.06,1
0,34,19,2595,14,33,129.75,1,2.9874285714285715,104.56,0
0,35,38,2745,16,61,70.38461538461539,1,3.87,139.32,1
1,36,41,2023,31,104,48.16666666666666,1,5.690810810810811,210.56,1
0,36,0,0,0,0,0.0,1,0.0,0.0,1
0,36,22,1423,6,28,61.869565217391305,1,1.5621621621621622,57.8,0
0,33,94,6540,22,128,68.84210526315789,1,5.760294117647058,195.85,0
0,36,4,383,4,15,76.6,1,0.7344594594594595,27.175,1
0,36,1,93,2,5,46.5,1,0.1191891891891891,4.41,0
0,31,235,15830,80,315,67.07627118644068,1,22.59140625,722.925,0
0,34,113,6720,33,415,58.94736842105263,1,43.371,1517.985,0
0,36,79,3473,28,107,43.4125,1,4.32,159.84,0
0,35,41,1420,20,97,33.80952380952381,1,5.623333333333333,202.44,0
0,36,50,2535,23,246,49.70588235294117,1,24.18445945945946,894.825,0
1,27,33,1070,11,235,31.47058823529412,1,32.46910714285714,909.135,0
0,26,36,1323,68,132,35.75675675675676,1,3.850925925925926,103.975,0
0,27,22,455,7,37,19.782608695652176,1,2.0523214285714286,57.465,0
0,26,7,580,3,29,72.5,1,2.3027777777777776,62.175,0
0,25,29,980,13,59,32.666666666666664,1,4.688653846153846,121.905,0
0,25,58,2980,23,87,50.50847457627118,1,5.596923076923077,145.52,0
0,18,23,1450,14,63,60.41666666666666,1,9.64657894736842,183.285,0
1,17,138,6148,42,263,44.23021582733813,1,44.568333333333335,802.23,0
0,15,168,8688,40,279,51.40828402366864,1,24.93125,398.9,0
0,16,42,2608,19,90,60.65116279069768,1,13.058823529411764,222.0,0
0,9,37,4145,10,260,109.07894736842104,1,101.928,1019.28,0
1,9,16,1243,7,23,73.11764705882354,1,5.036,50.36,1
0,34,62,4005,13,75,63.57142857142857,1,5.228999999999999,183.015,0
0,33,51,2088,20,418,40.15384615384615,1,48.7575,1657.755,0
0,34,57,3833,31,88,66.08620689655173,1,5.001428571428572,175.05,0
0,34,49,2028,29,78,40.56,1,3.263857142857143,114.235,0
0,34,73,3410,24,117,46.08108108108108,1,7.049571428571429,246.735,0
0,34,30,1995,14,317,64.35483870967742,1,33.51428571428571,1173.0,0
0,33,112,8750,39,283,77.43362831858407,1,25.95529411764706,882.48,0
0,34,160,13408,40,200,83.27950310559007,1,15.506285714285715,542.72,0
0,34,74,4150,21,95,55.333333333333336,1,4.827428571428571,168.96,0
0,34,86,5553,8,94,63.82758620689656,1,7.2501428571428574,253.755,0
0,34,45,1873,13,58,40.71739130434783,2,2.192,76.72,0
0,34,216,14775,28,286,68.08755760368663,1,24.674142857142854,863.595,0
0,34,18,2730,4,493,143.68421052631578,1,56.969142857142856,1993.92,0
0,33,173,15120,26,337,86.89655172413794,1,38.50544117647058,1309.185,0
0,33,77,6135,22,273,78.65384615384616,1,27.778823529411767,944.48,0
0,33,5,510,7,12,85.0,2,0.6816176470588236,23.175,0
0,34,5,345,4,10,57.5,2,0.5785714285714286,20.25,0
0,33,118,7143,39,529,60.02521008403362,1,58.84544117647059,2000.745,0
0,33,145,11100,43,188,76.02739726027397,1,13.229411764705883,449.8,0
0,33,66,6353,33,195,94.82089552238806,1,21.201617647058825,720.855,0
0,29,38,590,13,55,15.128205128205128,2,1.542,46.26,1
0,32,84,10070,38,122,118.47058823529412,1,7.692424242424242,253.85,0
1,32,89,5453,20,123,60.58888888888889,1,9.466363636363637,312.39,1
0,30,13,2475,10,23,176.78571428571428,1,3.210322580645161,99.52,0
1,31,32,2625,12,44,79.54545454545455,2,3.73640625,119.565,1
0,32,35,1903,27,84,52.86111111111112,2,5.015757575757576,165.52,1
1,32,0,0,0,0,0.0,2,0.0,0.0,1
0,32,16,1303,2,18,76.6470588235294,1,1.5987878787878786,52.76,0
0,29,88,6420,18,108,72.13483146067416,1,5.59,167.7,0
0,32,1,263,1,2,131.5,2,0.32,10.56,1
0,32,0,0,0,0,0.0,1,0.0,0.0,0
0,27,229,15710,76,305,68.30434782608695,1,25.61625,717.255,0
0,30,107,6600,29,395,61.11111111111112,1,47.332741935483874,1467.315,0
0,32,73,3353,24,97,45.310810810810814,1,4.671818181818182,154.17,0
0,31,35,1300,16,77,36.11111111111112,2,4.91875,157.4,0
0,32,44,2415,19,226,53.66666666666666,1,25.580454545454543,844.155,0
0,23,27,950,7,215,33.92857142857143,1,35.769375000000004,858.465,0
0,22,30,1203,64,112,38.80645161290322,1,3.2967391304347826,75.825,0
0,23,16,335,3,19,19.705882352941178,2,0.658125,15.795,0
0,22,0,0,0,9,0.0,2,0.9782608695652174,22.5,0
0,21,23,860,9,39,35.833333333333336,1,3.2379545454545453,71.235,0
0,21,52,2860,19,71,53.9622641509434,1,5.294545454545455,116.48,0
0,14,17,1330,10,43,73.88888888888889,1,8.841000000000001,132.615,0
0,13,132,6028,38,243,45.32330827067669,1,52.87857142857143,740.3,0
0,11,162,8568,36,259,52.56441717791411,1,30.89583333333333,370.75,0
0,12,36,2488,15,70,67.24324324324324,1,13.612307692307692,176.96,0
0,5,31,4025,6,240,125.78125,1,162.3733333333333,974.24,0
1,5,10,1123,3,13,102.0909090909091,2,8.4975,50.985,1
0,40,67,4145,19,94,60.95588235294117,1,5.500975609756098,225.54,0
0,41,1,93,6,17,46.5,2,1.1721428571428572,49.23,0
0,39,56,2228,26,444,39.08771929824562,1,43.2945,1731.78,0
0,40,62,3973,37,103,63.06349206349206,1,4.867682926829268,199.575,0
0,40,54,2168,35,94,39.41818181818182,1,3.6514634146341463,149.71,0
0,40,78,3550,30,143,44.936708860759495,1,6.954146341463415,285.12,0
0,40,35,2135,20,343,59.30555555555556,1,30.214634146341464,1238.8,0
0,39,117,8890,45,309,75.33898305084746,1,23.707,948.28,0
0,40,165,13548,46,214,81.6144578313253,1,13.67121951219512,560.52,0
0,40,79,4290,27,111,53.625,1,4.750243902439024,194.76,0
0,40,91,5693,14,115,61.880434782608695,1,7.445853658536585,305.28,0
0,40,50,2013,19,80,39.47058823529412,2,3.085853658536585,126.52,0
0,40,221,14915,34,312,67.18468468468468,1,20.32780487804878,833.44,0
0,40,23,2870,10,519,119.58333333333331,1,50.237073170731705,2059.72,0
0,39,178,15260,32,363,85.25139664804469,1,34.58025,1383.21,0
0,39,82,6275,28,299,75.60240963855422,1,25.257,1010.28,0
0,39,10,650,13,26,59.09090909090909,2,1.08,43.2,0
0,40,10,485,10,36,44.09090909090909,2,2.299390243902439,94.275,0
0,39,0,0,0,3,0.0,2,0.3375,13.5,1
0,39,123,7283,45,555,58.733870967741936,1,51.86925,2074.77,0
0,39,150,11240,49,213,74.43708609271523,1,12.79,511.6,0
0,39,71,6493,39,221,90.18055555555556,1,19.872,794.88,0
0,35,43,730,19,81,16.59090909090909,2,3.34125,120.285,1
0,38,89,10210,44,137,113.44444444444444,1,6.858333333333334,267.475,0
0,38,94,5593,26,149,58.87368421052632,1,9.908076923076925,386.415,1
0,36,18,2615,16,37,137.6315789473684,1,3.170810810810811,117.32,0
1,37,37,2765,18,67,72.76315789473684,2,4.73921052631579,180.09,1
0,38,40,2043,33,110,49.829268292682926,2,5.931282051282051,231.32,1
0,38,0,0,0,3,0.0,2,0.3076923076923077,12.0,1
0,38,21,1443,8,32,65.5909090909091,1,1.8092307692307688,70.56,0
0,35,93,6560,24,134,69.7872340425532,1,5.800694444444444,208.825,0
1,38,3,403,6,21,100.75,2,1.0294871794871794,40.15,1
0,38,0,0,0,7,0.0,1,0.2692307692307692,10.5,0
0,33,234,15850,82,319,67.44680851063829,1,21.68470588235294,737.28,0
0,36,112,6740,35,421,59.64601769911504,1,41.65783783783784,1541.34,0
0,38,78,3493,30,113,44.21518987341772,1,4.697307692307692,183.195,0
0,37,40,1440,22,103,35.1219512195122,2,5.873684210526315,223.2,0
0,38,49,2555,25,252,51.1,1,23.54307692307692,918.18,0
0,29,32,1090,13,241,33.03030303030303,1,31.083,932.49,0
0,28,35,1343,70,138,37.30555555555556,1,4.032758620689656,116.95,0
0,29,21,475,9,43,21.59090909090909,2,2.694,80.82,0
0,28,6,600,5,35,85.71428571428571,2,2.591379310344828,75.15,0
0,27,28,1000,15,65,34.48275862068966,1,5.187857142857142,145.26,0
0,27,57,3000,25,93,51.72413793103448,1,5.938571428571429,166.28,0
0,20,22,1470,16,69,63.91304347826087,1,9.84,206.64,0
0,19,137,6168,44,269,44.69565217391305,1,41.53875,830.775,0
0,17,167,8708,42,285,51.833333333333336,1,22.881944444444443,411.875,0
0,18,41,2628,21,96,62.57142857142857,1,12.776842105263157,242.76,0
0,11,36,4165,12,266,112.56756756756756,1,86.67,1040.04,0
1,11,15,1263,9,27,78.9375,1,5.26,63.12,1
0,32,63,3985,11,74,62.265625,1,5.52,182.16,0
0,31,52,2068,18,412,39.0188679245283,1,51.075,1634.4,0
0,32,58,3813,29,87,64.62711864406779,1,6.451666666666667,212.905,0
0,32,50,2008,27,77,39.372549019607845,1,3.43,113.19,0
0,32,74,3390,22,111,45.2,1,6.769090909090909,223.38,0
0,32,31,1975,12,311,61.71875,1,34.916363636363634,1152.24,0
0,31,113,8730,37,277,76.57894736842105,1,26.92875,861.72,0
0,32,161,13388,38,199,82.64197530864197,1,16.423030303030306,541.96,0
0,32,75,4130,19,94,54.3421052631579,1,5.096969696969697,168.2,0
0,32,87,5533,6,93,62.875,1,7.663636363636364,252.9,0
0,32,46,1853,11,57,39.42553191489362,2,2.3018181818181818,75.96,0
0,32,217,14755,26,280,67.68348623853211,1,22.632727272727276,746.88,0
0,32,19,2710,2,487,135.5,1,59.79272727272728,1973.16,0
0,31,174,15100,24,331,86.28571428571429,1,40.1821875,1285.83,0
0,31,78,6115,20,267,77.40506329113924,1,28.86625,923.72,0
0,31,6,490,5,11,70.0,2,0.6975,22.32,0
0,32,6,325,2,8,46.42857142857143,2,0.4513636363636363,14.895,0
0,31,119,7123,37,523,59.35833333333333,1,61.7934375,1977.39,0
0,31,146,11080,41,187,75.37414965986395,1,14.0325,449.04,0
0,31,67,6333,31,189,93.13235294117646,1,21.796875,697.5,0
0,27,39,570,11,50,14.25,2,0.97875,27.405,1
0,30,85,10050,36,121,116.86046511627907,1,8.173387096774194,253.375,0
0,30,90,5433,18,117,59.7032967032967,1,9.323709677419355,289.035,1
0,28,14,2455,8,22,163.66666666666666,1,3.4055172413793104,98.76,0
1,29,33,2605,10,43,76.61764705882354,2,3.957,118.71,1
0,30,36,1883,25,78,50.891891891891895,2,4.669677419354838,144.76,1
0,30,0,0,0,0,0.0,2,0.0,0.0,1
0,30,17,1283,5,22,71.27777777777777,1,1.6774193548387095,52.0,0
0,27,89,6400,16,105,71.11111111111111,1,5.79375,162.225,0
0,30,0,0,0,0,0.0,1,0.0,0.0,0
0,25,230,15690,74,304,67.92207792207792,1,27.553846153846152,716.4,0
0,28,108,6580,27,389,60.36697247706422,1,49.79172413793104,1443.96,0
0,30,74,3333,22,96,44.44,1,4.945645161290322,153.315,0
0,29,36,1280,14,71,34.5945945945946,2,4.554666666666666,136.64,0
0,30,45,2395,17,220,52.06521739130435,1,26.47741935483871,820.8,0
0,21,28,930,5,209,32.06896551724138,1,37.959545454545456,835.11,0
0,20,31,1183,62,106,36.96875,1,2.992857142857143,62.85,0
0,21,17,315,1,18,17.5,2,0.6790909090909091,14.94,0
0,20,0,0,0,4,0.0,2,0.4761904761904761,10.0,0
0,19,24,840,7,33,33.6,1,2.394,47.88,0
0,19,53,2840,17,70,52.5925925925926,1,5.786,115.72,0
0,12,18,1310,8,37,68.94736842105263,1,8.404615384615385,109.26,0
0,11,133,6008,36,237,44.83582089552239,1,59.312916666666666,711.755,0
0,9,163,8548,34,253,52.1219512195122,1,35.7775,357.775,0
0,10,37,2468,13,64,64.94736842105263,1,14.2,156.2,0
0,3,32,4005,4,234,121.36363636363636,1,238.37,953.48,0
0,3,11,1103,1,12,91.91666666666669,1,12.5325,50.13,1
0,42,75,4325,21,109,56.9078947368421,1,5.3023255813953485,228.0,0
0,43,9,273,8,32,27.3,2,1.8225,80.19,0
0,41,64,2408,28,459,37.04615384615385,1,37.30666666666667,1566.88,0
0,42,70,4153,39,118,58.49295774647887,1,6.552674418604651,281.765,0
0,42,62,2348,37,109,37.26984126984127,1,4.361627906976745,187.55,0
0,42,86,3730,32,158,42.87356321839081,1,7.270697674418605,312.64,0
0,42,43,2315,22,358,52.61363636363637,1,29.449302325581392,1266.32,0
0,41,125,9070,47,324,71.98412698412699,1,23.23333333333333,975.8,0
0,42,173,13728,48,229,78.89655172413794,1,13.6753488372093,588.04,0
0,42,87,4470,29,126,50.79545454545455,1,5.169302325581396,222.28,0
0,42,99,5873,16,130,58.73,1,6.950697674418604,298.88,0
1,42,58,2193,21,95,37.16949152542373,2,3.5823255813953487,154.04,0
0,42,229,15095,36,327,65.6304347826087,1,20.02232558139535,860.96,0
0,42,31,3050,12,534,95.3125,1,48.540465116279066,2087.24,0
0,41,186,15440,34,378,82.56684491978609,1,33.67071428571429,1414.17,0
0,41,90,6455,30,314,70.93406593406593,1,24.70952380952381,1037.8,0
0,41,18,830,15,41,43.68421052631579,2,1.7657142857142856,74.16,0
0,42,18,665,12,51,35.0,2,2.588837209302325,111.32,0
0,41,0,0,0,8,0.0,2,0.8571428571428571,36.0,1
0,41,131,7463,47,570,56.53787878787879,1,50.136428571428574,2105.73,0
0,41,158,11420,51,228,71.82389937106919,1,8.022619047619047,336.95,0
0,41,79,6673,41,236,83.4125,1,19.662857142857145,825.84,0
1,37,51,910,21,96,17.5,2,3.980131578947368,151.245,1
1,40,97,10390,46,152,106.0204081632653,1,4.165975609756098,170.805,0
0,40,102,5773,28,164,56.04854368932039,1,10.179878048780488,417.375,0
0,38,26,2795,18,52,103.51851851851852,1,3.713846153846154,144.84,0
1,39,45,2945,20,82,64.02173913043478,2,4.69,187.6,1
0,40,48,2223,35,125,45.36734693877551,2,6.3131707317073165,258.84,1
0,40,6,88,6,20,12.571428571428571,2,0.8721951219512195,35.76,1
0,40,29,1623,10,47,54.1,1,2.3921951219512194,98.08,0
0,37,101,6740,26,149,66.07843137254902,1,3.5688157894736845,135.615,0
1,40,11,583,8,36,48.583333333333336,2,1.3987804878048782,57.35,1
0,40,8,293,6,26,32.55555555555556,1,0.5491463414634147,22.515,0
0,35,242,16030,84,334,65.96707818930041,1,21.34,768.24,0
0,38,120,6920,37,436,57.1900826446281,1,40.315384615384616,1572.3,0
0,40,86,3673,32,128,42.2183908045977,1,5.22329268292683,214.155,0
0,39,48,1620,24,118,33.06122448979592,2,6.268,250.72,0
0,40,57,2735,27,267,47.1551724137931,1,23.14975609756097,949.14,0
0,31,40,1270,15,256,30.97560975609756,1,30.1078125,963.45,0
0,30,43,1523,72,153,34.61363636363637,1,4.327419354838709,134.15,0
0,31,29,655,11,58,21.83333333333333,2,3.493125,111.78,0
0,30,14,780,7,50,52.0,2,2.979032258064516,92.35,0
0,29,36,1180,17,80,31.89189189189189,1,5.874,176.22,0
0,29,65,3180,27,108,48.18181818181818,1,6.46,193.8,0
0,22,30,1650,18,84,53.2258064516129,1,10.330434782608696,237.6,0
0,21,145,6348,46,284,43.47945205479452,1,32.30386363636364,710.685,0
0,19,175,8888,44,300,50.5,1,21.45375,429.075,0
0,20,49,2808,23,111,56.16,1,12.87047619047619,270.28,0
0,13,44,4345,14,281,96.55555555555556,1,76.25428571428571,1067.56,0
0,13,23,1443,11,42,60.125,1,6.474285714285714,90.64,1
0,30,55,3805,9,64,67.94642857142857,1,5.603225806451612,173.7,0
0,31,0,0,0,0,0.0,2,0.0,0.0,0
0,29,44,1888,16,397,41.95555555555556,1,53.448,1603.44,0
0,30,50,3633,27,77,71.23529411764706,1,6.534354838709677,202.565,0
0,30,42,1828,25,67,42.51162790697674,1,3.31774193548387,102.85,0
0,30,66,3210,20,96,47.91044776119403,1,6.207096774193548,192.42,0
0,30,23,1795,10,296,74.79166666666667,1,36.281290322580645,1124.72,0
0,29,105,8550,35,262,80.66037735849056,1,27.80666666666667,834.2,0
0,30,153,13208,36,189,85.76623376623377,1,17.240000000000002,534.44,0
0,30,67,3950,17,84,58.088235294117645,1,5.183225806451613,160.68,0
0,30,79,5353,4,83,66.9125,1,7.88516129032258,244.44,0
0,30,38,1673,9,47,42.8974358974359,2,2.2077419354838708,68.44,0
0,30,209,14575,24,265,69.4047619047619,1,26.105806451612903,809.28,0
0,30,11,2530,7,479,210.83333333333331,1,62.76258064516129,1945.64,0
0,29,166,14920,22,316,89.34131736526946,1,41.82899999999999,1254.87,0
0,29,70,5935,18,252,83.59154929577464,1,29.87333333333333,896.2,0
0,29,0,0,0,0,0.0,2,0.0,0.0,0
0,30,0,0,0,0,0.0,2,0.0,0.0,0
0,29,0,0,0,0,0.0,2,0.0,0.0,1
0,29,111,6943,35,508,61.99107142857143,1,64.881,1946.43,0
0,29,138,10900,39,177,78.41726618705036,1,14.717333333333332,441.52,0
0,29,59,6153,29,174,102.55,1,22.218,666.54,0
1,25,31,390,9,40,12.1875,2,0.7286538461538462,18.945,1
0,28,77,9870,34,111,126.53846153846152,1,8.575000000000001,248.675,0
0,28,82,5253,16,102,63.28915662650602,1,8.899137931034483,258.075,1
0,26,6,2275,6,12,325.0,1,3.379259259259259,91.24,0
1,27,25,2425,8,33,93.26923076923076,2,3.9375,110.25,1
1,28,28,1703,23,63,58.72413793103448,2,4.042758620689655,117.24,1
0,28,0,0,0,0,0.0,2,0.0,0.0,1
0,28,0,0,0,0,0.0,1,0.0,0.0,0
0,25,81,6220,14,95,75.85365853658537,1,6.058653846153846,157.525,0
0,28,0,0,0,0,0.0,2,0.0,0.0,1
1,28,0,0,0,0,0.0,1,0.0,0.0,1
0,23,222,15510,72,294,69.55156950672645,1,29.4975,707.94,0
0,26,100,6400,25,374,63.366336633663366,1,52.333333333333336,1413.0,0
0,28,66,3153,20,86,47.059701492537314,1,4.994999999999999,144.855,0
0,27,28,1100,12,56,37.93103448275862,2,3.897142857142857,109.12,0
0,28,37,2215,15,205,58.28947368421053,1,27.23586206896552,789.84,0
0,19,20,750,3,194,35.714285714285715,1,40.2075,804.15,0
0,18,23,1003,60,91,41.79166666666666,1,2.402631578947368,45.65,0
0,19,0,0,0,0,0.0,2,0.0,0.0,0
0,18,0,0,0,0,0.0,2,0.0,0.0,0
0,17,16,660,5,21,38.8235294117647,1,1.6900000000000002,30.42,0
0,17,45,2660,15,60,57.82608695652174,1,6.011111111111111,108.2,0
0,10,10,1130,6,22,102.72727272727272,1,7.118181818181818,78.3,0
0,9,125,5828,34,222,46.25396825396825,1,67.3915,673.915,0
0,7,155,8368,32,238,53.64102564102564,1,42.571875,340.575,0
0,8,29,2288,11,49,76.26666666666667,1,14.297777777777778,128.68,0
0,3,24,3825,2,219,153.0,1,260.42625,1041.705,0
0,3,0,0,0,0,0.0,1,0.0,0.0,1
0,39,73,4245,20,102,57.36486486486486,1,5.87025,234.81,0
0,40,7,193,7,25,24.125,2,1.4268292682926829,58.5,0
0,38,62,2328,27,452,36.95238095238095,1,44.64230769230769,1741.05,0
0,39,68,4073,38,111,59.028985507246375,1,6.381375,255.255,0
0,39,60,2268,36,102,37.18032786885246,1,4.026,161.04,0
0,39,84,3650,31,151,42.94117647058823,1,8.25075,330.03,0
0,39,41,2235,21,351,53.21428571428572,1,31.176,1247.04,0
0,38,123,8990,46,317,72.5,1,24.526153846153846,956.52,0
0,39,171,13648,47,222,79.34883720930233,1,14.219,568.76,0
0,39,85,4390,28,119,51.04651162790697,1,5.075,203.0,0
0,39,97,5793,15,123,59.11224489795919,1,7.86375,314.55,0
0,39,56,2113,20,88,37.07017543859649,2,3.369,134.76,0
0,39,227,15015,35,320,65.85526315789474,1,21.042,841.68,0
0,39,29,2970,11,527,99.0,1,51.699,2067.96,0
0,38,184,15360,33,371,83.02702702702703,1,35.70461538461539,1392.48,0
0,38,88,6375,29,307,71.62921348314607,1,26.115897435897438,1018.52,0
0,38,16,750,14,34,44.11764705882353,2,1.3453846153846154,52.47,0
0,39,16,585,11,44,34.411764705882355,2,2.588625,103.545,0
0,38,0,0,0,4,0.0,2,0.4615384615384615,18.0,1
0,38,129,7383,46,563,56.792307692307695,1,53.43692307692307,2084.04,0
0,38,156,11340,50,221,72.22929936305732,1,13.32923076923077,519.84,0
0,38,77,6593,40,229,84.52564102564102,1,20.619230769230768,804.15,0
1,34,49,830,20,89,16.6,2,3.701571428571429,129.555,1
0,37,95,10310,45,145,107.39583333333331,1,7.1743421052631575,272.625,0
0,37,100,5693,27,157,56.366336633663366,1,10.412763157894735,395.685,1
0,35,24,2715,17,45,108.6,1,3.4877777777777776,125.56,0
1,36,43,2865,19,75,65.11363636363636,2,5.117837837837838,189.36,1
1,37,46,2143,34,118,45.59574468085106,2,6.3042105263157895,239.56,1
0,37,4,8,5,13,1.6,2,0.4336842105263158,16.48,1
0,37,27,1543,9,40,55.10714285714285,1,2.073684210526316,78.8,0
0,34,99,6660,25,142,66.6,1,6.113571428571428,213.975,0
1,37,9,503,7,29,50.3,2,1.1921052631578946,45.3,1
0,37,6,213,5,19,30.428571428571427,1,0.4022368421052631,15.285,0
0,32,240,15950,83,327,66.18257261410788,1,22.62272727272727,746.55,0
0,35,118,6840,36,429,57.47899159663866,1,43.0725,1550.61,0
0,37,84,3593,31,121,42.27058823529412,1,5.064868421052632,192.465,0
0,36,46,1540,23,111,32.765957446808514,2,6.255135135135135,231.44,0
0,37,55,2655,26,260,47.410714285714285,1,24.406578947368423,927.45,0
0,28,38,1190,14,249,30.512820512820515,1,32.47448275862069,941.76,0
0,27,41,1443,71,146,34.357142857142854,1,4.360714285714286,122.1,0
0,28,27,575,10,51,20.535714285714285,2,3.106551724137931,90.09,0
0,27,12,700,6,43,53.84615384615385,2,2.867857142857143,80.3,0
0,26,34,1100,16,73,31.428571428571427,1,5.723333333333334,154.53,0
0,26,63,3100,26,101,48.4375,1,6.463703703703704,174.52,0
0,19,28,1570,17,77,54.13793103448276,1,10.7955,215.91,0
0,18,143,6268,45,277,43.52777777777778,1,44.32131578947369,842.105,0
0,16,173,8808,43,293,50.62068965517241,1,24.530882352941177,417.025,0
0,17,47,2728,22,104,56.833333333333336,1,13.944444444444445,251.0,0
0,10,42,4265,13,274,99.18604651162792,1,95.29818181818182,1048.28,0
1,10,21,1363,10,35,61.95454545454545,1,7.298181818181818,80.28,1
0,33,57,3885,10,67,66.98275862068965,1,5.21735294117647,177.39,0
0,34,0,0,0,0,0.0,2,0.0,0.0,0
0,32,46,1968,17,404,41.87234042553192,1,49.24636363636364,1625.13,0
0,33,52,3713,28,80,70.05660377358491,1,6.090441176470588,207.075,0
0,33,44,1908,26,70,42.4,1,3.157647058823529,107.36,0
0,33,68,3290,21,103,47.68115942028985,1,6.297352941176471,214.11,0
0,33,25,1875,11,303,72.11538461538461,1,33.64705882352941,1144.0,0
0,32,107,8630,36,269,79.9074074074074,1,25.863030303030303,853.48,0
0,33,155,13288,37,192,85.17948717948718,1,15.81529411764706,537.72,0
0,33,69,4030,18,87,57.57142857142857,1,4.822352941176471,163.96,0
0,33,81,5433,5,86,66.2560975609756,1,7.297941176470588,248.13,0
0,33,40,1753,10,50,42.75609756097561,2,2.1094117647058823,71.72,0
0,33,211,14655,25,272,69.12735849056604,1,21.72470588235294,738.64,0
0,33,13,2610,1,479,186.42857142857144,1,57.79176470588236,1964.92,0
0,32,168,15000,23,323,88.75739644970415,1,38.68363636363636,1276.56,0
0,32,72,6015,19,259,82.3972602739726,1,27.741818181818186,915.48,0
0,32,0,0,0,0,0.0,2,0.0,0.0,0
0,32,113,7023,36,515,61.60526315789474,1,59.63999999999999,1968.12,0
0,32,140,10980,40,180,77.87234042553192,1,13.47878787878788,444.8,0
0,32,61,6233,30,181,100.53225806451611,1,20.855454545454545,688.23,0
0,28,33,470,10,43,13.823529411764708,2,0.7805172413793104,22.635,1
0,31,79,9950,35,114,124.375,1,7.83515625,250.725,0
1,31,84,5333,17,109,62.74117647058824,1,8.74265625,279.765,1
0,29,8,2355,7,15,261.6666666666667,1,3.1506666666666665,94.52,0
1,30,27,2505,9,36,89.46428571428571,2,3.6754838709677418,113.94,1
0,31,30,1783,24,70,57.516129032258064,2,4.26625,136.52,1
0,31,0,0,0,0,0.0,2,0.0,0.0,1
0,31,0,0,0,0,0.0,1,0.0,0.0,0
0,28,83,6300,15,98,75.0,1,5.502586206896551,159.575,0
0,31,0,0,0,0,0.0,2,0.0,0.0,1
0,31,0,0,0,0,0.0,1,0.0,0.0,0
0,26,224,15590,73,297,69.28888888888889,1,26.356666666666666,711.63,0
0,29,102,6480,26,381,62.9126213592233,1,47.823,1434.69,0
0,31,68,3233,21,89,46.85507246376812,1,4.64203125,148.545,0
0,30,30,1180,13,63,38.064516129032256,2,4.141935483870968,128.4,0
0,31,39,2295,16,212,57.375,1,25.3603125,811.53,0
0,22,22,830,4,201,36.08695652173913,1,35.90608695652174,825.84,0
0,21,25,1083,61,98,41.65384615384615,1,2.622727272727273,57.7,0
0,22,11,215,3,14,17.916666666666668,2,0.4421739130434782,10.17,0
0,21,0,0,0,3,0.0,2,0.3409090909090909,7.5,0
0,20,18,740,6,25,38.94736842105263,1,1.8385714285714283,38.61,0
0,20,47,2740,16,63,57.083333333333336,1,5.308571428571429,111.48,0
0,13,12,1210,7,29,93.07692307692308,1,7.142142857142857,99.99,0
0,12,127,5908,35,229,46.15625,1,53.87884615384615,700.425,0
0,10,157,8448,33,245,53.46835443037975,1,32.05681818181818,352.625,0
0,11,31,2368,12,56,74.0,1,12.33,147.96,0
0,4,26,3905,3,226,144.62962962962962,1,189.048,945.24,0
0,4,5,1003,4,9,167.16666666666666,1,9.072,45.36,1
0,36,75,4665,30,124,61.38157894736842,1,8.075675675675676,298.8,0
0,37,9,613,17,47,61.3,2,3.2234210526315787,122.49,0
0,35,64,2748,37,474,42.27692307692308,1,50.14,1805.04,0
0,36,70,4493,48,133,63.28169014084507,1,9.012567567567569,333.465,0
0,36,62,2688,46,124,42.66666666666666,1,6.466216216216216,239.25,0
0,36,86,4070,41,173,46.7816091954023,1,9.465945945945949,350.24,0
0,36,43,2655,31,373,60.34090909090909,1,35.241081081081084,1303.92,0
0,35,125,9410,56,339,74.68253968253968,1,28.15,1013.4,0
0,36,173,14068,57,244,80.85057471264368,1,16.90918918918919,625.64,0
0,36,87,4810,38,141,54.65909090909091,1,7.023783783783784,259.88,0
0,36,99,6213,25,145,62.13,1,10.230810810810812,378.54,0
0,36,58,2533,30,110,42.932203389830505,2,5.179459459459459,191.64,0
0,36,229,15435,45,342,67.1086956521739,1,24.2854054054054,898.56,0
0,36,31,3390,21,549,105.9375,1,57.42810810810811,2124.84,0
0,35,186,15780,43,393,84.38502673796792,1,40.4575,1456.47,0
0,35,90,6795,39,329,74.67032967032966,1,29.872222222222224,1075.4,0
0,35,18,1170,24,56,61.578947368421055,2,3.235,116.46,0
0,36,18,1005,21,66,52.89473684210526,2,4.5279729729729725,167.535,0
1,35,4,295,13,31,59.0,2,2.12375,76.455,1
0,35,131,7803,56,585,59.11363636363637,1,59.6675,2148.03,0
0,35,158,11760,60,243,73.9622641509434,1,16.02,576.72,0
0,35,79,7013,50,251,87.6625,1,24.115,868.14,0
0,31,51,1250,30,111,24.03846153846154,2,6.04828125,193.545,1
0,34,97,10730,55,167,109.48979591836736,1,8.805,308.175,0
0,34,102,6113,37,179,59.3495145631068,1,13.133571428571427,459.675,0
0,32,26,3135,27,67,116.11111111111111,1,5.528484848484848,182.44,0
0,33,45,3285,29,97,71.41304347826087,2,7.451470588235294,253.35,1
1,34,48,2563,44,140,52.30612244897959,2,8.469714285714286,296.44,1
0,34,6,428,15,35,61.142857142857146,2,2.096,73.36,1
0,34,29,1963,19,62,65.43333333333334,1,3.876571428571429,135.68,0
0,31,101,7080,35,164,69.41176470588235,1,7.79765625,249.525,0
0,34,11,923,17,51,76.91666666666667,2,2.31,80.85,1
0,34,8,633,15,41,70.33333333333333,1,1.0461428571428573,36.615,0
0,29,242,16370,93,349,67.36625514403292,1,27.018,810.54,0
0,32,120,7260,46,451,60.0,1,48.92727272727272,1614.6,0
0,34,86,4013,41,143,46.12643678160919,1,7.327285714285714,256.455,0
1,33,48,1960,33,133,40.0,2,8.48,288.32,1
0,34,57,3075,36,282,53.01724137931034,1,28.326857142857143,991.44,0
0,25,40,1610,24,271,39.26829268292683,1,38.68269230769231,1005.75,0
0,24,43,1863,81,168,42.34090909090909,1,6.306,157.65,0
0,25,29,995,20,73,33.166666666666664,2,5.926153846153847,154.08,0
0,24,14,1120,16,65,74.66666666666667,2,4.634,115.85,0
0,23,36,1520,26,95,41.08108108108108,1,9.105,218.52,0
0,23,65,3520,36,123,53.333333333333336,1,9.641666666666667,231.4,0
0,16,30,1990,27,99,64.19354838709677,1,16.46470588235294,279.9,0
0,15,145,6688,55,299,45.80821917808219,1,57.5196875,920.315,0
0,13,175,9228,53,315,52.43181818181818,1,32.32678571428571,452.575,0
0,14,49,3148,32,126,62.96,1,20.52533333333333,307.88,0
0,7,44,4685,23,296,104.11111111111111,1,138.145,1105.16,0
1,7,23,1783,20,57,74.29166666666667,1,16.03,128.24,1
0,36,55,3465,10,65,61.875,1,4.281081081081081,158.4,0
0,35,44,1548,7,382,34.4,1,43.365,1561.14,0
0,36,50,3293,18,68,64.56862745098039,1,4.969324324324324,183.865,0
0,36,42,1488,16,58,34.604651162790695,1,2.2743243243243243,84.15,0
0,36,66,2870,11,81,42.83582089552239,1,4.057297297297297,150.12,0
0,36,23,1455,1,281,60.625,1,29.38162162162162,1087.12,0
0,35,105,8210,26,247,77.45283018867924,1,22.12777777777778,796.6,0
0,36,153,12868,27,180,83.55844155844156,1,14.076756756756758,520.84,0
0,36,67,3610,8,75,53.088235294117645,1,3.975135135135136,147.08,0
0,36,79,5013,13,92,62.6625,1,6.192972972972973,229.14,0
0,36,38,1333,4,42,34.17948717948718,2,1.4821621621621623,54.84,0
0,36,209,14235,15,250,67.78571428571429,1,18.425945945945944,681.76,0
0,36,11,2190,5,471,182.5,1,51.56864864864865,1908.04,0
0,35,166,14580,13,301,87.30538922155688,1,33.6825,1212.57,0
0,35,70,5595,9,237,78.80281690140845,1,23.85,858.6,0
0,35,111,6603,26,493,58.955357142857146,1,52.892500000000005,1904.13,0
0,35,138,10560,30,168,75.97122302158273,1,11.886666666666668,427.92,0
0,35,59,5813,20,159,96.88333333333334,1,17.34,624.24,0
0,31,2,50,1,3,16.666666666666668,2,0.073125,2.34,1
0,34,77,9530,25,102,122.17948717948718,1,6.8621428571428575,240.175,0
0,34,82,4913,7,89,59.19277108433735,1,6.422142857142857,224.775,1
0,32,6,1935,2,8,276.42857142857144,1,2.352727272727273,77.64,0
0,33,25,2085,9,34,80.1923076923077,2,2.7926470588235297,94.95,1
1,34,28,1363,14,48,47.0,2,2.275428571428572,79.64,1
0,34,0,0,0,0,0.0,2,0.0,0.0,1
0,34,0,0,0,0,0.0,1,0.0,0.0,0
0,31,81,5880,5,86,71.70731707317073,1,4.65703125,149.025,0
1,34,0,0,0,0,0.0,2,0.0,0.0,1
0,34,0,0,0,0,0.0,1,0.0,0.0,0
0,29,222,15170,63,285,68.02690582959642,1,23.088,692.64,0
0,32,100,6060,16,359,60.0,1,41.53636363636364,1370.7,0
0,34,66,2813,11,77,41.98507462686568,1,3.701571428571429,129.555,0
0,33,28,760,3,41,26.20689655172414,2,2.103529411764706,71.52,0
0,34,37,1875,6,190,49.3421052631579,1,21.358285714285717,747.54,0
0,25,20,1903,8,193,90.61904761904762,1,31.885961538461537,829.035,0
0,24,23,663,51,76,27.625,1,0.8859999999999999,22.15,0
0,25,0,0,0,0,0.0,2,0.0,0.0,0
0,24,0,0,0,0,0.0,2,0.0,0.0,0
0,23,0,0,0,0,0.0,1,0.0,0.0,0
0,23,45,2320,6,51,50.43478260869565,1,3.9416666666666655,94.6,0
0,16,0,0,0,0,0.0,1,0.0,0.0,0
0,15,125,5488,25,207,43.55555555555556,1,38.8884375,622.215,0
0,13,155,8028,23,223,51.46153846153846,1,22.648214285714285,317.075,0
0,14,29,1948,2,34,64.93333333333334,1,6.072,91.08,0
0,7,24,3485,21,232,139.4,1,111.045,888.36,0
0,7,0,0,0,0,0.0,1,0.0,0.0,1
0,37,71,4180,19,120,58.05555555555556,1,7.632631578947369,290.04,0
0,38,5,128,6,43,21.33333333333333,2,3.418461538461538,133.32,0
0,36,60,2263,26,470,37.09836065573771,1,44.02486486486487,1628.92,0
0,37,66,4008,37,129,59.82089552238806,1,9.659736842105264,367.07,0
0,37,58,2203,35,120,37.33898305084746,1,5.874868421052632,223.245,0
0,37,82,3585,30,169,43.19277108433735,1,9.86,374.68,0
0,37,39,2170,20,369,54.25,1,34.95684210526316,1328.36,0
0,36,121,8925,45,335,73.15573770491804,1,28.049729729729727,1037.84,0
0,37,169,13583,46,240,79.9,1,17.107368421052634,650.08,0
0,37,83,4325,27,137,51.48809523809524,1,7.482105263157894,284.32,0
0,37,95,5728,14,141,59.66666666666666,1,9.497894736842106,360.92,0
0,37,54,2048,19,106,37.23636363636364,2,5.686315789473684,216.08,0
0,37,225,14950,34,338,66.15044247787611,1,24.289473684210527,923.0,0
0,37,27,2905,10,545,103.75,1,56.56,2149.28,0
0,36,182,15295,32,389,83.5792349726776,1,40.10716216216216,1483.965,0
0,36,86,6310,28,325,72.52873563218391,1,29.725405405405404,1099.84,0
0,36,14,685,13,52,45.66666666666666,2,3.890675675675676,143.955,0
0,37,14,520,10,62,34.666666666666664,2,4.562105263157895,173.36,0
0,36,0,0,0,25,0.0,2,3.0405405405405403,112.5,1
0,36,127,7318,45,581,57.171875,1,52.26486486486486,1933.8,0
0,36,154,11275,49,239,72.74193548387096,1,10.15472972972973,375.725,0
0,36,75,6528,39,247,85.89473684210526,1,24.20635135135135,895.635,0
0,32,47,765,19,107,15.9375,2,5.953939393939393,196.48,1
0,35,93,10245,44,163,108.98936170212764,1,5.390833333333333,194.07,0
1,35,98,5628,26,175,56.84848484848485,1,13.5325,487.17,1
0,33,22,2650,16,63,115.21739130434784,1,6.084705882352941,206.88,0
1,34,41,2800,18,93,66.66666666666667,2,7.132571428571429,249.64,1
0,35,44,2078,33,136,46.17777777777778,2,8.913333333333334,320.88,1
0,35,0,0,0,25,0.0,2,2.7777777777777777,100.0,1
0,35,25,1478,8,58,56.84615384615385,1,2.779861111111112,100.075,0
0,32,97,6595,24,160,67.29591836734694,1,4.814545454545455,158.88,0
0,35,7,438,6,47,54.75,2,2.670138888888889,96.125,1
0,35,4,148,4,37,29.6,1,1.2716666666666667,45.78,0
0,30,238,15885,82,345,66.46443514644352,1,27.03338709677419,838.035,0
0,33,116,6775,35,447,57.9059829059829,1,48.29691176470588,1642.095,0
0,35,82,3528,30,139,42.506024096385545,1,7.011111111111111,252.4,0
0,34,44,1475,22,129,32.77777777777778,2,8.936,312.76,0
0,35,53,2590,25,278,47.96296296296296,1,28.30375,1018.935,0
0,26,36,1125,13,267,30.405405405405407,1,38.26833333333333,1033.245,0
0,25,39,1378,70,164,34.45,1,6.650961538461539,172.925,0
0,26,25,510,9,69,19.615384615384617,2,5.977777777777778,161.4,0
0,25,10,635,5,61,57.72727272727273,2,5.043269230769231,131.125,0
0,24,32,1035,15,91,31.363636363636363,1,9.8406,246.015,0
0,24,61,3035,25,119,48.95161290322581,1,10.2336,255.84,0
0,17,26,1505,16,95,55.74074074074074,1,17.0775,307.395,0
0,16,141,6203,44,295,43.683098591549296,1,45.91058823529412,780.48,0
0,14,171,8743,42,311,50.83139534883721,1,18.714,280.71,0
0,15,45,2663,21,122,57.891304347826086,1,20.77,332.32,0
0,8,40,4200,12,292,102.4390243902439,1,125.5111111111111,1129.6,0
1,8,19,1298,9,53,64.9,1,16.964444444444446,152.68,1
0,35,59,3950,11,70,65.83333333333333,1,5.01125,180.405,0
0,34,48,2033,18,386,41.48979591836735,1,43.81842857142857,1533.645,0
0,35,54,3778,29,83,68.69090909090909,1,5.854444444444444,210.76,0
0,35,46,1973,27,73,41.97872340425532,1,3.084583333333333,111.045,0
0,35,70,3355,22,92,47.25352112676056,1,4.28125,154.125,0
0,35,27,1940,12,285,69.28571428571429,1,29.51888888888889,1062.68,0
0,34,109,8695,37,251,79.04545454545455,1,22.061714285714285,772.16,0
0,35,157,13353,38,195,84.5126582278481,1,15.011111111111113,540.4,0
0,35,71,4095,19,90,56.875,1,4.628888888888889,166.64,0
0,35,83,5498,6,89,65.45238095238095,1,6.97625,251.145,0
0,35,42,1818,11,53,42.27906976744186,2,2.066666666666667,74.4,0
0,35,213,14720,26,254,68.78504672897196,1,20.54125,739.485,0
0,35,15,2675,2,461,167.1875,1,52.32222222222222,1883.6,0
0,34,170,15065,24,305,88.09941520467837,1,33.85928571428572,1185.075,0
0,34,74,6080,20,241,81.06666666666666,1,23.833142857142857,834.16,0
0,34,2,455,5,7,151.66666666666666,2,0.5875714285714286,20.565,0
0,35,2,290,2,4,96.66666666666669,2,0.365,13.14,0
0,34,115,7088,37,497,61.10344827586207,1,53.61814285714286,1876.635,0
0,34,142,11045,41,183,77.23776223776224,1,12.785142857142858,447.48,0
0,34,63,6298,31,163,98.40625,1,17.049857142857142,596.745,0
0,30,35,535,11,46,14.86111111111111,2,0.8274193548387097,25.65,1
0,33,81,10015,36,117,122.13414634146342,1,7.423529411764706,252.4,0
0,33,86,5398,18,104,62.04597701149425,1,7.258235294117647,246.78,1
0,31,10,2420,8,18,220.0,1,3.0375,97.2,0
1,32,29,2570,10,39,85.66666666666667,2,3.544090909090909,116.955,1
0,33,32,1848,25,57,56.0,2,2.211764705882353,75.2,1
0,33,13,1248,3,16,89.14285714285714,1,1.4835294117647058,50.44,0
0,30,85,6365,16,101,74.01162790697674,1,5.201612903225806,161.25,0
0,33,0,0,0,0,0.0,1,0.0,0.0,0
0,28,226,15655,74,300,68.9647577092511,1,24.64293103448276,714.645,0
0,31,104,6545,27,363,62.333333333333336,1,41.97515625,1343.205,0
0,33,70,3298,22,92,46.45070422535211,1,4.45764705882353,151.56,0
0,32,32,1245,14,46,37.72727272727273,2,1.547878787878788,51.08,0
0,33,41,2360,17,194,56.19047619047619,1,21.177794117647057,720.045,0
0,24,24,895,5,183,35.8,1,29.3742,734.355,0
0,23,27,1148,62,89,41.0,1,1.2239583333333333,29.375,0
0,24,13,280,1,14,20.0,2,0.5274,13.185,0
0,23,0,0,0,0,0.0,2,0.0,0.0,0
0,22,20,805,7,27,38.333333333333336,1,1.9728260869565215,45.375,0
0,22,49,2805,17,66,56.1,1,4.963478260869565,114.16,0
0,15,14,1275,8,22,85.0,1,3.6253125,58.005,0
0,14,129,5973,36,211,45.94615384615385,1,39.24066666666667,588.61,0
0,12,159,8513,34,227,53.20625,1,23.21538461538461,301.8,0
0,13,33,2433,13,46,71.55882352941177,1,7.045714285714285,98.64,0
0,6,28,3970,4,208,136.89655172413794,1,138.84428571428572,971.91,0
1,6,7,1068,1,8,133.5,1,6.910714285714286,48.375,1
0,36,66,4255,18,91,63.507462686567166,1,6.106621621621621,225.945,0
0,37,0,0,0,9,0.0,2,1.0657894736842106,40.5,0
0,35,55,2338,25,441,41.75,1,48.11625,1732.185,0
0,36,61,4083,36,100,65.85483870967742,1,6.605945945945946,244.42,0
0,36,53,2278,34,91,42.18518518518518,1,4.059594594594595,150.205,0
0,36,77,3660,29,140,46.92307692307692,1,8.680135135135135,321.165,0
0,36,34,2245,19,340,64.14285714285714,1,33.490810810810814,1239.16,0
0,35,116,9000,44,306,76.92307692307692,1,26.35111111111111,948.64,0
0,36,164,13658,45,211,82.77575757575758,1,15.15891891891892,560.88,0
0,36,78,4400,26,108,55.69620253164557,1,5.273513513513514,195.12,0
0,36,90,5803,13,112,63.76923076923077,1,8.261756756756757,305.685,0
1,36,49,2123,18,77,42.46,2,3.429189189189189,126.88,0
0,36,220,15025,33,309,67.98642533936652,1,22.535135135135132,833.8,0
0,36,22,2980,9,516,129.56521739130434,1,55.67783783783784,2060.08,0
0,35,177,15370,31,360,86.34831460674157,1,38.43375,1383.615,0
0,35,81,6385,27,296,77.86585365853658,1,28.07333333333333,1010.64,0
0,35,9,760,12,23,76.0,2,1.21125,43.605,0
0,36,9,595,9,33,59.5,2,2.558918918918919,94.68,0
0,35,0,0,0,2,0.0,2,0.25,9.0,1
0,35,122,7393,44,552,60.10569105691057,1,57.64375,2075.175,0
0,35,149,11350,48,210,75.66666666666667,1,14.22111111111111,511.96,0
0,35,70,6603,38,218,93.0,1,22.09125,795.285,0
0,31,42,840,18,78,19.53488372093023,2,3.7715625,120.69,1
0,34,88,10320,43,134,115.95505617977528,1,7.648571428571429,267.7,0
0,34,93,5703,25,146,60.67021276595744,1,11.052,386.82,1
0,32,17,2725,15,34,151.38888888888889,1,3.5660606060606064,117.68,0
0,33,36,2875,17,64,77.70270270270271,2,5.308676470588235,180.495,1
1,34,39,2153,32,107,53.825,2,6.619428571428571,231.68,1
0,34,0,0,0,2,0.0,2,0.2285714285714285,8.0,1
0,34,20,1553,7,29,73.95238095238095,1,2.0262857142857142,70.92,0
0,31,92,6670,23,131,71.72043010752688,1,6.5328125,209.05,0
0,34,2,513,5,18,171.0,2,1.1535714285714285,40.375,1
0,34,0,0,0,6,0.0,1,0.2571428571428571,9.0,0
0,29,233,15960,81,316,68.2051282051282,1,24.5895,737.685,0
0,32,111,6850,34,418,61.160714285714285,1,46.719545454545454,1541.745,0
0,34,77,3603,29,110,46.19230769230769,1,5.2457142857142856,183.6,0
0,33,39,1550,21,100,38.75,2,6.575294117647059,223.56,0
0,34,48,2665,24,249,54.38775510204081,1,26.245285714285718,918.585,0
0,25,31,1200,12,238,37.5,1,35.88057692307692,932.895,0
0,24,34,1453,69,135,41.51428571428571,1,4.687,117.175,0
0,25,20,585,8,40,27.857142857142858,2,3.1240384615384613,81.225,0
0,24,5,710,4,32,118.33333333333331,2,3.015,75.375,0
0,23,27,1110,14,62,39.642857142857146,1,6.069375,145.665,0
0,23,56,3110,24,90,54.56140350877193,1,6.9433333333333325,166.64,0
0,16,21,1580,15,66,71.81818181818181,1,12.179117647058822,207.045,0
0,15,136,6277,43,266,45.81751824817518,1,51.9509375,831.215,0
0,13,166,8817,41,282,52.796407185628745,1,29.43392857142857,412.075,0
0,14,40,2737,20,93,66.7560975609756,1,16.205333333333336,243.08,0
0,7,35,4275,11,263,118.75,1,130.05,1040.4,0
1,7,14,1372,8,24,91.46666666666668,1,8.92125,71.37,1
0,36,64,3875,12,76,59.61538461538461,1,4.790675675675676,177.255,0
0,35,53,1958,19,415,36.25925925925926,1,45.38875,1633.995,0
0,36,59,3703,30,89,61.71666666666667,1,4.575405405405405,169.29,0
0,36,51,1898,28,79,36.5,1,2.897162162162162,107.195,0
0,36,75,3280,23,114,43.1578947368421,1,6.026351351351352,222.975,0
0,36,32,1865,13,314,56.51515151515152,1,31.131891891891893,1151.88,0
0,35,114,8620,38,280,74.95652173913044,1,23.926666666666662,861.36,0
0,36,162,13278,39,201,81.4601226993865,1,14.52972972972973,537.6,0
0,36,76,4020,20,96,52.20779220779221,1,4.428108108108108,163.84,0
0,36,88,5423,7,95,60.93258426966292,1,6.702567567567567,247.995,0
0,36,47,1743,12,59,36.3125,2,1.935135135135135,71.6,0
0,36,218,14645,27,283,66.87214611872146,1,20.17621621621621,746.52,0
0,36,20,2600,3,490,123.8095238095238,1,53.31891891891892,1972.8,0
0,35,175,14990,25,334,85.17045454545455,1,35.70625,1285.425,0
0,35,79,6005,21,270,75.0625,1,25.64888888888889,923.36,0
0,35,7,380,6,13,47.5,2,0.4837499999999999,17.415,0
0,36,7,215,3,10,26.875,2,0.27,9.99,0
0,35,120,7013,38,526,57.95867768595041,1,54.91625,1976.985,0
0,35,147,10970,42,189,74.12162162162163,1,12.352222222222222,444.68,0
0,35,68,6223,32,192,90.18840579710144,1,19.36375,697.095,0
1,31,40,460,12,52,11.21951219512195,2,0.703125,22.5,1
0,34,86,9940,37,123,114.2528735632184,1,7.161428571428572,250.65,0
0,34,91,5323,19,120,57.85869565217392,1,8.246571428571428,288.63,1
0,32,15,2345,9,24,146.5625,1,2.860606060606061,94.4,0
1,33,34,2495,11,45,71.28571428571429,2,3.3472058823529416,113.805,1
0,34,37,1773,26,81,46.6578947368421,2,4.125714285714285,144.4,1
0,34,0,0,0,0,0.0,2,0.0,0.0,1
0,34,18,1173,1,19,61.73684210526316,1,1.3611428571428572,47.64,0
0,31,90,6290,17,107,69.12087912087912,1,4.984375,159.5,0
0,34,0,0,0,0,0.0,2,0.0,0.0,1
0,29,231,15580,75,306,67.15517241379311,1,23.7165,711.495,0
0,32,109,6470,28,392,58.81818181818182,1,43.744090909090914,1443.555,0
0,34,75,3223,23,98,42.4078947368421,1,4.240285714285714,148.41,0
0,33,37,1170,15,74,30.789473684210527,2,4.008235294117647,136.28,0
0,34,46,2285,18,223,48.61702127659574,1,23.439857142857143,820.395,0
0,25,29,820,6,212,27.33333333333333,1,32.104038461538465,834.705,0
0,24,32,1073,63,109,32.51515151515152,1,2.505,62.625,0
0,25,18,205,2,20,10.789473684210526,2,0.3859615384615384,10.035,0
0,24,0,0,0,5,0.0,2,0.5,12.5,0
0,23,25,730,8,36,28.07692307692308,1,1.978125,47.475,0
0,23,54,2730,18,72,49.63636363636363,1,4.64,111.36,0
0,16,19,1200,9,40,60.0,1,6.403235294117647,108.855,0
0,15,134,5897,37,240,43.68148148148149,1,44.4503125,711.205,0
0,13,164,8437,35,256,51.13333333333333,1,25.5375,357.525,0
0,14,38,2357,14,67,60.43589743589744,1,10.386666666666668,155.8,0
0,7,33,3895,5,237,114.55882352941175,1,119.14,953.12,0
0,7,12,992,2,14,76.3076923076923,1,5.6475,45.18,1
0,31,59,4065,14,73,67.75,1,5.799375,185.58,0
0,30,48,2148,21,413,43.83673469387755,1,53.12322580645161,1646.82,0
0,31,54,3893,32,86,70.78181818181818,1,6.78390625,217.085,0
0,31,46,2088,30,76,44.42553191489362,1,3.6678125,117.37,0
0,31,70,3470,25,112,48.87323943661972,1,7.36875,235.8,0
0,31,27,2055,15,312,73.39285714285714,1,36.3525,1163.28,0
0,30,109,8810,40,278,80.0909090909091,1,28.153548387096773,872.76,0
0,31,157,13468,41,198,85.24050632911393,1,17.03125,545.0,0
0,31,71,4210,22,93,58.47222222222222,1,5.35125,171.24,0
0,31,83,5613,9,92,66.82142857142857,1,8.01,256.32,0
0,31,42,1933,14,56,44.95348837209303,2,2.46875,79.0,0
0,31,213,14835,29,281,69.32242990654206,1,26.645625,852.66,0
0,31,15,2790,5,488,174.375,1,62.00625,1984.2,0
0,30,170,15180,27,332,88.7719298245614,1,41.87903225806452,1298.25,0
0,30,74,6195,23,268,82.6,1,30.153548387096773,934.76,0
0,30,2,570,8,10,190.0,2,0.8303225806451613,25.74,0
0,31,2,405,5,7,135.0,2,0.57234375,18.315,0
0,30,115,7203,40,524,62.0948275862069,1,64.18741935483871,1989.81,0
0,30,142,11160,44,186,78.04195804195804,1,14.583225806451612,452.08,0
0,30,63,6413,34,190,100.203125,1,22.90064516129032,709.92,0
0,26,35,650,14,50,18.05555555555556,2,1.3083333333333331,35.325,1
0,29,81,10130,39,120,123.53658536585364,1,8.509166666666667,255.275,0
0,29,86,5513,21,118,63.367816091954026,1,10.0485,301.455,1
0,27,10,2535,11,21,230.45454545454547,1,3.6357142857142857,101.8,0
0,28,29,2685,13,42,89.5,2,4.211379310344827,122.13,1
0,29,32,1963,28,79,59.48484848484848,2,5.193333333333333,155.8,1
0,29,13,1363,3,16,97.35714285714286,1,1.834666666666667,55.04,0
0,26,85,6480,19,104,75.34883720930233,1,6.078703703703703,164.125,0
0,29,0,0,0,0,0.0,2,0.0,0.0,1
0,29,0,0,0,0,0.0,1,0.0,0.0,0
0,24,226,15770,77,303,69.47136563876651,1,28.792800000000003,719.82,0
0,27,104,6660,30,390,63.42857142857143,1,52.01357142857143,1456.38,0
0,29,70,3413,25,95,48.070422535211264,1,5.224500000000001,156.735,0
0,28,32,1360,17,72,41.21212121212121,2,5.092413793103448,147.68,0
0,29,41,2475,20,221,58.92857142857143,1,27.774,833.22,0
0,20,24,1010,8,210,40.4,1,40.35857142857143,847.53,0
0,19,27,1263,65,107,45.10714285714285,1,3.4875,69.75,0
0,20,13,395,4,17,28.214285714285715,2,0.8742857142857142,18.36,0
0,19,4,520,2,12,104.0,2,1.405,28.1,0
0,18,20,920,10,34,43.80952380952381,1,3.878947368421053,73.7,0
0,18,49,2920,20,69,58.4,1,6.250526315789474,118.76,0
0,11,14,1390,11,38,92.66666666666669,1,10.14,121.68,0
0,10,129,6087,39,238,46.823076923076925,1,66.08,726.88,0
0,8,159,8627,37,254,53.91875,1,40.516666666666666,364.65,0
0,9,33,2547,16,65,74.91176470588235,1,16.72,167.2,0
0,3,28,4085,7,235,140.86206896551724,1,271.27125,1085.085,0
0,3,7,1182,4,11,147.75,1,13.37625,53.505,1
0,41,71,4065,16,93,56.458333333333336,1,4.51047619047619,189.44,0
0,42,5,13,3,16,2.1666666666666665,2,0.7609302325581395,32.72,0
0,40,60,2148,23,443,35.21311475409836,1,37.27609756097561,1528.32,0
0,41,66,3893,34,102,58.1044776119403,1,5.446309523809524,228.745,0
0,41,58,2088,32,93,35.389830508474574,1,2.6207142857142856,110.07,0
0,41,82,3470,27,142,41.80722891566265,1,6.525714285714285,274.08,0
0,41,39,2055,17,342,51.375,1,29.232380952380957,1227.76,0
0,40,121,8810,42,308,72.21311475409836,1,22.85951219512195,937.24,0
0,41,169,13468,43,213,79.2235294117647,1,13.082857142857144,549.48,0
0,41,83,4210,24,110,50.11904761904762,1,4.3742857142857146,183.72,0
0,41,95,5613,11,114,58.46875,1,6.198095238095238,260.32,0
0,41,54,1933,16,79,35.14545454545455,2,2.7495238095238097,115.48,0
0,41,225,14835,31,311,65.64159292035399,1,19.58095238095238,822.4,0
0,41,27,2790,7,518,99.64285714285714,1,48.77809523809523,2048.68,0
0,40,182,15180,29,362,82.95081967213115,1,33.433902439024386,1370.79,0
0,40,86,6195,25,298,71.20689655172414,1,24.37170731707317,999.24,0
0,40,14,570,10,25,38.0,2,0.7507317073170732,30.78,0
0,41,14,405,7,35,27.0,2,1.7323809523809526,72.76,0
0,40,0,0,0,1,0.0,2,0.1097560975609756,4.5,1
0,40,127,7203,42,554,56.2734375,1,44.71219512195122,1833.2,0
0,40,154,11160,46,212,72.0,1,7.630487804878049,312.85,0
0,40,75,6413,36,220,84.38157894736842,1,19.08439024390244,782.46,0
0,36,47,650,16,80,13.541666666666666,2,2.591351351351351,95.88,1
0,39,93,10130,41,136,107.76595744680851,1,3.908625,156.345,0
0,39,98,5513,23,148,55.686868686868685,1,9.349875,373.995,1
0,37,22,2535,13,36,110.21739130434784,1,2.796842105263158,106.28,0
1,38,41,2685,15,66,63.92857142857143,2,3.8215384615384616,149.04,1
0,39,44,1963,30,109,43.62222222222222,2,5.507,220.28,1
0,39,0,0,0,1,0.0,2,0.1,4.0,1
0,39,25,1363,5,31,52.42307692307692,1,0.93,37.2,0
0,36,97,6480,21,133,66.12244897959184,1,3.27445945945946,121.155,0
0,39,7,323,3,20,40.375,2,0.83125,33.25,1
0,39,4,33,1,10,6.6,1,0.201375,8.055,0
0,34,238,15770,79,318,65.98326359832636,1,20.710285714285718,724.86,0
0,37,116,6660,32,420,56.92307692307692,1,40.234736842105264,1528.92,0
0,39,82,3413,27,112,41.12048192771084,1,3.795,151.8,0
0,38,44,1360,19,102,30.22222222222222,2,5.44,212.16,0
0,39,53,2475,22,251,45.833333333333336,1,22.644,905.76,0
0,30,36,1010,10,240,27.2972972972973,1,29.67967741935484,920.07,0
0,29,39,1263,67,137,31.575,1,3.668333333333333,110.05,0
0,30,25,395,6,42,15.192307692307692,2,1.961290322580645,60.8,0
0,29,10,520,2,34,47.27272727272727,2,2.275,68.25,0
0,28,32,920,12,64,27.87878787878788,1,4.580689655172414,132.84,0
0,28,61,2920,22,92,47.096774193548384,1,5.353103448275863,155.24,0
0,21,26,1390,13,68,51.48148148148148,1,8.828181818181818,194.22,0
0,20,141,6087,41,268,42.86619718309859,1,31.774285714285718,667.26,0
0,18,171,8627,39,284,50.156976744186046,1,12.787894736842103,242.97,0
0,19,45,2547,18,95,55.369565217391305,1,11.584,231.68,0
0,12,40,4085,9,265,99.63414634146342,1,79.15384615384616,1029.0,0
0,12,19,1182,6,26,59.1,1,4.003076923076923,52.04,1
0,37,76,4775,15,114,62.01298701298701,1,8.46828947368421,321.795,0
0,38,10,723,2,20,65.72727272727273,2,1.7688461538461535,68.985,0
0,36,65,2858,22,447,43.30303030303031,1,47.33878378378379,1751.535,0
0,37,71,4603,33,106,63.93055555555556,1,7.054473684210526,268.07,0
0,37,63,2798,31,97,43.71875,1,4.575131578947368,173.855,0
0,37,87,4180,26,146,47.5,1,7.965263157894737,302.68,0
0,37,44,2765,16,346,61.44444444444444,1,33.06210526315789,1256.36,0
0,36,126,9520,41,312,74.96062992125984,1,26.103783783783783,965.84,0
0,37,174,14178,42,217,81.01714285714286,1,15.21263157894737,578.08,0
0,37,88,4920,23,114,55.28089887640449,1,5.587368421052632,212.32,0
0,37,100,6323,10,118,62.6039603960396,1,8.553552631578947,325.035,0
0,37,59,2643,15,83,44.05,2,3.791578947368421,144.08,0
1,37,230,15545,30,315,67.2943722943723,1,22.394736842105264,851.0,0
0,37,32,3500,6,522,106.06060606060606,1,54.66526315789474,2077.28,0
0,36,187,15890,28,366,84.52127659574468,1,37.91797297297297,1402.965,0
0,36,91,6905,24,302,75.05434782608695,1,27.779459459459456,1027.84,0
0,36,19,1280,9,29,64.0,2,1.7014864864864865,62.955,0
0,37,19,1115,6,39,55.75,2,3.0007894736842107,114.03,0
0,36,0,0,0,1,0.0,2,0.1216216216216216,4.5,1
0,36,132,7913,41,558,59.49624060150376,1,56.608783783783785,2094.525,0
0,36,159,11870,45,216,74.1875,1,14.30162162162162,529.16,0
0,36,80,7123,35,224,87.93827160493827,1,22.01716216216216,814.635,0
0,32,52,1360,15,84,25.660377358490567,2,4.243636363636363,140.04,1
0,35,98,10840,40,140,109.4949494949495,1,7.734722222222222,278.45,0
0,35,103,6223,22,152,59.83653846153846,1,11.2825,406.17,0
0,33,27,3245,12,40,115.89285714285714,1,3.967058823529412,134.88,0
0,34,46,3395,14,70,72.23404255319149,2,5.075428571428571,177.64,1
1,35,49,2673,29,113,53.46,2,6.913333333333333,248.88,1
0,35,7,538,1,9,67.25,2,0.7166666666666667,25.8,1
0,35,30,2073,4,35,66.87096774193549,1,2.447777777777778,88.12,0
0,32,102,7190,20,137,69.80582524271844,1,6.660606060606061,219.8,0
0,35,12,1033,2,24,79.46153846153847,2,1.4201388888888888,51.125,1
0,35,9,743,1,15,74.3,1,0.5216666666666667,18.78,0
0,30,243,16480,78,322,67.54098360655738,1,24.42048387096774,757.035,0
0,33,121,7370,31,424,60.40983606557377,1,45.91455882352941,1561.095,0
0,35,87,4123,26,116,46.85227272727273,1,5.637499999999999,202.95,0
0,34,49,2070,18,106,41.4,2,6.878857142857143,240.76,0
0,35,58,3185,21,255,53.983050847457626,1,26.05375,937.935,0
0,26,41,1720,9,244,40.95238095238095,1,35.26833333333333,952.245,0
0,25,44,1973,66,141,43.84444444444444,1,4.920192307692307,127.925,0
0,26,30,1105,5,46,35.645161290322584,2,3.725,100.575,0
0,25,15,1230,1,38,76.875,2,3.3125,86.125,0
0,24,37,1630,11,68,42.89473684210526,1,6.600599999999999,165.015,0
0,24,66,3630,21,96,54.17910447761194,1,7.3536,183.84,0
0,17,31,2100,12,72,65.625,1,12.5775,226.395,0
0,16,146,6797,40,272,46.23809523809524,1,50.28617647058824,854.865,0
0,14,176,9337,38,288,52.75141242937853,1,28.188333333333333,422.825,0
0,15,50,3257,17,99,63.86274509803921,1,16.2675,260.28,0
0,8,45,4795,8,269,104.2391304347826,1,117.5111111111111,1057.6,0
0,8,24,1892,5,30,75.68,1,8.96,80.64,1
0,35,54,3355,15,69,61.0,1,4.26125,153.405,0
0,34,43,1438,22,392,32.68181818181818,1,43.947,1538.145,0
0,35,49,3183,33,82,63.66,1,4.937777777777778,177.76,0
0,35,41,1378,31,72,32.80952380952381,1,2.1679166666666667,78.045,0
0,35,65,2760,26,91,41.81818181818182,1,3.53125,127.125,0
0,35,22,1345,16,291,58.47826086956522,1,29.630000000000003,1066.68,0
0,34,104,8100,41,257,77.14285714285714,1,22.176,776.16,0
0,35,152,12758,42,194,83.38562091503267,1,14.344444444444443,516.4,0
0,35,66,3500,23,89,52.23880597014925,1,3.9622222222222216,142.64,0
0,35,78,4903,10,88,62.063291139240505,1,6.22625,224.145,0
0,35,37,1223,15,52,32.18421052631579,2,1.4,50.4,0
0,35,208,14125,30,260,67.58373205741627,1,20.66625,743.985,0
0,35,10,2080,6,467,189.0909090909091,1,52.43333333333333,1887.6,0
0,34,165,14470,28,311,87.16867469879519,1,33.987857142857145,1189.575,0
0,34,69,5485,24,247,78.35714285714286,1,23.94742857142857,838.16,0
0,34,110,6493,41,503,58.4954954954955,1,53.74671428571428,1881.135,0
0,34,137,10450,45,182,75.72463768115942,1,12.099428571428572,423.48,0
0,34,58,5703,35,169,96.66101694915254,1,17.178428571428572,601.245,0
1,30,0,0,0,0,0.0,2,0.0,0.0,1
0,33,76,9420,40,116,122.33766233766234,1,6.982352941176471,237.4,0
1,33,81,4803,22,103,58.573170731707314,1,6.464117647058823,219.78,1
0,31,5,1825,12,17,304.1666666666667,1,2.2875,73.2,0
0,32,24,1975,14,38,79.0,2,2.725909090909091,89.955,1
0,33,27,1253,29,58,44.75,2,1.741176470588235,59.2,1
1,33,0,0,0,0,0.0,2,0.0,0.0,1
0,33,8,653,4,12,72.55555555555556,1,0.7776470588235295,26.44,0
0,30,80,5770,20,100,71.23456790123457,1,4.717741935483871,146.25,0
0,28,221,15060,78,299,67.83783783783784,1,23.711896551724134,687.645,0
0,31,99,5950,31,369,59.5,1,42.11578125,1347.705,0
0,33,65,2703,26,91,40.95454545454545,1,3.663529411764706,124.56,0
0,32,27,650,18,51,23.214285714285715,2,1.547878787878788,51.08,0
0,33,36,1765,21,200,47.7027027027027,1,21.310147058823528,724.545,0
0,24,19,300,9,189,15.0,1,29.5542,738.855,0
0,23,22,553,66,88,24.043478260869566,1,0.5989583333333334,14.375,0
0,24,0,0,0,0,0.0,2,0.0,0.0,0
0,22,15,210,11,26,13.125,1,0.4402173913043478,10.125,0
0,22,44,2210,21,65,49.11111111111112,1,3.92,90.16,0
0,15,9,680,12,21,68.0,1,1.9378125,31.005,0
0,14,124,5377,40,217,43.016,1,39.60366666666666,594.055,0
0,12,154,7917,38,233,51.07741935483871,1,23.40576923076923,304.275,0
0,13,28,1837,17,45,63.3448275862069,1,5.328571428571428,74.6,0
0,6,23,3375,8,214,140.625,1,123.98857142857142,867.92,0
0,6,2,472,5,7,157.33333333333334,1,3.0471428571428567,21.33,1
1,35,0,0,0,0,0.0,2,0.0,0.0,1
0,34,92,5513,22,133,59.27956989247312,1,9.649285714285716,337.725,1
1,34,38,1963,29,94,50.333333333333336,2,5.372571428571429,188.04,1
1,34,1,323,2,5,161.5,2,0.3742857142857143,13.1,1
0,25,30,1010,9,225,32.58064516129032,1,33.99230769230769,883.8,0
0,15,135,6087,40,253,44.75735294117647,1,48.200625,771.21,0
0,13,165,8627,38,269,51.96987951807229,1,27.485714285714288,384.8,0
0,14,39,2547,17,80,63.675,1,13.296,199.44,0
0,7,13,1182,5,18,84.42857142857143,1,6.721875,53.775,1
1,31,41,650,15,65,15.476190476190476,2,2.23734375,71.595,1
1,33,35,2685,14,51,74.58333333333333,2,3.864705882352941,131.4,1
0,40,77,4675,19,108,59.93589743589744,1,5.806829268292684,238.08,0
0,41,11,623,6,31,51.91666666666666,2,1.937142857142857,81.36,0
0,39,66,2758,26,458,41.16417910447761,1,39.424,1576.96,0
0,40,72,4503,37,117,61.68493150684932,1,7.210365853658536,295.625,0
0,40,64,2698,35,108,41.50769230769231,1,4.019268292682927,164.79,0
0,40,88,4080,30,157,45.842696629213485,1,7.871219512195123,322.72,0
0,40,45,2665,20,357,57.93478260869565,1,31.13170731707317,1276.4,0
0,39,127,9420,45,323,73.59375,1,24.647,985.88,0
0,40,175,14078,46,228,79.98863636363636,1,14.588292682926827,598.12,0
0,40,89,4820,27,125,53.55555555555556,1,5.667317073170732,232.36,0
0,40,101,6223,14,129,61.00980392156863,1,7.535609756097561,308.96,0
1,40,60,2543,19,94,41.68852459016394,2,4.002926829268293,164.12,0
0,40,231,15445,34,326,66.57327586206897,1,21.244878048780485,871.04,0
0,40,33,3400,10,533,100.0,1,51.15414634146342,2097.32,0
0,39,188,15790,32,377,83.54497354497354,1,35.63775,1425.51,0
0,39,92,6805,28,313,73.17204301075269,1,26.197000000000003,1047.88,0
0,39,20,1180,13,40,56.19047619047619,2,2.1375,85.5,0
0,40,20,1015,10,50,48.333333333333336,2,2.960975609756097,121.4,0
0,39,6,305,2,15,43.57142857142857,2,1.137375,45.495,1
0,39,133,7813,45,569,58.30597014925373,1,47.046,1881.84,0
0,39,160,11770,49,227,73.1055900621118,1,8.58125,343.25,0
0,39,81,7023,39,235,85.64634146341463,1,20.9295,837.18,0
0,35,53,1260,19,95,23.33333333333333,2,4.014444444444445,144.52,1
0,38,99,10740,44,151,107.4,1,4.476538461538461,174.585,0
0,38,104,6123,26,163,58.31428571428572,1,10.992692307692309,428.715,0
0,36,28,3145,16,51,108.44827586206895,1,4.187027027027026,154.92,0
1,37,47,3295,18,81,68.64583333333333,2,5.202105263157895,197.68,1
1,38,50,2573,33,124,50.45098039215687,2,4.309615384615384,168.075,1
0,38,8,438,4,19,48.66666666666666,2,1.1753846153846157,45.84,1
0,38,31,1973,8,46,61.65625,1,1.7333333333333332,67.6,0
0,35,103,7090,24,148,68.17307692307692,1,3.8720833333333338,139.395,0
0,38,13,933,6,35,66.64285714285714,2,1.632051282051282,63.65,1
0,38,10,643,4,25,58.45454545454545,1,0.6742307692307693,26.295,0
0,33,244,16380,82,333,66.85714285714286,1,22.928823529411765,779.58,0
0,36,122,7270,35,435,59.10569105691057,1,38.04540540540541,1407.68,0
0,38,88,4023,30,127,45.20224719101124,1,5.13948717948718,200.44,0
0,37,50,1970,22,117,38.62745098039216,2,6.863157894736842,260.8,0
0,38,59,3085,25,266,51.41666666666666,1,24.627692307692307,960.48,0
0,29,42,1620,13,255,37.674418604651166,1,28.88266666666667,866.48,0
0,28,45,1873,70,152,40.71739130434783,1,2.905862068965517,84.27,0
0,29,31,1005,9,57,31.40625,2,3.648,109.44,0
0,28,16,1130,5,49,66.47058823529412,2,3.401724137931035,98.65,0
0,27,38,1530,15,79,39.23076923076923,1,6.698571428571428,187.56,0
0,27,67,3530,25,107,51.91176470588236,1,7.281428571428571,203.88,0
0,20,32,2000,16,83,60.60606060606061,1,10.537142857142856,221.28,0
0,19,147,6698,44,283,45.25675675675676,1,36.10125,722.025,0
0,17,177,9238,42,299,51.89887640449438,1,14.5125,261.225,0
0,18,51,3158,21,110,60.73076923076923,1,14.755789473684212,280.36,0
0,11,46,4695,12,280,99.8936170212766,1,89.80333333333334,1077.64,0
1,11,25,1793,9,41,68.96153846153847,1,8.393333333333333,100.72,1
0,42,80,4735,21,118,58.45679012345679,1,6.060465116279071,260.6,0
0,43,14,683,8,41,45.53333333333333,1,2.360909090909091,103.88,0
0,41,69,2818,28,468,40.25714285714286,1,38.08285714285714,1599.48,0
0,42,75,4563,39,127,60.03947368421053,1,7.595116279069767,326.59,0
0,42,67,2758,37,118,40.55882352941177,1,4.421511627906977,190.125,0
0,42,91,4140,32,167,45.0,1,8.028837209302326,345.24,0
0,42,48,2725,22,367,55.61224489795919,1,18.879651162790697,811.825,0
0,41,130,9480,47,333,72.36641221374046,1,24.00952380952381,1008.4,0
0,42,178,14138,48,238,78.98324022346368,1,14.433488372093024,620.64,0
0,42,92,4880,29,135,52.473118279569896,1,3.704651162790698,159.3,0
0,42,104,6283,16,139,59.83809523809524,1,7.708837209302326,331.48,0
0,42,63,2603,21,104,40.671875,1,2.7127906976744187,116.65,0
0,42,234,15505,36,336,65.97872340425532,1,20.780465116279068,893.56,0
0,42,36,3460,12,543,93.51351351351352,1,30.811627906976742,1324.9,0
0,41,191,15850,34,387,82.55208333333333,1,34.54392857142857,1450.845,0
0,41,95,6865,30,323,71.51041666666667,1,25.485714285714288,1070.4,0
0,41,23,1240,15,50,51.66666666666666,1,2.638928571428571,110.835,0
0,42,23,1075,12,60,44.79166666666666,1,3.3469767441860463,143.92,0
0,41,9,365,4,25,36.5,1,1.499047619047619,62.96,1
0,41,136,7873,47,579,57.46715328467153,1,45.34190476190476,1904.36,0
0,41,163,11830,51,237,72.13414634146342,1,8.507738095238095,357.325,0
0,41,84,7083,41,245,83.32941176470588,1,20.53607142857143,862.515,0
1,37,56,1320,21,105,23.157894736842103,1,4.395789473684211,167.04,1
1,40,102,10800,46,161,104.85436893203884,1,4.464146341463414,183.03,0
0,40,107,6183,28,173,57.25,1,9.84390243902439,403.6,0
0,38,31,3205,18,61,100.15625,1,4.549743589743589,177.44,0
1,39,50,3355,20,91,65.7843137254902,1,5.505,220.2,1
0,40,53,2633,35,134,48.75925925925926,1,4.442682926829268,182.15,1
0,40,11,498,6,29,41.5,1,1.6673170731707316,68.36,1
0,40,34,2033,10,56,58.08571428571429,1,1.9920731707317072,81.675,0
0,37,106,7150,26,158,66.82242990654206,1,3.8905263157894736,147.84,0
1,40,16,993,8,45,58.41176470588236,1,1.895731707317073,77.725,1
0,40,13,703,6,35,50.21428571428572,1,0.8473170731707318,34.74,0
0,35,247,16440,84,343,66.29032258064517,1,22.35875,804.915,0
0,38,125,7330,37,445,58.17460317460318,1,36.67179487179487,1430.2,0
0,40,91,4083,32,137,44.380434782608695,1,5.438048780487805,222.96,0
0,39,53,2030,24,127,37.5925925925926,1,4.426875,177.075,0
0,40,62,3145,27,276,49.92063492063492,1,24.04426829268293,985.815,0
0,31,45,1680,15,265,36.52173913043478,1,27.78125,889.0,0
0,30,48,1933,72,162,39.44897959183673,1,2.990806451612903,92.715,0
0,31,34,1065,11,67,30.428571428571427,1,4.12375,131.96,0
0,30,19,1190,7,59,59.5,1,3.636290322580645,112.725,0
0,29,41,1590,17,89,37.85714285714285,1,7.096500000000001,212.895,0
0,29,70,3590,27,117,50.563380281690144,1,7.546666666666667,226.4,0
0,22,35,2060,18,93,57.22222222222222,1,10.6,243.8,0
0,21,150,6758,46,293,44.75496688741722,1,33.97090909090909,747.36,0
0,19,180,9298,44,309,51.37016574585636,1,13.4835,269.67,0
0,20,54,3218,23,120,58.50909090909091,1,14.422857142857143,302.88,0
0,13,49,4755,14,290,95.1,1,78.58285714285715,1100.16,0
1,13,28,1853,11,51,63.89655172413793,1,8.802857142857142,123.24,1
0,38,74,4615,17,98,61.53333333333333,1,5.527179487179487,215.56,0
0,39,8,563,4,21,62.55555555555556,2,1.471,58.84,0
0,37,63,2698,24,448,42.15625,1,40.90631578947369,1554.44,0
0,38,69,4443,35,111,63.47142857142857,1,7.350256410256411,286.66,0
0,38,61,2638,33,101,42.54838709677419,1,3.921923076923077,152.955,0
0,38,85,4020,28,147,46.74418604651163,1,7.697435897435897,300.2,0
0,38,42,2605,18,347,60.58139534883721,1,32.150769230769235,1253.88,0
0,37,124,9360,43,313,74.88,1,25.35157894736842,963.36,0
0,38,172,14018,44,223,81.02890173410404,1,15.271794871794873,595.6,0
0,38,86,4760,25,118,54.71264367816092,1,5.688205128205128,221.84,0
0,38,98,6163,12,119,62.25252525252525,1,7.344615384615385,286.44,0
0,38,57,2483,17,84,42.810344827586206,2,3.630769230769231,141.6,0
0,38,228,15385,32,316,67.18340611353712,1,21.75692307692308,848.52,0
0,38,30,3340,8,523,107.74193548387096,1,53.2,2074.8,0
0,37,185,15730,30,367,84.56989247311827,1,36.84671052631579,1400.175,0
0,37,89,6745,26,303,74.94444444444444,1,26.98315789473684,1025.36,0
0,37,17,1120,11,35,62.22222222222222,2,2.1753947368421054,82.665,0
0,38,17,955,8,40,53.05555555555556,2,2.535384615384616,98.88,0
0,37,6,305,2,15,43.57142857142857,2,1.197236842105263,45.495,1
0,37,130,7753,43,559,59.18320610687023,1,48.92947368421053,1859.32,0
0,37,157,11710,47,217,74.11392405063292,1,8.6625,329.175,0
0,37,78,6963,37,225,88.13924050632912,1,21.36434210526316,811.845,0
1,33,50,1200,17,85,23.529411764705884,2,3.588235294117647,122.0,1
0,36,96,10680,42,145,110.10309278350516,1,4.652432432432432,172.14,0
0,36,101,6063,24,153,59.44117647058823,1,10.902162162162162,403.38,0
0,34,25,3085,14,46,118.65384615384616,1,4.354285714285714,152.4,0
0,35,44,3235,16,71,71.88888888888889,2,4.865555555555556,175.16,1
1,36,47,2513,31,114,52.35416666666666,2,6.65945945945946,246.4,1
0,36,6,305,2,15,43.57142857142857,2,1.092972972972973,40.44,1
0,36,28,1913,6,41,65.96551724137932,1,1.7844594594594596,66.025,0
0,33,100,7030,22,138,69.60396039603961,1,3.8514705882352938,130.95,0
0,36,10,873,4,25,79.36363636363636,2,1.339864864864865,49.575,1
0,36,6,305,2,15,43.57142857142857,1,0.4098648648648648,15.165,0
0,31,241,16320,80,328,67.43801652892562,1,24.27328125,776.745,0
0,34,119,7210,33,425,60.083333333333336,1,44.523,1558.305,0
0,36,85,3963,28,120,46.08139534883721,1,5.132972972972973,189.92,0
0,35,47,1910,20,107,39.79166666666666,2,6.618888888888889,238.28,0
0,36,56,3025,23,256,53.07017543859649,1,25.27418918918919,935.145,0
0,27,39,1560,11,245,39.0,1,33.909107142857145,949.455,0
0,26,42,1813,68,142,42.16279069767442,1,4.680555555555555,126.375,0
0,27,28,945,7,47,32.58620689655172,2,3.1042857142857145,86.92,0
0,26,13,1070,3,39,76.42857142857143,2,3.1324074074074075,84.575,0
0,25,35,1470,13,69,40.833333333333336,1,6.239423076923076,162.225,0
0,25,64,3470,23,97,53.38461538461539,1,6.975384615384616,181.36,0
0,18,29,1940,14,73,64.66666666666667,1,11.768684210526317,223.605,0
0,17,144,6638,42,273,45.77931034482759,1,38.705000000000005,696.69,0
0,15,174,9178,40,289,52.44571428571429,1,15.79875,252.78,0
0,16,48,3098,19,100,63.224489795918366,1,15.16705882352941,257.84,0
0,9,43,4635,10,270,105.3409090909091,1,105.512,1055.12,0
1,9,22,1733,7,36,75.34782608695652,1,9.82,98.2,1
0,44,79,4755,23,124,59.4375,1,6.2524444444444445,281.36,0
0,45,13,703,10,47,50.21428571428572,2,2.7095652173913045,124.64,0
0,43,68,2838,30,474,41.130434782608695,1,36.82363636363636,1620.24,0
0,44,74,4583,41,133,61.10666666666667,1,7.891888888888888,355.135,0
0,44,66,2778,39,124,41.46268656716418,1,4.744,213.48,0
0,44,90,4160,34,173,45.71428571428572,1,8.133333333333333,366.0,0
0,44,47,2745,24,373,57.1875,1,18.328888888888887,824.8,0
0,43,129,9500,49,339,73.07692307692308,1,23.39,1029.16,0
0,44,177,14158,50,244,79.53932584269663,1,14.253333333333332,641.4,0
0,44,91,4900,31,141,53.26086956521739,1,6.125333333333333,275.64,0
0,44,103,6303,18,145,60.60576923076923,1,7.827555555555556,352.24,0
1,44,62,2623,23,110,41.63492063492063,2,4.608888888888889,207.4,0
0,44,233,15525,38,342,66.34615384615384,1,20.318222222222225,914.32,0
0,44,35,3480,14,549,96.66666666666669,1,29.730555555555554,1337.875,0
0,43,190,15870,36,393,83.08900523560209,1,33.50454545454546,1474.2,0
0,43,94,6885,32,329,72.47368421052632,1,24.79909090909091,1091.16,0
0,43,22,1260,17,56,54.78260869565217,2,3.0497727272727277,134.19,0
0,44,22,1095,14,66,47.60869565217392,2,3.659555555555556,164.68,0
0,43,8,385,6,31,42.77777777777778,2,2.140568181818182,94.185,1
0,43,135,7893,49,585,58.03676470588236,1,43.75272727272727,1925.12,0
0,43,162,11850,53,243,72.69938650306749,1,8.415909090909091,370.3,0
0,43,83,7103,43,251,84.55952380952381,1,20.13340909090909,885.87,0
1,39,55,1340,23,111,23.928571428571427,2,4.695,187.8,1
0,42,101,10820,48,167,106.07843137254902,1,4.437558139534883,190.815,0
0,42,106,6203,30,179,57.97196261682243,1,9.868837209302326,424.36,0
0,40,30,3225,20,67,104.03225806451611,1,4.834146341463415,198.2,0
1,41,49,3375,22,97,67.5,2,5.7371428571428575,240.96,1
1,42,52,2653,37,140,50.0566037735849,2,4.537790697674419,195.125,1
0,42,10,518,8,35,47.09090909090909,2,2.072558139534884,89.12,1
0,42,33,2053,12,62,60.38235294117647,1,2.2011627906976745,94.65,0
0,39,105,7170,28,164,67.64150943396227,1,3.890625,155.625,0
1,42,15,1013,10,51,63.3125,2,2.109302325581396,90.7,1
0,42,12,723,8,41,55.61538461538461,1,0.988953488372093,42.525,0
0,37,246,16460,86,349,66.63967611336032,1,21.79657894736842,828.27,0
0,40,124,7350,39,451,58.8,1,35.38926829268293,1450.96,0
0,42,90,4103,34,143,45.08791208791209,1,5.667906976744186,243.72,0
1,41,52,2050,26,133,38.67924528301887,2,4.525,190.05,0
0,42,61,3165,29,282,51.04838709677419,1,23.46906976744186,1009.17,0
0,33,44,1700,17,271,37.77777777777778,1,26.75764705882353,909.76,0
0,32,47,1953,74,168,40.6875,1,3.0454545454545454,100.5,0
0,33,33,1085,13,73,31.91176470588235,2,4.491764705882353,152.72,0
0,32,18,1210,9,65,63.68421052631579,2,3.809090909090909,125.7,0
0,31,40,1610,19,95,39.26829268292683,1,7.3828125,236.25,0
0,31,69,3610,29,123,51.57142857142857,1,7.72375,247.16,0
0,24,34,2080,20,99,59.42857142857143,1,10.5824,264.56,0
0,23,149,6778,48,299,45.18666666666667,1,32.113125000000004,770.715,0
0,21,179,9318,46,315,51.766666666666666,1,12.611590909090909,277.455,0
0,22,53,3238,25,126,59.96296296296296,1,14.071304347826086,323.64,0
0,15,48,4775,16,296,97.44897959183672,1,70.0575,1120.92,0
1,15,27,1873,13,57,66.89285714285714,1,9.0,144.0,1
0,36,75,4595,15,97,60.46052631578947,1,5.805405405405406,214.8,0
0,37,6,305,2,15,43.57142857142857,2,1.0642105263157895,40.44,0
0,35,64,2678,22,442,41.2,1,42.602222222222224,1533.68,0
0,36,70,4423,33,110,62.29577464788732,1,6.315810810810811,233.685,0
0,36,62,2618,31,100,41.55555555555556,1,4.11081081081081,152.1,0
0,36,86,4000,26,141,45.97701149425287,1,7.552432432432433,279.44,0
0,36,43,2585,16,341,58.75,1,33.32756756756756,1233.12,0
0,35,125,9340,41,307,74.12698412698413,1,26.183333333333334,942.6,0
0,36,173,13998,42,222,80.44827586206897,1,16.076756756756758,594.84,0
0,36,87,4740,23,117,53.86363636363637,1,5.975135135135136,221.08,0
0,36,99,6143,10,116,61.43,1,7.5048648648648655,277.68,0
0,36,58,2463,15,80,41.74576271186441,2,3.482162162162162,128.84,0
0,36,229,15365,30,310,66.80434782608695,1,22.37189189189189,827.76,0
0,36,31,3320,6,517,103.75,1,55.51459459459459,2054.04,0
0,35,186,15710,28,361,84.01069518716578,1,38.245,1376.82,0
0,35,90,6725,24,297,73.9010989010989,1,27.905555555555555,1004.6,0
0,35,18,1100,9,34,57.89473684210526,2,2.2725,81.81,0
0,36,18,935,6,34,49.21052631578947,2,2.1113513513513515,78.12,0
0,35,6,305,2,15,43.57142857142857,2,1.26375,45.495,1
0,35,131,7733,41,553,58.583333333333336,1,51.07111111111111,1838.56,0
0,35,158,11690,45,211,73.52201257861635,1,8.783333333333333,316.2,0
0,35,79,6943,35,219,86.7875,1,21.9025,788.49,0
1,31,51,1180,15,79,22.692307692307693,2,3.16375,101.24,1
0,34,97,10660,40,144,108.77551020408164,1,4.910142857142857,171.855,0
0,34,102,6043,22,147,58.66990291262136,1,10.857857142857142,380.025,0
0,32,26,3065,12,45,113.51851851851852,1,4.595151515151515,151.64,0
1,33,45,3215,14,66,69.8913043478261,2,4.658823529411765,158.4,1
1,34,48,2493,29,108,50.87755102040816,2,6.446857142857143,225.64,1
0,34,6,305,2,15,43.57142857142857,2,1.1554285714285717,40.44,1
0,34,29,1893,4,40,63.1,1,1.8728571428571428,65.55,0
0,31,101,7010,20,132,68.72549019607843,1,3.84890625,123.165,0
0,34,6,305,2,15,43.57142857142857,2,0.7221428571428571,25.275,1
0,34,6,305,2,15,43.57142857142857,1,0.4332857142857143,15.165,0
0,29,242,16300,78,327,67.07818930041152,1,25.863,775.89,0
0,32,120,7190,31,419,59.421487603305785,1,41.34545454545455,1364.4,0
0,34,86,3943,26,119,45.32183908045977,1,5.404571428571429,189.16,0
0,33,48,1890,18,101,38.57142857142857,2,6.39764705882353,217.52,0
0,34,57,3005,21,250,51.810344827586206,1,26.051142857142857,911.79,0
0,25,40,1540,9,239,37.5609756097561,1,31.661538461538463,823.2,0
0,24,43,1793,66,136,40.75,1,4.5360000000000005,113.4,0
0,25,29,925,5,41,30.83333333333333,2,2.5446153846153843,66.16,0
0,24,6,305,2,26,43.57142857142857,2,2.111,52.775,0
0,23,36,1450,11,63,39.18918918918919,1,5.78625,138.87,0
0,23,65,3450,21,93,52.27272727272727,1,7.025,168.6,0
0,16,30,1920,12,67,61.935483870967744,1,11.779411764705882,200.25,0
0,15,145,6618,40,267,45.32876712328767,1,42.0834375,673.335,0
0,13,175,9158,38,283,52.03409090909091,1,17.499642857142856,244.995,0
0,14,49,3078,17,94,61.56,1,15.805333333333332,237.08,0
0,7,44,4615,8,264,102.55555555555556,1,129.295,1034.36,0
1,7,23,1713,5,35,71.375,1,12.18,97.44,1
0,46,87,4935,25,139,56.07954545454545,1,6.571914893617021,308.88,0
0,47,21,883,12,62,40.13636363636363,2,3.17,152.16,0
0,45,76,3018,32,489,39.1948051948052,1,35.82086956521739,1647.76,0
0,46,82,4763,43,148,57.3855421686747,1,8.361170212765957,392.975,0
0,46,74,2958,41,139,39.44,1,5.200851063829787,244.44,0
0,46,98,4340,36,188,43.83838383838384,1,8.372765957446807,393.52,0
0,46,55,2925,26,388,52.23214285714285,1,17.914893617021278,842.0,0
0,45,137,9680,51,354,70.14492753623189,1,22.971304347826088,1056.68,0
0,46,185,14338,52,259,77.08602150537635,1,14.232340425531914,668.92,0
0,46,99,5080,33,156,50.8,1,4.031382978723404,189.475,0
0,46,111,6483,20,160,57.88392857142857,1,8.08,379.76,0
0,46,70,2803,25,125,39.478873239436616,2,3.1239361702127657,146.825,0
0,46,241,15705,40,357,64.89669421487604,1,20.03914893617021,941.84,0
0,46,43,3660,16,564,83.18181818181819,1,28.831382978723404,1355.075,0
0,45,198,16050,38,408,80.65326633165829,1,32.72086956521739,1505.16,0
0,45,102,7065,34,344,68.59223300970874,1,15.19945652173913,699.175,0
0,45,30,1440,19,71,46.45161290322581,2,3.191304347826087,146.8,0
0,46,30,1275,16,81,41.12903225806452,2,4.089361702127659,192.2,0
0,45,16,565,8,46,33.23529411764706,2,2.418260869565217,111.24,1
0,45,143,8073,51,600,56.0625,1,42.44869565217392,1952.64,0
0,45,170,12030,55,258,70.35087719298245,1,8.423913043478262,387.5,0
0,45,91,7283,45,266,79.16304347826087,1,19.93108695652174,916.83,0
1,41,63,1520,25,126,23.75,2,5.126666666666667,215.32,1
0,44,109,11000,50,182,100.0,1,4.469666666666667,201.135,0
0,44,114,6383,32,194,55.50434782608696,1,10.041777777777778,451.88,0
0,42,38,3405,22,82,87.3076923076923,1,3.280813953488372,141.075,0
1,43,57,3555,24,112,61.293103448275865,2,6.101818181818183,268.48,1
1,44,60,2833,39,155,46.44262295081968,2,4.718333333333333,212.325,1
0,44,18,698,10,50,36.73684210526316,2,2.592,116.64,1
0,44,41,2233,14,77,53.16666666666666,1,2.4855555555555555,111.85,0
0,41,113,7350,30,179,64.47368421052632,1,3.951071428571428,165.945,0
1,44,23,1193,12,66,49.708333333333336,2,2.397777777777778,107.9,1
0,44,20,903,10,56,43.0,1,1.1743333333333332,52.845,0
0,39,254,16640,88,364,65.25490196078431,1,21.48075,859.23,0
1,42,132,7530,41,466,56.61654135338346,1,34.38325581395349,1478.48,0
0,44,98,4283,36,158,43.26262626262626,1,6.027555555555556,271.24,0
0,43,60,2230,28,148,36.55737704918032,2,4.7102272727272725,207.25,0
0,44,69,3345,31,297,47.785714285714285,1,23.114,1040.13,0
0,35,52,1880,19,286,35.471698113207545,1,26.035555555555558,937.28,0
0,34,55,2133,76,183,38.08928571428572,1,3.166285714285714,110.82,0
0,35,41,1265,15,88,30.11904761904762,2,5.006666666666667,180.24,0
0,34,26,1390,11,80,51.48148148148148,2,4.082857142857143,142.9,0
0,33,48,1790,21,110,36.53061224489796,1,7.859117647058823,267.21,0
0,33,77,3790,31,138,48.58974358974359,1,5.049264705882353,171.675,0
0,26,42,2260,22,114,52.55813953488372,1,10.817777777777778,292.08,0
0,25,157,6958,50,314,44.03797468354431,1,30.833653846153844,801.675,0
0,23,187,9498,48,330,50.52127659574468,1,11.990625,287.775,0
0,24,61,3418,27,141,55.12903225806452,1,8.779,219.475,0
0,17,56,4955,18,311,86.9298245614035,1,63.80222222222223,1148.44,0
0,17,35,2053,15,72,57.02777777777778,1,9.52888888888889,171.52,1
0,34,67,4415,13,87,64.92647058823529,1,5.922285714285715,207.28,0
0,35,6,305,2,15,43.57142857142857,2,1.26375,45.495,0
0,33,56,2498,20,427,43.82456140350877,1,44.29882352941177,1506.16,0
0,34,62,4243,31,100,67.34920634920636,1,6.435,225.225,0
0,34,54,2438,29,90,44.32727272727273,1,5.016,175.56,0
0,34,78,3820,24,126,48.35443037974684,1,7.1977142857142855,251.92,0
0,34,35,2405,14,326,66.80555555555556,1,34.44571428571428,1205.6,0
0,33,117,9160,39,292,77.62711864406779,1,26.914117647058823,915.08,0
0,34,165,13818,40,212,83.24096385542168,1,16.78057142857143,587.32,0
0,34,79,4560,21,107,57.0,1,6.101714285714285,213.56,0
0,34,91,5963,8,106,64.81521739130434,1,7.718857142857144,270.16,0
0,34,50,2283,13,70,44.76470588235294,2,3.466285714285714,121.32,0
0,34,221,15185,28,295,68.40090090090091,1,22.864,800.24,0
0,34,23,3140,4,502,130.83333333333334,1,57.90057142857143,2026.52,0
0,33,178,15530,26,346,86.75977653631286,1,39.58411764705882,1345.86,0
0,33,82,6545,22,282,78.855421686747,1,28.73764705882353,977.08,0
0,33,10,920,7,24,83.63636363636364,2,2.1573529411764705,73.35,0
0,34,10,755,4,21,68.63636363636364,2,1.6742857142857144,58.6,0
0,33,6,305,2,15,43.57142857142857,2,1.3380882352941177,45.495,1
0,33,123,7553,39,538,60.91129032258065,1,59.92411764705883,2037.42,0
0,33,150,11510,43,200,76.2251655629139,1,9.088235294117649,309.0,0
0,33,71,6763,33,204,93.93055555555556,1,22.28029411764706,757.53,0
0,29,43,1000,13,64,22.727272727272727,2,2.7645,82.935,1
0,32,89,10480,38,134,116.44444444444444,1,5.122272727272727,169.035,0
0,32,94,5863,20,132,61.71578947368421,1,10.577727272727271,349.065,1
0,30,18,2885,10,35,151.8421052631579,1,4.6490322580645165,144.12,0
0,31,37,3035,12,56,79.86842105263158,2,4.715,150.88,1
1,32,40,2313,27,93,56.41463414634146,2,6.003636363636364,198.12,1
0,32,6,305,2,15,43.57142857142857,2,1.2254545454545454,40.44,1
0,32,6,305,2,15,43.57142857142857,1,1.2254545454545454,40.44,0
0,29,93,6830,18,118,72.65957446808511,1,3.8115,114.345,0
0,32,6,305,2,15,43.57142857142857,2,0.7659090909090909,25.275,1
0,32,6,305,2,15,43.57142857142857,1,0.4595454545454545,15.165,1
0,27,234,16120,76,317,68.59574468085107,1,27.408214285714283,767.43,0
0,30,112,7010,29,404,62.0353982300885,1,48.5158064516129,1503.99,0
0,32,78,3763,24,109,47.63291139240506,1,6.192272727272727,204.345,0
0,31,40,1710,16,86,41.707317073170735,2,5.9375,190.0,0
0,32,49,2825,19,235,56.5,1,26.69181818181818,880.83,0
0,23,32,1360,7,224,41.21212121212121,1,37.2975,895.14,0
0,22,35,1613,64,121,44.80555555555556,1,4.182608695652174,96.2,0
0,23,21,745,3,31,33.86363636363637,2,2.74875,65.97,0
0,22,6,305,2,21,43.57142857142857,2,1.751086956521739,40.275,0
0,21,28,1270,9,48,43.793103448275865,1,4.905,107.91,0
0,21,57,3270,19,83,56.37931034482759,1,7.321818181818182,161.08,0
0,14,22,1740,10,52,75.65217391304348,1,11.286,169.29,0
0,13,137,6438,38,252,46.65217391304348,1,45.88392857142857,642.375,0
0,11,167,8978,36,268,53.44047619047619,1,32.59375,391.125,0
0,12,41,2898,15,79,69.0,1,16.12,209.56,0
0,5,36,4435,6,249,119.86486486486488,1,167.80666666666667,1006.84,0
1,5,15,1533,3,25,95.8125,1,14.986666666666666,89.92,1
0,43,85,4855,24,132,56.45348837209303,1,6.581818181818182,289.6,0
0,44,19,803,11,55,40.15,2,2.952888888888889,132.88,0
0,42,74,2938,31,482,39.17333333333333,1,37.87162790697675,1628.48,0
0,43,80,4683,42,141,57.81481481481482,1,8.32875,366.465,0
0,43,72,2878,40,132,39.42465753424658,1,5.0625,222.75,0
0,43,96,4260,35,181,43.91752577319588,1,8.505454545454546,374.24,0
0,43,53,2845,25,381,52.68518518518518,1,30.180000000000003,1327.92,0
0,42,135,9600,50,347,70.58823529411765,1,24.12558139534884,1037.4,0
0,43,183,14258,51,252,77.48913043478261,1,14.764545454545454,649.64,0
0,43,97,5000,32,149,51.02040816326531,1,6.451818181818182,283.88,0
0,43,109,6403,19,153,58.20909090909091,1,8.192727272727273,360.48,0
1,43,68,2723,24,118,39.46376811594203,2,4.90090909090909,215.64,0
0,43,239,15625,39,350,65.10416666666667,1,20.967272727272725,922.56,0
0,43,41,3580,15,557,85.23809523809524,1,48.83727272727273,2148.84,0
0,42,196,15970,37,401,81.06598984771574,1,34.4993023255814,1483.47,0
0,42,100,6985,33,337,69.15841584158416,1,25.56744186046512,1099.4,0
0,42,28,1360,18,64,46.89655172413793,2,3.3362790697674423,143.46,0
0,43,28,1195,15,74,41.206896551724135,2,3.93,172.92,0
0,42,14,485,7,39,32.333333333333336,2,2.4059302325581395,103.455,1
0,42,141,7993,50,593,56.2887323943662,1,44.961860465116274,1933.36,0
0,42,168,11950,54,251,70.71005917159763,1,8.731395348837209,375.45,0
0,42,89,7203,44,259,80.03333333333333,1,20.81720930232558,895.14,0
0,38,61,1440,24,119,23.225806451612904,2,5.026666666666666,196.04,1
0,41,107,10920,49,175,101.11111111111111,1,4.616785714285714,193.905,0
0,41,112,6303,31,187,55.7787610619469,1,11.5875,486.675,0
0,39,36,3325,21,75,89.86486486486487,1,5.161,206.44,0
1,40,55,3475,23,105,62.05357142857143,2,6.078048780487805,249.2,1
1,41,58,2753,38,148,46.66101694915254,2,4.768452380952381,200.275,1
1,41,16,618,9,43,36.35294117647059,2,2.318095238095238,97.36,1
0,41,39,2153,13,70,53.825,1,2.376190476190476,99.8,0
0,38,111,7270,29,172,64.91071428571429,1,4.069615384615385,158.715,0
0,41,21,1113,11,59,50.59090909090909,2,2.282142857142857,95.85,1
0,41,18,823,9,49,43.31578947368421,1,1.0860714285714286,45.615,0
1,36,252,16560,87,357,65.45454545454545,1,22.636216216216216,837.54,0
0,39,130,7450,40,459,56.87022900763359,1,36.48,1459.2,0
0,41,96,4203,35,151,43.329896907216494,1,5.999047619047619,251.96,0
0,40,58,2150,27,141,36.440677966101696,2,7.617560975609756,312.32,0
0,41,67,3265,30,290,48.01470588235294,1,24.24857142857143,1018.44,0
0,32,50,1800,18,279,35.294117647058826,1,27.818181818181817,918.0,0
0,31,53,2053,75,176,38.01851851851852,1,3.2371875,103.59,0
0,32,39,1185,14,81,29.625,2,4.877575757575758,160.96,0
0,31,24,1310,10,73,52.4,2,4.0890625,130.85,0
0,30,46,1710,20,103,36.38297872340426,1,7.92,245.52,0
0,30,75,3710,30,131,48.81578947368421,1,8.238709677419354,255.4,0
0,23,40,2180,21,107,53.170731707317074,1,11.366666666666667,272.8,0
0,22,155,6878,49,307,44.08974358974359,1,33.91239130434783,779.985,0
0,20,185,9418,47,323,50.634408602150536,1,13.359285714285717,280.545,0
0,21,59,3338,26,134,55.63333333333333,1,15.085454545454546,331.88,0
0,14,54,4875,17,304,88.63636363636364,1,75.27733333333335,1129.16,0
0,14,33,1973,14,65,58.02941176470589,1,10.149333333333336,152.24,1
0,37,69,4495,14,90,64.21428571428571,1,5.541052631578947,210.56,0
0,38,6,305,2,15,43.57142857142857,2,1.0369230769230768,40.44,0
0,36,58,2578,21,434,43.69491525423729,1,41.22810810810811,1525.44,0
0,37,64,4323,32,103,66.50769230769231,1,7.3627631578947375,279.785,0
0,37,56,2518,30,93,44.175438596491226,1,3.8771052631578953,147.33,0
0,37,80,3900,25,133,48.14814814814815,1,7.136842105263158,271.2,0
0,37,37,2485,15,333,65.39473684210526,1,32.23368421052632,1224.88,0
0,36,119,9240,40,299,77.0,1,25.252972972972973,934.36,0
0,37,167,13898,41,215,82.72619047619048,1,15.542105263157897,590.6,0
0,37,81,4640,22,110,56.58536585365854,1,5.706315789473685,216.84,0
0,37,93,6043,9,109,64.2872340425532,1,7.1957894736842105,273.44,0
0,37,52,2363,14,73,44.58490566037736,2,3.2789473684210524,124.6,0
0,37,223,15265,29,302,68.14732142857143,1,21.566315789473684,819.52,0
0,37,25,3220,5,509,123.84615384615384,1,53.83684210526316,2045.8,0
0,36,180,15610,27,353,86.24309392265194,1,36.96081081081081,1367.55,0
0,36,84,6625,23,289,77.94117647058823,1,26.92864864864865,996.36,0
0,36,12,1000,8,27,76.92307692307692,2,2.082162162162162,77.04,0
0,37,12,835,5,26,64.23076923076923,2,1.8389473684210524,69.88,0
0,36,6,305,2,15,43.57142857142857,2,1.2295945945945943,45.495,1
0,36,125,7633,40,545,60.57936507936508,1,49.468108108108105,1830.32,0
0,36,152,11590,44,203,75.7516339869281,1,8.406756756756756,311.05,0
0,36,73,6843,34,211,92.47297297297295,1,21.06,779.22,0
1,32,45,1080,14,71,23.47826086956522,2,2.8181818181818183,93.0,1
0,35,91,10560,39,137,114.78260869565216,1,4.729583333333333,170.265,0
0,35,96,5943,21,139,61.2680412371134,1,10.29875,370.755,1
0,33,20,2965,11,38,141.1904761904762,1,4.335294117647059,147.4,0
1,34,39,3115,13,59,77.875,2,4.404571428571429,154.16,1
0,35,42,2393,28,100,55.65116279069768,2,3.7743055555555554,135.875,1
1,35,6,305,2,15,43.57142857142857,2,1.1233333333333333,40.44,1
0,35,23,1793,3,33,74.70833333333333,1,1.7472222222222222,62.9,0
0,32,95,6910,19,124,71.97916666666667,1,3.638636363636364,120.075,0
0,35,6,305,2,15,43.57142857142857,2,0.7020833333333333,25.275,1
0,35,6,305,2,15,43.57142857142857,1,0.4212499999999999,15.165,0
0,30,236,16200,77,320,68.35443037974683,1,24.87483870967742,771.12,0
0,33,114,7090,30,411,61.65217391304348,1,39.887058823529415,1356.16,0
0,35,80,3843,25,112,47.44444444444444,1,5.136666666666667,184.92,0
0,34,42,1790,17,93,41.627906976744185,2,5.979428571428572,209.28,0
0,35,51,2905,20,242,55.86538461538461,1,25.07,902.52,0
0,26,34,1440,8,231,41.142857142857146,1,30.183703703703703,814.96,0
0,25,37,1693,65,128,44.55263157894737,1,2.498076923076923,64.95,0
0,26,23,825,4,34,34.375,2,2.293333333333333,61.92,0
0,25,6,305,2,25,43.57142857142857,2,1.9336538461538464,50.275,0
0,24,30,1350,10,55,43.54838709677419,1,5.184,129.6,0
0,24,59,3350,20,86,55.833333333333336,1,6.574400000000001,164.36,0
0,17,24,1820,11,59,72.8,1,9.431111111111113,169.76,0
0,16,139,6518,39,259,46.55714285714286,1,39.06264705882353,664.065,0
0,14,169,9058,37,275,53.28235294117647,1,16.127,241.905,0
0,15,43,2978,16,86,67.68181818181819,1,14.3025,228.84,0
0,8,38,4515,7,256,115.76923076923076,1,114.01333333333332,1026.12,0
1,8,17,1613,4,28,89.61111111111111,1,10.355555555555556,93.2,1
0,40,87,5275,34,154,59.94318181818182,1,8.450731707317074,346.48,0
0,41,21,1223,21,77,55.59090909090909,2,4.5180952380952375,189.76,0
0,39,76,3358,41,504,43.61038961038961,1,42.134,1685.36,0
0,40,82,5103,52,163,61.48192771084337,1,10.845731707317071,444.675,0
0,40,74,3298,50,154,43.973333333333336,1,6.993658536585366,286.74,0
0,40,98,4680,45,203,47.27272727272727,1,10.515121951219513,431.12,0
0,40,55,3265,35,403,58.30357142857143,1,21.10975609756097,865.5,0
1,39,137,10020,60,369,72.6086956521739,1,27.357,1094.28,0
0,40,185,14678,61,274,78.91397849462365,1,17.232195121951218,706.52,0
0,40,99,5420,42,171,54.2,1,8.311219512195121,340.76,0
0,40,111,6823,29,175,60.91964285714285,1,10.179512195121951,417.36,0
0,40,70,3143,34,140,44.267605633802816,2,6.646829268292683,272.52,0
1,40,241,16045,49,372,66.30165289256199,1,23.88878048780488,979.44,0
0,40,43,4000,25,579,90.9090909090909,1,33.62378048780488,1378.575,0
0,39,198,16390,47,423,82.36180904522612,1,38.6865,1547.46,0
0,39,102,7405,43,359,71.89320388349515,1,28.907,1156.28,0
0,39,30,1780,28,86,57.41935483870968,2,5.186249999999999,207.45,0
0,40,30,1615,25,96,52.096774193548384,2,5.604878048780488,229.8,0
1,39,16,905,17,61,53.23529411764706,2,4.186125,167.445,1
0,39,143,8413,60,615,58.42361111111112,1,49.756,1990.24,0
0,39,170,12370,64,273,72.3391812865497,1,10.275,411.0,0
0,39,91,7623,54,281,82.8586956521739,1,23.97825,959.13,0
1,35,63,1860,34,141,29.0625,2,7.025555555555555,252.92,1
0,38,109,11340,59,197,103.0909090909091,1,5.518846153846154,215.235,0
0,38,114,6723,41,209,58.46086956521739,1,12.550769230769232,489.48,0
0,36,38,3745,31,97,96.02564102564102,1,7.1167567567567565,263.32,0
1,37,57,3895,33,127,67.15517241379311,2,8.054736842105262,306.08,1
0,38,60,3173,48,170,52.01639344262295,2,6.046794871794871,235.825,1
0,38,18,1038,19,65,54.63157894736842,2,3.9548717948717953,154.24,1
0,38,41,2573,23,92,61.26190476190476,1,3.47051282051282,135.35,0
0,35,113,7690,39,194,67.45614035087719,1,5.00125,180.045,0
0,38,23,1533,21,81,63.875,2,3.3692307692307693,131.4,1
0,38,20,1243,19,71,59.19047619047619,1,1.7165384615384611,66.945,0
0,33,254,16980,97,379,66.58823529411765,1,26.51558823529412,901.53,0
0,36,132,7870,50,481,59.17293233082707,1,40.97513513513513,1516.08,0
0,38,98,4623,45,173,46.696969696969695,1,7.918974358974358,308.84,0
1,37,60,2570,37,163,42.131147540983605,2,6.072368421052632,230.75,1
0,38,69,3685,40,312,52.642857142857146,1,27.754615384615388,1082.43,0
0,29,52,2220,28,301,41.886792452830186,1,32.496,974.88,0
0,28,55,2473,85,198,44.160714285714285,1,4.307586206896552,124.92,0
0,29,41,1605,24,103,38.21428571428572,2,7.261333333333334,217.84,0
0,28,26,1730,20,95,64.07407407407408,2,5.737931034482759,166.4,0
0,27,48,2130,30,125,43.46938775510204,1,11.053928571428573,309.51,0
0,27,77,4130,40,153,52.94871794871795,1,11.152857142857142,312.28,0
0,20,42,2600,31,129,60.46511627906977,1,15.69904761904762,329.68,0
0,19,157,7298,59,329,46.18987341772152,1,42.19875,843.975,0
0,17,187,9838,57,345,52.32978723404256,1,16.770833333333332,301.875,0
0,18,61,3758,36,156,60.61290322580645,1,20.461052631578948,388.76,0
0,11,56,5295,27,326,92.89473684210526,1,98.83666666666666,1186.04,0
1,11,35,2393,24,87,66.47222222222223,1,17.426666666666666,209.12,1
0,40,67,4075,4,78,59.9264705882353,1,4.72390243902439,193.68,0
0,41,6,305,2,15,43.57142857142857,2,0.9628571428571427,40.44,0
0,39,56,2158,11,412,37.85964912280702,1,36.714,1468.56,0
0,40,62,3903,22,91,61.95238095238095,1,6.257926829268293,256.575,0
0,40,54,2098,20,81,38.14545454545455,1,3.1302439024390245,128.34,0
0,40,78,3480,15,111,44.050632911392405,1,5.227317073170732,214.32,0
0,40,35,2065,5,311,57.36111111111112,1,28.48780487804878,1168.0,0
0,39,117,8820,30,277,74.7457627118644,1,21.937,877.48,0
0,40,165,13478,31,203,81.19277108433735,1,13.993170731707318,573.72,0
0,40,79,4220,12,98,52.75,1,4.877073170731707,199.96,0
0,40,91,5623,17,115,61.119565217391305,1,6.257560975609756,256.56,0
0,40,50,1943,4,61,38.09803921568628,2,2.627317073170732,107.72,0
0,40,221,14845,19,280,66.86936936936937,1,18.600975609756095,762.64,0
0,40,23,2800,9,501,116.66666666666669,1,48.51024390243903,1988.92,0
0,39,178,15190,17,331,84.86033519553072,1,32.589,1303.56,0
0,39,82,6205,13,267,74.75903614457832,1,23.487,939.48,0
0,39,10,580,2,19,52.72727272727273,2,1.45125,58.05,0
0,40,10,415,2,19,37.72727272727273,2,1.0975609756097562,45.0,0
0,39,123,7213,30,523,58.16935483870968,1,44.336,1773.44,0
0,39,150,11170,34,191,73.97350993377484,1,7.5125,300.5,0
0,39,71,6423,24,189,89.20833333333333,1,17.88075,715.23,0
0,35,43,660,4,54,15.0,2,1.5588888888888888,56.12,1
0,38,89,10140,29,125,112.66666666666669,1,4.203461538461538,163.935,0
0,38,94,5523,11,117,58.13684210526316,1,7.865769230769231,306.765,1
0,36,18,2545,6,31,133.94736842105263,1,3.527567567567568,130.52,0
0,37,37,2695,3,47,70.92105263157895,2,3.6126315789473686,137.28,1
0,38,40,1973,18,78,48.1219512195122,2,4.115897435897436,160.52,1
1,38,6,305,2,15,43.57142857142857,2,1.0369230769230768,40.44,1
0,38,21,1373,2,30,62.40909090909091,1,1.3423076923076924,52.35,0
0,35,93,6490,9,109,69.04255319148936,1,3.0345833333333334,109.245,0
0,38,6,305,2,15,43.57142857142857,2,0.648076923076923,25.275,1
0,38,6,305,2,15,43.57142857142857,1,0.3888461538461538,15.165,0
0,33,234,15780,67,308,67.14893617021276,1,22.121470588235294,752.13,0
0,36,112,6670,20,389,59.02654867256637,1,35.115675675675675,1299.28,0
0,38,78,3423,15,100,43.32911392405063,1,4.308717948717948,168.04,0
0,37,40,1370,7,71,33.41463414634146,2,4.010526315789474,152.4,0
0,38,49,2485,10,220,49.7,1,21.50076923076923,838.53,0
0,29,32,1020,2,213,30.90909090909091,1,25.269333333333336,758.08,0
0,28,35,1273,55,106,35.361111111111114,1,2.506896551724138,72.7,0
0,29,21,405,2,30,18.40909090909091,2,1.5013333333333334,45.04,0
0,28,6,305,2,15,43.57142857142857,2,0.871551724137931,25.275,0
0,27,28,930,2,37,32.06896551724138,1,2.6646428571428573,74.61,0
0,27,57,2930,10,74,50.51724137931034,1,5.267142857142857,147.48,0
0,20,22,1400,2,38,60.869565217391305,1,6.047142857142857,126.99,0
0,19,137,6098,29,237,44.18840579710145,1,30.003750000000004,600.075,0
0,17,167,8638,27,253,51.41666666666666,1,12.254166666666666,220.575,0
0,18,41,2558,6,64,60.90476190476191,1,9.050526315789474,171.96,0
0,11,36,4095,25,262,110.67567567567568,1,80.77,969.24,0
1,11,15,1193,2,24,74.5625,1,6.359999999999999,76.32,1
0,41,83,4790,23,150,57.023809523809526,1,8.831428571428571,370.92,0
0,42,17,738,10,73,41.0,2,4.981395348837209,214.2,0
0,40,72,2873,30,500,39.35616438356164,1,41.702439024390245,1709.8,0
0,41,78,4618,41,159,58.45569620253165,1,11.387619047619047,478.28,0
0,41,70,2813,39,150,39.61971830985915,1,7.481785714285714,314.235,0
0,41,94,4195,34,199,44.1578947368421,1,10.846666666666668,455.56,0
0,41,51,2780,24,399,53.46153846153846,1,20.97083333333333,880.775,0
0,40,133,9535,49,365,71.15671641791045,1,27.285853658536585,1118.72,0
0,41,181,14193,50,270,77.98351648351648,1,17.403809523809525,730.96,0
0,41,95,4935,31,167,51.40625,1,5.434523809523809,228.25,0
0,41,107,6338,18,171,58.68518518518518,1,10.51904761904762,441.8,0
1,41,66,2658,23,136,39.67164179104478,2,4.419047619047619,185.6,0
0,41,237,15560,38,368,65.3781512605042,1,23.901904761904763,1003.88,0
0,41,39,3515,14,575,87.875,1,33.18690476190476,1393.85,0
0,40,194,15905,36,419,81.56410256410257,1,34.14536585365854,1399.96,0
0,40,98,6920,32,355,69.8989898989899,1,17.99878048780488,737.95,0
0,40,26,1295,17,82,47.96296296296296,2,5.093658536585366,208.84,0
0,41,26,1130,14,92,41.851851851851855,2,6.053333333333334,254.24,0
0,40,12,420,6,57,32.30769230769231,2,4.226341463414634,173.28,1
0,40,139,7928,49,611,56.62857142857143,1,49.138536585365856,2014.68,0
0,40,166,11885,53,269,71.16766467065868,1,10.396951219512196,426.275,0
0,40,87,7138,43,277,81.11363636363636,1,21.390243902439025,877.0,0
1,36,59,1375,23,137,22.916666666666668,2,7.496216216216217,277.36,1
0,39,105,10855,48,193,102.40566037735849,1,5.61,224.4,0
0,39,110,6238,30,205,56.1981981981982,1,12.848,513.92,0
0,37,34,3260,20,93,93.14285714285714,1,4.7328947368421055,179.85,0
0,38,53,3410,22,123,63.14814814814815,2,8.474871794871794,330.52,1
1,39,56,2688,37,166,47.1578947368421,2,6.2775,251.1,1
0,39,14,553,8,61,36.86666666666667,2,4.4670000000000005,178.68,1
0,39,37,2088,12,88,54.94736842105263,1,3.765625,150.625,0
0,36,109,7205,28,190,65.5,1,5.113783783783784,189.21,0
0,39,19,1048,10,77,52.4,2,3.666875,146.675,1
0,39,16,758,8,67,44.588235294117645,1,1.90275,76.11,0
0,34,250,16495,86,375,65.71713147410358,1,26.54357142857143,929.025,0
0,37,128,7385,39,477,57.24806201550388,1,40.54,1540.52,0
0,39,94,4138,34,169,43.55789473684211,1,8.331999999999999,333.28,0
0,38,56,2085,26,159,36.578947368421055,2,6.308333333333334,246.025,0
0,39,65,3200,29,308,48.48484848484848,1,24.665,986.6,0
0,30,48,1735,17,297,35.40816326530612,1,32.23612903225806,999.32,0
0,29,51,1988,74,194,38.23076923076923,1,4.4695,134.085,0
0,30,37,1120,13,99,29.473684210526315,2,7.815483870967742,242.28,0
0,29,22,1245,9,91,54.130434782608695,2,6.055833333333334,181.675,0
0,28,44,1645,19,121,36.55555555555556,1,11.620862068965517,337.005,0
0,28,73,3645,29,149,49.25675675675676,1,7.256896551724138,210.45,0
0,21,38,2115,20,125,54.23076923076923,1,16.096363636363638,354.12,0
0,20,153,6813,48,325,44.24025974025974,1,41.49857142857143,871.47,0
0,18,183,9353,46,341,50.83152173913044,1,16.370526315789476,311.04,0
0,19,57,3273,25,152,56.43103448275862,1,12.9125,258.25,0
0,12,52,4810,16,322,90.75471698113208,1,93.11384615384615,1210.48,0
1,12,31,1908,13,83,59.625,1,17.966153846153848,233.56,1
0,39,71,4560,15,93,63.333333333333336,1,5.997375,239.895,0
0,40,6,305,2,15,43.57142857142857,2,1.1096341463414634,45.495,0
0,38,60,2643,22,416,43.32786885245902,1,41.65730769230769,1624.635,0
0,39,66,4388,33,106,65.49253731343283,1,7.08675,283.47,0
0,39,58,2583,31,96,43.77966101694916,1,4.593875,183.755,0
0,39,82,3965,26,115,47.7710843373494,1,4.747,189.88,0
0,39,39,2550,16,315,63.75,1,28.589,1143.56,0
0,38,121,9305,41,281,76.27049180327869,1,21.87282051282051,853.04,0
0,39,169,13963,42,218,82.13529411764706,1,14.832,593.28,0
0,39,83,4705,23,113,56.01190476190476,1,5.488,219.52,0
0,39,95,6108,10,112,63.625,1,7.765874999999999,310.635,0
1,39,54,2428,15,76,44.14545454545455,2,3.182,127.28,0
0,39,225,15330,30,284,67.83185840707965,1,18.455,738.2,0
0,39,27,3285,6,491,117.32142857142856,1,49.112,1964.48,0
0,38,182,15675,28,335,85.65573770491804,1,32.71961538461539,1276.065,0
0,38,86,6690,24,271,76.89655172413794,1,23.4625641025641,915.04,0
0,38,14,1065,9,30,71.0,2,2.052692307692308,80.055,0
0,39,14,900,6,27,60.0,2,1.81575,72.63,0
0,38,6,305,2,15,43.57142857142857,2,1.1665384615384615,45.495,1
0,38,127,7698,41,527,60.140625,1,50.45192307692308,1967.625,0
0,38,154,11655,45,206,75.19354838709677,1,12.82974358974359,500.36,0
0,38,75,6908,35,193,90.89473684210526,1,17.63423076923077,687.735,0
1,34,47,1145,15,69,23.854166666666668,2,2.4325714285714284,85.14,1
0,37,93,10625,40,140,113.03191489361704,1,7.511842105263158,285.45,0
0,37,98,6008,22,127,60.686868686868685,1,8.059736842105263,306.27,1
0,35,22,3030,12,41,131.7391304347826,1,4.1688888888888895,150.08,0
0,36,41,3180,14,62,75.71428571428571,2,4.238918918918919,156.84,1
0,37,44,2458,29,82,54.62222222222222,2,3.5810526315789475,136.08,1
1,37,6,305,2,15,43.57142857142857,2,1.0642105263157895,40.44,1
0,37,25,1858,4,36,71.46153846153847,1,2.7189473684210523,103.32,0
0,34,97,6975,20,124,71.1734693877551,1,5.551428571428572,194.3,0
0,37,7,818,2,16,102.25,2,1.0032894736842106,38.125,1
0,37,6,305,2,15,43.57142857142857,1,0.399078947368421,15.165,0
0,32,238,16265,78,323,68.05439330543933,1,23.45863636363636,774.135,0
0,35,116,7155,31,393,61.15384615384615,1,39.83875,1434.195,0
0,37,82,3908,26,115,47.08433734939759,1,5.553947368421053,211.05,0
0,36,44,1855,18,75,41.22222222222222,2,3.458378378378378,127.96,0
0,37,53,2970,21,224,55.0,1,21.343026315789476,811.035,0
0,28,36,1505,9,213,40.67567567567568,1,28.460172413793103,825.345,0
0,27,39,1758,66,112,43.95,1,2.2294642857142857,62.425,0
0,28,25,890,5,37,34.23076923076923,2,2.5060344827586207,72.675,0
0,27,10,1015,2,19,92.27272727272728,2,1.5401785714285714,43.125,0
0,26,32,1415,11,50,42.87878787878788,1,3.578333333333333,96.615,0
0,26,61,3415,21,89,55.08064516129032,1,6.1866666666666665,167.04,0
0,19,26,1885,12,45,69.81481481481481,1,5.874750000000001,117.495,0
0,18,141,6583,40,241,46.35915492957746,1,36.83263157894737,699.82,0
0,16,171,9123,38,257,53.0406976744186,1,20.72647058823529,352.35,0
0,17,45,3043,17,69,66.15217391304348,1,8.41777777777778,151.52,0
0,10,40,4580,8,238,111.70731707317071,1,85.89090909090909,944.8,0
0,10,19,1678,5,31,83.9,1,8.716363636363637,95.88,1
0,40,78,4865,22,121,61.58227848101266,1,6.871219512195123,281.72,0
0,41,12,813,9,44,62.53846153846154,2,2.9761904761904763,125.0,0
0,39,67,2948,29,471,43.35294117647059,1,40.515,1620.6,0
0,40,73,4693,40,130,63.41891891891892,1,8.67390243902439,355.63,0
0,40,65,2888,38,121,43.75757575757576,1,5.216707317073171,213.885,0
0,40,89,4270,33,170,47.44444444444444,1,8.935609756097561,366.36,0
0,40,46,2855,23,370,60.74468085106383,1,32.19609756097561,1320.04,0
0,39,128,9610,48,336,74.49612403100775,1,25.738,1029.52,0
0,40,176,14268,49,241,80.61016949152543,1,15.652682926829268,641.76,0
0,40,90,5010,30,138,55.05494505494506,1,6.7317073170731705,276.0,0
0,40,102,6413,17,142,62.262135922330096,1,8.600000000000001,352.6,0
0,40,61,2733,22,107,44.08064516129032,2,5.067317073170732,207.76,0
1,40,232,15635,37,339,67.1030042918455,1,22.30926829268293,914.68,0
0,40,34,3590,13,546,102.57142857142856,1,52.218536585365854,2140.96,0
0,39,189,15980,35,390,84.10526315789474,1,36.865125,1474.605,0
0,39,93,6995,31,326,74.41489361702128,1,27.288,1091.52,0
0,39,21,1370,16,53,62.27272727272727,2,3.364875,134.595,0
0,40,21,1205,13,63,54.77272727272727,2,4.025365853658537,165.04,0
0,39,7,495,5,28,61.875,2,2.36475,94.59,1
0,39,134,8003,48,582,59.28148148148148,1,48.137,1925.48,0
0,39,161,11960,52,240,73.82716049382717,1,9.263125,370.525,0
0,39,82,7213,42,248,86.90361445783132,1,22.156875,886.275,0
1,35,54,1450,22,108,26.363636363636363,2,5.226666666666667,188.16,1
0,38,100,10930,47,164,108.21782178217822,1,4.896153846153846,190.95,0
0,38,105,6313,29,176,59.5566037735849,1,12.25153846153846,477.81,0
0,36,29,3335,19,64,111.16666666666669,1,5.366486486486487,198.56,0
1,37,48,3485,21,94,71.12244897959184,2,6.350526315789473,241.32,1
1,38,51,2763,36,137,53.13461538461539,2,5.008974358974359,195.35,1
0,38,9,628,7,32,62.8,2,2.2943589743589743,89.48,1
0,38,32,2163,11,59,65.54545454545455,1,2.4326923076923075,94.875,0
0,35,104,7280,27,161,69.33333333333333,1,4.326666666666666,155.76,0
0,38,14,1123,9,48,74.86666666666666,2,2.331410256410256,90.925,1
0,38,11,833,7,38,69.41666666666667,1,1.0938461538461537,42.66,0
0,33,245,16570,85,346,67.35772357723577,1,24.372794117647057,828.675,0
0,36,123,7460,38,448,60.16129032258065,1,39.22486486486486,1451.32,0
0,38,89,4213,33,140,46.81111111111111,1,6.258461538461539,244.08,0
0,37,51,2160,25,130,41.53846153846154,2,8.01157894736842,304.44,0
0,38,60,3275,28,279,53.68852459016394,1,25.886538461538464,1009.575,0
0,29,43,1810,16,268,41.13636363636363,1,30.337333333333333,910.12,0
0,28,46,2063,73,165,43.8936170212766,1,3.470172413793104,100.635,0
0,29,32,1195,12,70,36.21212121212121,2,5.102666666666667,153.08,0
0,28,17,1320,8,62,73.33333333333333,2,4.3422413793103445,125.925,0
0,27,39,1720,18,92,43.0,1,8.451964285714286,236.655,0
0,27,68,3720,28,120,53.91304347826087,1,8.84,247.52,0
0,20,33,2190,19,96,64.41176470588235,1,12.615238095238096,264.92,0
0,19,148,6887,47,296,46.22147651006711,1,38.55375,771.075,0
0,17,178,9427,45,312,52.66480446927374,1,15.420833333333333,277.575,0
0,18,52,3347,24,123,63.15094339622642,1,17.050526315789472,323.96,0
0,11,47,4885,15,293,101.77083333333331,1,93.44,1121.28,0
1,11,26,1982,12,54,73.4074074074074,1,12.026666666666666,144.32,1
0,40,76,4485,16,95,58.24675324675325,1,4.742439024390244,194.44,0
0,41,10,433,3,18,39.36363636363637,2,0.8980952380952381,37.72,0
0,39,65,2568,23,445,38.90909090909091,1,38.333,1533.32,0
0,40,71,4313,34,105,59.90277777777778,1,5.8809756097560975,241.12,0
0,40,63,2508,32,95,39.1875,1,2.821829268292683,115.695,0
0,40,87,3890,27,144,44.20454545454545,1,6.806829268292683,279.08,0
0,40,44,2475,17,344,55.0,1,30.06731707317073,1232.76,0
0,39,126,9230,42,310,72.67716535433071,1,23.556,942.24,0
0,40,174,13888,43,217,79.36,1,13.719024390243902,562.48,0
0,40,88,4630,24,112,52.02247191011236,1,4.602926829268292,188.72,0
0,40,100,6033,11,116,59.73267326732673,1,6.4712195121951215,265.32,0
1,40,59,2353,16,81,39.21666666666667,2,2.9385365853658536,120.48,0
0,40,230,15255,31,313,66.03896103896103,1,20.180487804878048,827.4,0
0,40,32,3210,7,520,97.27272727272728,1,50.08975609756097,2053.68,0
0,39,187,15600,29,364,82.97872340425532,1,34.410375,1376.415,0
0,39,91,6615,25,300,71.90217391304348,1,25.106,1004.24,0
0,39,19,990,10,29,49.5,2,1.135125,45.405,0
0,40,19,825,7,37,41.25,2,1.8965853658536589,77.76,0
0,39,0,0,0,0,0.0,2,0.0,0.0,1
0,39,132,7623,42,556,57.31578947368421,1,45.955,1838.2,0
0,39,159,11580,46,214,72.375,1,7.899375000000001,315.975,0
0,39,80,6833,36,222,84.35802469135803,1,19.702125,788.085,0
1,35,52,1070,16,82,20.18867924528302,2,2.802222222222222,100.88,1
0,38,98,10550,41,139,106.56565656565655,1,4.095384615384615,159.72,0
0,38,103,5933,23,150,57.04807692307692,1,9.733846153846152,379.62,0
0,36,27,2955,13,40,105.53571428571428,1,3.223783783783784,119.28,0
0,37,46,3105,15,68,66.06382978723404,2,4.053684210526316,154.04,1
0,38,49,2383,30,111,47.66,2,3.6102564102564103,140.8,1
0,38,7,248,1,8,31.0,2,0.2615384615384615,10.2,1
0,38,30,1783,5,35,57.516129032258064,1,1.1621794871794873,45.325,0
0,35,102,6900,21,135,66.99029126213593,1,3.4175,123.03,0
0,38,12,743,3,22,57.15384615384615,2,0.9326923076923076,36.375,1
0,38,9,453,1,12,45.3,1,0.2546153846153846,9.93,0
0,33,243,16190,79,322,66.35245901639344,1,21.74955882352941,739.485,0
0,36,121,7080,32,422,58.03278688524591,1,36.865945945945946,1364.04,0
0,38,87,3833,27,114,43.55681818181818,1,4.02051282051282,156.8,0
0,37,49,1780,19,104,35.6,2,5.714736842105263,217.16,0
0,38,58,2895,22,253,49.067796610169495,1,23.368846153846157,911.385,0
0,29,41,1430,10,242,34.04761904761905,1,27.428,822.84,0
0,28,44,1683,67,139,37.4,1,2.341551724137931,67.905,0
0,29,30,815,6,44,26.29032258064516,2,2.1933333333333334,65.8,0
0,28,15,940,2,36,58.75,2,2.461206896551724,71.375,0
0,27,37,1340,12,66,35.26315789473684,1,4.945178571428571,138.465,0
0,27,66,3340,22,94,49.85074626865672,1,5.722857142857143,160.24,0
0,20,31,1810,13,70,56.5625,1,8.459047619047618,177.64,0
0,19,146,6507,41,270,44.265306122448976,1,33.64425,672.885,0
0,17,176,9047,39,286,51.11299435028248,1,13.6025,244.845,0
0,18,50,2967,18,97,58.1764705882353,1,12.456842105263158,236.68,0
0,11,45,4505,9,267,97.93478260869566,1,86.16666666666667,1034.0,0
1,11,24,1602,6,30,64.08,1,5.420000000000001,65.04,1
0,35,71,4675,18,93,64.93055555555556,1,6.4325,231.57,0
0,36,5,623,5,16,103.83333333333331,2,1.4935135135135134,55.26,0
0,34,60,2758,25,443,45.21311475409836,1,49.65171428571429,1737.81,0
0,35,66,4503,36,102,67.2089552238806,1,6.980416666666667,251.295,0
0,35,58,2698,34,93,45.72881355932204,1,4.363333333333333,157.08,0
0,35,82,4080,29,142,49.1566265060241,1,8.068888888888889,290.48,0
0,35,39,2665,19,342,66.625,1,34.56,1244.16,0
0,34,121,9420,44,308,77.21311475409836,1,27.24685714285714,953.64,0
0,35,169,14078,45,214,82.81176470588235,1,15.83,569.88,0
0,35,83,4820,26,110,57.38095238095238,1,5.558888888888889,200.12,0
0,35,95,6223,13,114,64.82291666666667,1,8.6475,311.31,0
0,35,54,2543,18,79,46.23636363636364,2,3.663333333333333,131.88,0
0,35,225,15445,33,311,68.34070796460178,1,23.3,838.8,0
0,35,27,3400,9,518,121.42857142857144,1,57.36333333333333,2065.08,0
0,34,182,15790,31,362,86.28415300546447,1,39.69257142857143,1389.24,0
0,34,86,6805,27,298,78.2183908045977,1,29.018285714285717,1015.64,0
0,34,14,1180,12,26,78.66666666666667,2,1.5351428571428571,53.73,0
0,35,14,1015,9,35,67.66666666666667,2,2.7862500000000003,100.305,0
0,34,127,7813,44,554,61.0390625,1,59.45142857142858,2080.8,0
0,34,154,11770,48,212,75.93548387096774,1,14.770285714285714,516.96,0
0,34,75,7023,38,220,92.40789473684212,1,22.883142857142857,800.91,0
1,30,47,1260,18,80,26.25,2,4.074677419354838,126.315,1
0,33,93,10740,43,136,114.25531914893617,1,7.965441176470588,270.825,0
0,33,98,6123,25,148,61.84848484848485,1,11.5425,392.445,1
0,31,22,3145,15,37,136.7391304347826,1,3.95875,126.68,0
1,32,41,3295,17,66,78.45238095238095,2,5.013333333333334,165.44,1
0,33,44,2573,32,109,57.17777777777778,2,6.961176470588235,236.68,1
0,33,2,438,3,5,146.0,2,0.5176470588235295,17.6,1
0,33,25,1973,7,32,75.88461538461539,1,2.3505882352941176,79.92,0
0,30,97,7090,23,133,72.34693877551021,1,6.844354838709678,212.175,0
0,33,7,933,5,20,116.625,2,1.2794117647058822,43.5,1
0,33,4,643,3,10,128.6,1,0.4177941176470588,14.205,0
0,28,238,16380,81,319,68.53556485355648,1,25.78655172413793,747.81,0
0,31,116,7270,34,420,62.136752136752136,1,48.3553125,1547.37,0
0,33,82,4023,29,112,48.46987951807229,1,5.565441176470588,189.225,0
0,32,44,1970,21,102,43.77777777777778,2,6.926060606060606,228.56,0
0,33,53,3085,24,251,57.129629629629626,1,27.18264705882353,924.21,0
0,24,36,1620,12,240,43.78378378378378,1,37.5408,938.52,0
0,23,39,1873,69,137,46.825,1,5.0125,120.3,0
0,24,25,1005,8,42,38.65384615384615,2,3.474,86.85,0
0,23,10,1130,4,34,102.72727272727272,2,3.270833333333333,78.5,0
0,22,32,1530,14,64,46.36363636363637,1,6.577826086956521,151.29,0
0,22,61,3530,24,92,56.935483870967744,1,7.462608695652173,171.64,0
0,15,26,2000,15,68,74.07407407407408,1,13.291875,212.67,0
0,14,141,6697,43,268,47.16197183098591,1,55.87266666666667,838.09,0
0,12,171,9237,41,284,53.70348837209303,1,31.93846153846154,415.2,0
0,13,45,3157,20,95,68.6304347826087,1,17.720000000000002,248.08,0
0,6,40,4695,11,265,114.51219512195122,1,149.34285714285716,1045.4,0
0,6,19,1792,8,27,89.6,1,10.348571428571429,72.44,1
0,45,83,4675,20,123,55.65476190476191,1,5.8765217391304345,270.32,0
0,46,17,623,7,46,34.611111111111114,2,2.4170212765957446,113.6,0
0,44,72,2758,27,473,37.78082191780822,1,35.76,1609.2,0
0,45,78,4503,38,132,57.0,1,7.390326086956521,339.955,0
0,45,70,2698,36,123,38.0,1,4.370869565217391,201.06,0
0,45,94,4080,31,172,42.94736842105263,1,7.716521739130434,354.96,0
0,45,51,2665,21,372,51.25,1,17.780434782608694,817.9,0
0,44,133,9420,46,338,70.29850746268657,1,22.62488888888889,1018.12,0
0,45,181,14078,47,243,77.35164835164835,1,13.703478260869565,630.36,0
0,45,95,4820,28,140,50.208333333333336,1,3.595108695652174,165.375,0
0,45,107,6223,15,144,57.62037037037037,1,7.4173913043478255,341.2,0
0,45,66,2543,20,109,37.95522388059702,2,2.6679347826086954,122.725,0
0,45,237,15445,35,341,64.89495798319328,1,19.636521739130437,903.28,0
0,45,39,3400,11,548,85.0,1,28.93423913043478,1330.975,0
0,44,194,15790,33,392,80.97435897435898,1,28.874666666666663,1299.36,0
0,44,98,6805,29,328,68.73737373737374,1,15.001666666666669,675.075,0
0,44,26,1180,14,55,43.7037037037037,2,2.405333333333333,108.24,0
0,45,26,1015,11,65,37.5925925925926,2,3.34,153.64,0
0,44,12,305,3,30,23.46153846153846,2,1.6151111111111112,72.68,1
0,44,139,7813,46,584,55.80714285714286,1,42.53511111111111,1914.08,0
0,44,166,11770,50,242,70.47904191616766,1,8.075555555555555,363.4,0
0,44,87,7023,40,250,79.80681818181819,1,17.253333333333334,776.4,0
1,40,59,1260,20,110,21.0,2,4.311219512195121,176.76,1
0,43,105,10740,45,166,101.32075471698111,1,4.242613636363637,186.675,0
0,43,110,6123,27,178,55.16216216216216,1,9.393636363636364,413.32,0
0,41,34,3145,17,66,89.85714285714286,1,2.7851190476190477,116.975,0
1,42,53,3295,19,96,61.01851851851852,2,5.346976744186046,229.92,1
1,43,56,2573,34,139,45.14035087719298,2,4.277840909090909,188.225,1
0,43,14,438,5,34,29.2,2,1.7745454545454544,78.08,1
0,43,37,1973,9,61,51.92105263157895,1,1.9943181818181817,87.75,0
0,40,109,7090,25,163,64.45454545454545,1,3.694756097560976,151.485,0
0,43,19,933,7,50,46.65,2,1.9045454545454543,83.8,1
0,43,16,643,5,40,37.8235294117647,1,0.8723863636363636,38.385,0
0,38,250,16380,83,348,65.2589641434263,1,20.91923076923077,815.85,0
0,41,128,7270,36,450,56.35658914728682,1,34.28380952380952,1439.92,0
0,43,94,4023,31,142,42.34736842105263,1,5.288181818181818,232.68,0
0,42,56,1970,23,132,34.56140350877193,2,4.259302325581396,183.15,0
0,43,65,3085,26,281,46.74242424242424,1,20.13636363636364,886.0,0
0,34,48,1620,14,270,33.06122448979592,1,25.677714285714288,898.72,0
0,33,51,1873,71,167,36.01923076923077,1,2.8341176470588234,96.36,0
0,34,37,1005,10,72,26.44736842105263,2,4.048,141.68,0
0,33,22,1130,6,64,49.130434782608695,2,3.494117647058824,118.8,0
0,32,44,1530,16,94,34.0,1,6.782727272727273,223.83,0
0,32,73,3530,26,122,47.7027027027027,1,4.471969696969697,147.575,0
0,25,38,2000,17,98,51.282051282051285,1,9.750769230769231,253.52,0
0,24,153,6697,45,298,43.48701298701299,1,30.33,758.25,0
0,22,183,9237,43,314,50.20108695652174,1,11.882608695652175,273.3,0
0,23,57,3157,22,125,54.43103448275862,1,8.139583333333333,195.35,0
0,16,52,4695,13,295,88.58490566037736,1,65.28705882352942,1109.88,0
0,16,31,1792,10,56,56.0,1,7.818823529411764,132.92,1
0,41,88,5385,19,144,60.50561797752809,1,8.736190476190476,366.92,0
0,42,22,1333,6,50,57.95652173913044,2,3.3069767441860463,142.2,0
0,40,77,3468,26,477,44.46153846153846,1,39.94634146341463,1637.8,0
0,41,83,5213,37,136,62.05952380952381,1,9.03047619047619,379.28,0
0,41,75,3408,35,127,44.8421052631579,1,5.553214285714286,233.235,0
0,41,99,4790,30,176,47.9,1,9.132380952380952,383.56,0
0,41,56,3375,20,376,59.21052631578947,1,19.89940476190476,835.775,0
0,40,138,10130,45,342,72.87769784172662,1,25.529756097560977,1046.72,0
0,41,186,14788,46,247,79.08021390374331,1,15.689523809523813,658.96,0
0,41,100,5530,27,144,54.75247524752475,1,4.363095238095238,183.25,0
0,41,112,6933,14,148,61.35398230088496,1,8.804761904761905,369.8,0
0,41,71,3253,19,113,45.18055555555556,2,3.3476190476190477,140.6,0
0,41,242,16155,34,345,66.48148148148148,1,22.187619047619048,931.88,0
0,41,44,4110,10,552,91.33333333333331,1,32.11547619047619,1348.85,0
0,40,199,16500,32,396,82.5,1,36.43792682926829,1493.955,0
0,40,103,7515,28,332,72.25961538461539,1,27.0419512195122,1108.72,0
0,40,31,1890,13,59,59.0625,2,3.7547560975609753,153.945,0
0,41,31,1725,10,69,53.90625,2,4.339047619047619,182.24,0
0,40,17,1015,2,34,56.388888888888886,2,2.4702439024390244,101.28,1
0,40,144,8523,45,588,58.77931034482759,1,47.38243902439024,1942.68,0
0,40,171,12480,49,246,72.55813953488372,1,9.29939024390244,381.275,0
0,40,92,7733,39,254,83.15053763440861,1,22.088414634146343,905.625,0
1,36,64,1970,19,114,30.307692307692307,2,5.55027027027027,205.36,1
0,39,110,11450,44,170,103.15315315315316,1,4.9350000000000005,197.4,0
0,39,115,6833,26,182,58.9051724137931,1,11.048,441.92,0
0,37,39,3855,16,70,96.375,1,5.677894736842105,215.76,0
1,38,58,4005,18,100,67.88135593220339,2,6.628717948717949,258.52,1
1,39,61,3283,33,143,52.95161290322581,2,5.1525,206.1,1
0,39,19,1148,4,38,57.4,2,2.6670000000000003,106.68,1
0,39,42,2683,8,65,62.395348837209305,1,2.640625,105.625,0
0,36,114,7800,24,167,67.82608695652173,1,4.384054054054055,162.21,0
0,39,24,1643,6,54,65.72,2,2.541875,101.675,1
0,39,21,1353,4,44,61.5,1,1.22775,49.11,0
0,34,255,17090,82,352,66.7578125,1,24.229285714285712,848.025,0
0,37,133,7980,35,454,59.55223880597015,1,38.64526315789474,1468.52,0
0,39,99,4733,30,146,47.33,1,6.531999999999999,261.28,0
0,38,61,2680,22,136,43.2258064516129,2,5.154487179487179,201.025,0
0,39,70,3795,25,285,53.45070422535211,1,25.723125,1028.925,0
0,30,53,2330,13,274,43.14814814814815,1,29.91354838709677,927.32,0
0,29,56,2583,70,171,45.31578947368421,1,3.5695,107.085,0
1,30,42,1715,9,76,39.88372093023256,2,5.492903225806452,170.28,1
0,29,27,1840,5,68,65.71428571428571,2,4.555833333333334,136.675,0
0,28,49,2240,15,98,44.8,1,8.827758620689655,256.005,0
0,28,78,4240,25,126,53.67088607594937,1,9.128275862068966,264.72,0
0,21,43,2710,16,102,61.59090909090909,1,12.823636363636364,282.12,0
0,20,158,7407,44,302,46.58490566037736,1,37.63928571428571,790.425,0
0,18,188,9947,42,318,52.629629629629626,1,14.948684210526316,284.025,0
0,19,62,3867,21,129,61.38095238095238,1,17.058,341.16,0
0,12,57,5405,12,299,93.1896551724138,1,87.57538461538462,1138.48,0
1,12,36,2502,9,60,67.62162162162163,1,12.424615384615386,161.52,1
0,39,66,3965,19,85,59.17910447761194,1,4.031000000000001,161.24,0
0,40,0,0,0,0,0.0,2,0.0,0.0,0
0,38,55,2048,26,422,36.57142857142857,1,37.13128205128205,1448.12,0
0,39,61,3793,37,98,61.17741935483871,1,5.29925,211.97,0
0,39,53,1988,35,88,36.81481481481482,1,2.296125,91.845,0
0,39,77,3370,30,121,43.20512820512821,1,4.847,193.88,0
0,39,34,1955,20,321,55.85714285714285,1,28.689,1147.56,0
0,38,116,8710,45,287,74.44444444444444,1,21.975384615384616,857.04,0
0,39,164,13368,46,210,81.01818181818182,1,13.532,541.28,0
0,39,78,4110,27,105,52.0253164556962,1,4.188000000000001,167.52,0
0,39,90,5513,14,104,60.582417582417584,1,5.603,224.12,0
0,39,49,1833,19,68,36.66,2,1.882,75.28,0
0,39,220,14735,34,290,66.67420814479638,1,18.555,742.2,0
0,39,22,2690,10,497,116.95652173913044,1,49.212,1968.48,0
0,38,177,15080,32,341,84.71910112359551,1,32.835,1280.565,0
0,38,81,6095,28,277,74.32926829268293,1,23.565128205128204,919.04,0
0,38,9,470,13,22,47.0,2,0.5526923076923077,21.555,0
0,39,9,305,10,19,30.5,2,0.314,12.56,0
0,38,0,0,0,0,0.0,2,0.0,0.0,1
0,38,122,7103,45,533,57.7479674796748,1,44.94871794871795,1753.0,0
0,38,149,11060,49,198,73.73333333333333,1,7.185256410256411,280.225,0
0,38,70,6313,39,199,88.91549295774648,1,17.749615384615385,692.235,0
0,34,42,550,19,61,12.790697674418604,2,0.6765714285714286,23.68,1
0,37,88,10030,44,132,112.69662921348316,1,3.9939473684210527,151.77,0
0,37,93,5413,26,127,57.58510638297872,1,7.467631578947368,283.77,1
0,35,17,2435,16,33,135.27777777777777,1,2.7244444444444444,98.08,0
1,36,36,2585,18,54,69.86486486486487,2,2.833513513513513,104.84,1
0,37,39,1863,33,88,46.575,2,3.6863157894736847,140.08,1
0,37,0,0,0,0,0.0,2,0.0,0.0,1
0,37,20,1263,8,28,60.142857142857146,1,0.8440789473684212,32.075,0
0,34,92,6380,24,116,68.60215053763442,1,2.7737142857142856,97.08,0
0,37,2,223,6,8,74.33333333333333,2,0.1480263157894736,5.625,1
0,37,0,0,0,0,0.0,1,0.0,0.0,0
1,32,233,15670,82,315,66.96581196581197,1,21.68590909090909,715.635,0
0,35,111,6560,35,399,58.57142857142857,1,39.96375,1438.695,0
0,37,77,3313,30,107,42.47435897435897,1,3.568421052631579,135.6,0
0,36,39,1260,22,81,31.5,2,3.566486486486487,131.96,0
0,37,48,2375,25,230,48.46938775510204,1,21.46144736842105,815.535,0
0,28,31,910,13,219,28.4375,1,28.61534482758621,829.845,0
0,27,34,1163,70,116,33.22857142857143,1,2.1401785714285717,59.925,0
0,28,20,295,9,29,14.047619047619047,2,0.4344827586206896,12.6,0
0,27,5,420,5,13,70.0,2,0.6473214285714286,18.125,0
0,26,27,820,15,43,29.285714285714285,1,1.5783333333333334,42.615,0
0,26,56,2820,25,81,49.47368421052632,1,4.260740740740741,115.04,0
0,19,21,1290,16,47,58.63636363636363,1,5.19975,103.995,0
0,18,136,5987,44,247,43.7007299270073,1,30.370263157894737,577.035,0
0,16,166,8527,42,263,51.05988023952096,1,12.523235294117647,212.895,0
0,17,40,2447,21,74,59.68292682926829,1,8.415555555555555,151.48,0
0,10,35,3985,12,244,110.69444444444444,1,86.25454545454545,948.8,0
1,10,14,1082,9,23,72.13333333333334,1,3.985454545454546,43.84,1
0,40,60,2543,19,94,41.68852459016394,2,4.002926829268293,164.12,0
0,40,231,15445,34,326,66.57327586206897,1,21.244878048780485,871.04,0
1,35,53,1260,19,95,23.33333333333333,2,4.014444444444445,144.52,1
0,38,50,2573,33,124,50.45098039215687,2,4.309615384615384,168.075,1
0,19,147,6697,44,283,45.25,1,36.099,721.98,0
0,17,177,9237,42,299,51.89325842696629,1,14.511666666666663,261.21,0
0,18,51,3157,21,110,60.71153846153846,1,14.753684210526316,280.32,0
1,11,25,1792,9,41,68.92307692307692,1,8.39,100.68,1
0,38,99,10740,44,151,107.4,1,4.476538461538461,174.585,0
1,38,13,933,6,35,66.64285714285714,2,1.632051282051282,63.65,1
