Call Failure,Complains,Subscription Length,Charge Amount,Seconds of Use,Frequency of use,Frequency of SMS,Distinct Called Numbers,Age Group,Tariff Plan,Status,Age,Customer Value,Churn,Customer_Engagement,Average_Call_Duration,Revenue_Per_Month
8,0,38,0,4370,71,5,17,3,1,1,30,197.64,0,93,60.69444444444444,5.067692307692307
0,0,39,0,318,5,7,4,2,1,2,25,46.035,0,16,53.0,1.1508749999999999
10,0,37,0,2453,60,359,24,3,1,1,30,1536.52,0,443,40.21311475409836,40.43473684210526
10,0,38,0,4198,66,1,35,1,1,1,15,240.02,0,102,62.656716417910445,6.154358974358975
3,0,38,0,2393,58,2,33,1,1,1,15,145.805,0,93,40.559322033898304,3.7385897435897437
11,0,38,1,3775,82,32,28,3,1,1,30,282.28,0,142,45.48192771084337,7.237948717948718
4,0,38,0,2360,39,285,18,3,1,1,30,1235.96,0,342,59.0,31.69128205128205
13,0,37,2,9115,121,144,43,3,1,1,30,945.44,0,308,74.71311475409836,24.880000000000003
7,0,38,0,13773,169,0,44,3,1,1,30,557.68,0,213,81.01764705882353,14.299487179487178
7,0,38,1,4515,83,2,25,3,1,1,30,191.92,0,110,53.75,4.921025641025641
6,0,38,0,5918,95,7,12,3,1,1,30,268.52,0,114,61.645833333333336,6.885128205128205
9,0,38,0,2238,54,8,17,3,1,2,30,123.68,0,79,40.69090909090909,3.1712820512820517
25,0,38,3,15140,225,54,32,3,1,1,30,830.6,0,311,66.99115044247787,21.297435897435896
4,0,38,1,3095,27,483,8,3,1,1,30,2056.88,0,518,110.53571428571429,52.740512820512826
9,0,37,0,15485,182,150,30,2,1,1,25,1380.015,0,362,84.61748633879782,36.316184210526316
3,0,37,1,6500,86,186,26,3,1,1,30,1007.44,0,298,74.71264367816092,26.511578947368424
0,0,37,0,875,14,0,11,2,1,2,25,40.005,1,25,58.333333333333336,1.052763157894737
2,0,38,0,710,14,13,8,3,1,2,30,80.96,0,35,47.333333333333336,2.075897435897436
0,0,37,0,0,0,0,0,2,1,2,25,0.0,1,0,0.0,0.0
3,0,37,0,7508,127,384,43,2,1,1,25,2071.575,0,554,58.65625,54.51513157894736
7,0,37,1,11465,154,11,47,4,1,1,45,317.975,0,212,73.96774193548387,8.367763157894737
8,0,37,1,6718,75,108,37,2,1,1,25,791.685,0,220,88.39473684210526,20.833815789473682
23,1,33,0,955,47,16,17,2,1,2,25,117.09,1,80,19.895833333333332,3.4438235294117647
21,1,36,8,10435,93,1,42,5,2,1,55,159.42,0,136,111.01063829787235,4.308648648648648
13,1,36,1,5818,98,26,24,2,1,1,25,383.22,1,148,58.76767676767677,10.357297297297299
1,0,34,0,2840,22,0,14,3,1,1,30,114.48,0,36,123.47826086956522,3.270857142857143
9,0,35,0,2990,41,9,16,3,1,2,30,157.24,1,66,71.19047619047619,4.367777777777778
9,1,36,0,2268,44,34,31,3,1,2,30,228.48,1,109,50.4,6.175135135135135
0,0,36,0,133,2,0,2,3,1,2,30,5.4,1,4,44.333333333333336,0.14594594594594595
1,0,36,0,1668,25,0,6,3,1,1,30,67.72,0,31,64.15384615384616,1.8302702702702702
3,0,33,1,6785,97,14,22,5,1,1,55,124.23,0,133,69.23469387755102,3.6538235294117647
0,1,36,0,628,7,9,4,4,1,2,45,38.375,1,20,78.5,1.037162162162162
0,0,36,1,338,4,4,2,5,1,1,55,11.13,0,10,67.6,0.30081081081081085
25,0,31,3,16075,238,0,80,2,2,1,25,734.085,0,318,67.25941422594143,22.94015625
6,0,34,3,6965,116,271,33,2,2,1,25,1538.145,0,420,59.52991452991453,43.947
2,0,36,0,3718,82,2,28,2,1,1,25,180.0,0,112,44.795180722891565,4.864864864864865
3,0,35,0,1665,44,38,20,3,1,2,30,220.36,0,102,37.0,6.121111111111111
6,0,36,0,2780,53,175,23,2,1,1,25,914.985,0,251,51.48148148148148,24.729324324324324
4,0,27,1,1315,36,193,11,2,2,1,25,929.295,0,240,35.54054054054054,33.18910714285714
4,0,26,0,1568,39,30,68,4,1,1,45,115.175,0,137,39.2,4.265740740740741
11,0,27,0,700,25,10,7,2,1,2,25,77.625,0,42,26.923076923076923,2.7723214285714284
0,0,26,0,825,10,21,3,4,1,2,45,73.375,1,34,75.0,2.7175925925925926
10,0,25,0,1225,32,19,13,2,1,1,25,142.065,0,64,37.121212121212125,5.464038461538461
2,0,25,0,3225,61,8,23,3,1,1,30,163.44,0,92,52.016129032258064,6.286153846153846
2,0,18,0,1695,26,28,14,2,1,1,25,203.445,0,68,62.77777777777778,10.707631578947368
16,0,17,1,6393,141,85,42,2,2,1,25,676.53,0,268,45.021126760563384,37.585
12,0,15,0,8933,171,73,40,4,1,1,45,410.1,0,284,51.93604651162791,25.63125
8,0,16,3,2853,45,31,19,3,2,1,30,239.92,0,95,62.02173913043478,14.112941176470587
2,0,9,1,4390,40,215,10,3,1,1,30,1037.2,0,265,107.07317073170732,103.72
3,0,9,1,1488,19,0,7,3,1,1,30,60.28,1,26,74.4,6.0280000000000005
11,0,40,1,4430,74,10,19,3,1,1,30,220.16,0,103,59.06666666666667,5.369756097560976
3,0,41,1,378,8,12,6,3,1,1,30,63.44,0,26,42.0,1.5104761904761905
13,0,39,1,2513,63,364,26,3,1,1,30,1559.04,0,453,39.265625,38.976
13,0,40,1,4258,69,6,37,1,1,1,15,270.985,0,112,60.82857142857143,6.609390243902439
6,0,40,1,2453,61,7,35,2,1,1,25,144.63,0,103,39.564516129032256,3.527560975609756
14,0,40,2,3835,85,37,30,3,2,1,30,304.8,0,152,44.593023255813954,7.434146341463415
7,0,40,1,2420,42,290,20,3,1,1,30,1258.48,0,352,56.27906976744186,30.694634146341464
16,0,39,3,9175,124,149,45,3,1,1,30,967.96,0,318,73.4,24.199
10,0,40,1,13833,172,5,46,3,1,1,30,580.2,0,223,79.95953757225433,14.151219512195123
10,0,40,2,4575,86,7,27,3,1,1,30,214.44,0,120,52.58620689655172,5.230243902439025
9,0,40,1,5978,98,12,14,3,1,1,30,291.04,0,124,60.38383838383838,7.098536585365854
12,0,40,1,2298,57,13,19,3,1,1,30,146.2,0,89,39.62068965517241,3.565853658536585
28,0,40,4,15200,228,59,34,3,1,1,30,853.12,0,321,66.37554585152839,20.80780487804878
7,0,40,2,3155,30,488,10,3,1,1,30,2079.4,0,528,101.7741935483871,50.71707317073171
12,0,39,1,15545,185,155,32,2,1,1,25,1405.35,0,372,83.5752688172043,35.13375
6,0,39,2,6560,89,191,28,3,1,1,30,1029.96,0,308,72.88888888888889,25.749000000000002
3,0,39,1,935,17,5,13,2,1,1,25,65.34,0,35,51.94444444444444,1.6335000000000002
5,0,40,1,770,17,18,10,3,1,1,30,103.48,0,45,42.77777777777778,2.5239024390243903
3,1,39,1,60,3,5,2,2,1,1,25,25.335,1,10,15.0,0.633375
6,0,39,1,7568,130,389,45,3,1,1,30,1863.92,0,564,57.770992366412216,46.598
10,0,39,2,11525,157,16,49,4,2,1,45,332.05,0,222,72.94303797468355,8.30125
11,0,39,2,6778,78,113,39,2,1,1,25,817.02,0,230,85.79746835443038,20.4255
26,1,35,1,1015,50,21,19,3,1,1,30,126.6,1,90,19.901960784313726,3.5166666666666666
24,1,38,9,10495,96,6,44,5,2,1,55,167.865,0,146,108.19587628865979,4.304230769230769
16,0,38,2,5878,101,31,26,2,1,1,25,408.555,0,158,57.627450980392155,10.475769230769231
4,0,36,1,2900,25,5,16,3,1,1,30,137.0,0,46,111.53846153846153,3.7027027027027026
12,0,37,1,3050,44,14,18,3,1,1,30,179.76,1,76,67.77777777777777,4.730526315789473
12,1,38,1,2328,47,39,33,3,1,1,30,251.0,1,119,48.5,6.435897435897436
3,0,38,1,193,5,5,4,3,1,1,30,27.92,1,14,32.166666666666664,0.7158974358974359
4,0,38,1,1728,28,5,8,4,1,1,45,56.4,0,41,59.58620689655172,1.4461538461538461
6,0,35,2,6845,100,19,24,5,1,1,55,132.675,0,143,67.77227722772277,3.685416666666667
3,0,38,1,688,10,14,6,4,1,1,45,52.45,1,30,62.54545454545455,1.344871794871795
3,0,38,2,398,7,9,4,5,1,1,55,19.575,0,20,49.75,0.5019230769230769
28,0,33,4,16135,241,5,82,2,1,1,25,759.42,0,328,66.67355371900827,22.335882352941177
9,1,36,4,7025,119,276,35,3,2,1,30,1389.76,0,430,58.541666666666664,37.56108108108108
5,0,38,1,3778,85,7,30,3,1,1,30,182.52,0,122,43.93023255813954,4.680000000000001
6,0,37,1,1725,47,43,22,3,1,1,30,242.88,0,112,35.9375,6.391578947368421
9,0,38,1,2840,56,180,25,2,1,1,25,940.32,0,261,49.824561403508774,24.110769230769233
7,0,29,2,1375,39,198,13,3,2,1,30,848.56,0,250,34.375,28.28533333333333
7,0,28,1,1628,42,35,70,4,1,1,45,129.25,0,147,37.86046511627907,4.456896551724138
14,0,29,1,760,28,15,9,3,1,1,30,91.52,0,52,26.20689655172414,3.0506666666666664
3,0,28,1,885,13,26,5,4,1,1,45,87.45,0,44,63.214285714285715,3.0155172413793103
13,0,27,1,1285,35,24,15,2,1,1,25,167.4,0,74,35.69444444444444,5.978571428571429
5,0,27,1,3285,64,13,25,3,1,1,30,185.96,0,102,50.53846153846154,6.6414285714285715
5,0,20,1,1755,29,33,16,2,1,1,25,228.78,0,78,58.5,10.894285714285715
19,0,19,2,6453,144,90,44,2,2,1,25,701.865,0,278,44.50344827586207,35.09325
15,0,17,1,8993,174,78,42,5,1,1,55,254.505,0,294,51.38857142857143,14.139166666666666
11,0,18,4,2913,48,36,21,3,1,1,30,262.44,0,105,59.44897959183673,13.812631578947368
5,0,11,2,4450,43,220,12,3,1,1,30,1059.72,0,275,101.13636363636364,88.31
6,1,11,2,1548,22,5,9,3,1,1,30,82.8,1,36,67.30434782608695,6.8999999999999995
5,0,36,0,4310,68,0,15,2,1,1,25,197.01,0,83,62.46376811594203,5.324594594594594
0,0,37,0,258,2,2,2,2,1,2,25,20.7,0,6,86.0,0.5447368421052632
7,0,35,0,2393,57,354,22,2,1,1,25,1703.25,0,433,41.258620689655174,47.3125
7,0,36,0,4138,63,0,33,1,1,1,15,231.055,0,96,64.65625,6.2447297297297295
0,0,36,0,2333,55,0,31,1,1,1,15,131.34,0,86,41.660714285714285,3.5497297297297297
8,0,36,0,3715,79,27,26,3,1,1,30,259.76,0,132,46.4375,7.02054054054054
1,0,36,0,2300,36,280,16,3,1,1,30,1213.44,0,332,62.16216216216216,32.795675675675675
10,0,35,1,9055,118,139,41,3,1,1,30,922.92,0,298,76.09243697478992,25.636666666666667
4,0,36,0,13713,166,0,42,3,1,1,30,555.16,0,208,82.11377245508982,15.004324324324324
4,0,36,0,4455,80,0,23,3,1,1,30,181.4,0,103,55.0,4.902702702702703
3,0,36,0,5858,92,2,10,2,1,1,25,276.75,0,104,62.98924731182796,7.47972972972973
6,1,36,0,2178,51,3,15,3,1,2,30,101.16,0,69,41.88461538461539,2.734054054054054
22,0,36,2,15080,222,49,30,3,1,1,30,808.08,0,301,67.62331838565022,21.84
1,0,36,0,3035,24,478,6,3,1,1,30,2034.36,0,508,121.4,54.9827027027027
6,0,35,0,15425,179,145,28,2,1,1,25,1354.68,0,352,85.69444444444444,37.63
0,0,35,0,6440,83,181,24,3,1,1,30,984.92,0,288,76.66666666666667,27.358888888888888
0,0,35,0,815,11,0,9,2,1,2,25,37.17,0,20,67.91666666666667,1.0325
0,0,36,0,650,11,8,6,2,1,2,25,65.745,0,25,54.166666666666664,1.7768918918918921
0,0,35,0,0,0,0,0,2,1,2,25,0.0,1,0,0.0,0.0
0,0,35,0,7448,124,379,41,2,1,1,25,2046.24,0,544,59.584,56.84
4,0,35,0,11405,151,6,45,3,1,1,30,486.24,0,202,75.03289473684211,13.506666666666668
5,0,35,0,6658,72,103,35,2,1,1,25,766.35,0,210,91.20547945205479,21.2875
20,0,31,0,895,44,11,15,2,1,2,25,91.755,1,70,19.88888888888889,2.86734375
18,0,34,7,10375,90,0,40,4,1,1,45,261.625,0,130,114.01098901098901,7.475
10,0,34,0,5758,95,21,22,2,1,1,25,357.885,1,138,59.979166666666664,10.225285714285715
0,0,32,0,2780,19,0,12,3,1,1,30,111.96,0,31,139.0,3.3927272727272726
6,0,33,0,2930,38,4,14,2,1,2,25,151.56,1,56,75.12820512820512,4.45764705882353
6,1,34,0,2208,41,29,29,3,1,2,30,205.96,1,99,52.57142857142857,5.884571428571429
0,1,34,0,0,0,0,0,3,1,2,30,0.0,1,0,0.0,0.0
0,0,34,0,1608,22,0,4,3,1,1,30,65.2,0,26,69.91304347826087,1.862857142857143
0,0,31,0,6725,94,9,20,4,1,1,45,192.975,0,123,70.78947368421052,6.03046875
0,0,34,0,568,4,4,2,4,1,2,45,24.3,1,10,113.6,0.6942857142857143
0,0,34,0,0,0,0,0,5,1,1,55,0.0,0,0,0.0,0.0
22,0,29,2,16015,235,0,78,2,1,1,25,731.25,0,313,67.86016949152543,24.375
3,0,32,2,6905,113,266,31,2,2,1,25,1512.81,0,410,60.57017543859649,45.842727272727274
0,0,34,0,3658,79,0,26,2,1,1,25,168.165,0,105,45.725,4.804714285714286
0,0,33,0,1605,41,33,18,3,1,2,30,197.84,0,92,38.214285714285715,5.818823529411765
3,0,34,0,2720,50,170,21,2,1,1,25,889.65,0,241,53.333333333333336,25.41857142857143
1,0,25,0,1255,33,188,9,2,2,1,25,903.96,0,230,36.911764705882355,34.76769230769231
1,0,24,0,1508,36,25,66,4,1,1,45,101.1,0,127,40.75675675675676,4.044
8,0,25,0,640,22,5,5,2,1,2,25,52.29,0,32,27.82608695652174,2.0111538461538463
0,1,24,0,765,7,16,1,4,1,2,45,59.3,1,24,95.625,2.372
7,0,23,0,1165,29,14,11,2,1,1,25,116.73,0,54,38.833333333333336,4.8637500000000005
0,0,23,0,3165,58,3,21,3,1,1,30,140.92,0,82,53.644067796610166,5.871666666666666
0,0,16,0,1635,23,23,12,2,1,1,25,178.11,0,58,68.125,10.477058823529413
13,0,15,0,6333,138,80,40,1,2,1,15,795.905,0,258,45.56115107913669,49.7440625
9,0,13,0,8873,168,68,38,4,1,1,45,396.025,0,274,52.50295857988166,28.287499999999998
5,0,14,2,2793,42,26,17,3,1,1,30,217.4,0,85,64.95348837209302,14.493333333333334
0,0,7,0,4330,37,210,8,3,1,1,30,1014.68,0,255,113.94736842105263,126.835
0,0,7,0,1428,16,0,5,3,1,1,30,57.76,1,21,84.0,7.22
9,0,42,1,4450,73,15,21,3,1,1,30,240.92,0,109,60.13513513513514,5.602790697674418
1,1,43,0,398,7,17,8,3,1,2,30,84.2,1,32,49.75,1.9136363636363638
11,0,41,1,2533,62,369,28,3,1,1,30,1579.8,0,459,40.20634920634921,37.614285714285714
11,0,42,1,4278,68,11,39,1,1,1,15,299.53,0,118,62.0,6.965813953488372
4,0,42,1,2473,60,12,37,2,1,1,25,167.985,0,109,40.540983606557376,3.9066279069767447
12,0,42,2,3855,84,42,32,3,1,1,30,325.56,0,158,45.35294117647059,7.571162790697675
5,0,42,1,2440,41,295,22,3,1,1,30,1279.24,0,358,58.095238095238095,29.749767441860467
14,0,41,3,9195,123,154,47,3,1,1,30,988.72,0,324,74.15322580645162,23.540952380952383
8,0,42,1,13853,171,10,48,3,1,1,30,600.96,0,229,80.54069767441861,13.975813953488373
8,0,42,2,4595,85,12,29,3,1,1,30,235.2,0,126,53.43023255813954,5.469767441860465
7,0,42,1,5998,97,17,16,3,1,1,30,311.8,0,130,61.204081632653065,7.251162790697674
10,0,42,0,2318,56,18,21,3,1,2,30,166.96,0,95,40.666666666666664,3.8827906976744186
26,0,42,4,15220,227,64,36,3,2,1,30,873.88,0,327,66.75438596491227,20.322790697674417
5,0,42,2,3175,29,493,12,3,1,1,30,2100.16,0,534,105.83333333333333,48.84093023255814
10,0,41,1,15565,184,160,34,2,1,1,25,1428.705,0,378,84.13513513513513,34.01678571428571
4,0,41,2,6580,88,196,30,3,1,1,30,1050.72,0,314,73.93258426966293,25.017142857142858
1,0,41,0,955,16,10,15,2,1,2,25,88.695,0,41,56.1764705882353,2.111785714285714
3,0,42,0,790,16,23,12,3,1,2,30,124.24,0,51,46.470588235294116,2.8893023255813954
1,0,41,0,80,2,10,4,2,1,2,25,48.69,1,16,26.666666666666668,1.1592857142857143
4,0,41,1,7588,129,394,47,3,1,1,30,1884.68,0,570,58.36923076923077,44.873333333333335
8,0,41,2,11545,156,21,51,4,1,1,45,345.025,0,228,73.53503184713375,8.214880952380952
9,0,41,2,6798,77,118,41,2,1,1,25,840.375,0,236,87.15384615384616,20.008928571428573
24,1,37,0,1035,49,26,21,3,1,2,30,147.36,1,96,20.7,3.8778947368421055
22,1,40,9,10515,95,11,46,5,1,1,55,175.65,0,152,109.53125,4.284146341463415
14,0,40,2,5898,100,36,28,2,1,1,25,431.91,1,164,58.396039603960396,10.53439024390244
2,0,38,1,2920,24,10,18,3,1,1,30,157.76,0,52,116.8,4.045128205128205
10,0,39,0,3070,43,19,20,3,1,2,30,200.52,1,82,69.77272727272727,5.013
10,1,40,0,2348,46,44,35,3,1,2,30,271.76,1,125,49.95744680851064,6.628292682926829
1,0,40,0,213,4,10,6,3,1,2,30,48.68,1,20,42.6,1.1873170731707317
2,0,40,1,1748,27,10,10,4,1,1,45,69.375,0,47,62.42857142857143,1.6920731707317074
4,0,37,2,6865,99,24,26,5,1,1,55,140.46,0,149,68.65,3.6963157894736844
1,1,40,0,708,9,19,8,4,1,2,45,65.425,1,36,70.8,1.5957317073170731
1,0,40,2,418,6,14,6,5,1,1,55,27.36,0,26,59.714285714285715,0.6673170731707317
26,0,35,4,16155,240,10,84,2,1,1,25,782.775,0,334,67.03319502074689,21.74375
7,1,38,4,7045,118,281,37,2,2,1,25,1586.835,0,436,59.20168067226891,40.68807692307693
3,0,40,1,3798,84,12,32,3,1,1,30,203.28,0,128,44.68235294117647,4.958048780487805
4,0,39,0,1745,46,48,24,3,1,2,30,263.64,0,118,37.12765957446808,6.590999999999999
7,0,40,1,2860,55,185,27,2,1,1,25,963.675,0,267,51.07142857142857,23.504268292682926
5,0,31,2,1395,38,203,15,2,2,1,25,977.985,0,256,35.76923076923077,30.56203125
5,0,30,1,1648,41,40,72,4,1,1,45,142.225,0,153,39.23809523809524,4.587903225806452
12,0,31,0,780,27,20,11,3,1,2,30,112.28,0,58,27.857142857142858,3.50875
1,0,30,0,905,12,31,7,4,1,2,45,100.425,0,50,69.61538461538461,3.239516129032258
11,0,29,1,1305,34,29,17,2,1,1,25,190.755,0,80,37.285714285714285,6.3585
3,0,29,1,3305,63,18,27,3,1,1,30,206.72,0,108,51.640625,6.890666666666666
3,0,22,1,1775,28,38,18,2,1,1,25,252.135,0,84,61.206896551724135,10.962391304347825
17,0,21,2,6473,143,95,46,2,2,1,25,725.22,0,284,44.951388888888886,32.96454545454546
13,0,19,1,9013,173,83,44,5,1,1,55,262.29,0,300,51.798850574712645,13.114500000000001
9,0,20,4,2933,47,41,23,3,1,1,30,283.2,0,111,61.104166666666664,13.485714285714286
3,0,13,2,4470,42,225,14,3,1,1,30,1080.48,0,281,103.95348837209302,77.17714285714285
4,0,13,2,1568,21,10,11,3,1,1,30,103.56,1,42,71.27272727272727,7.397142857142858
7,0,34,0,4290,69,0,13,2,1,1,25,196.155,0,82,61.285714285714285,5.6044285714285715
0,0,35,0,0,0,0,0,2,1,2,25,0.0,0,0,0.0,0.0
9,0,33,0,2373,58,349,20,2,1,1,25,1679.895,0,427,40.220338983050844,49.40867647058823
9,0,34,0,4118,64,0,31,1,1,1,15,230.01,0,95,63.353846153846156,6.571714285714285
2,0,34,0,2313,56,0,29,1,1,1,15,130.295,0,85,40.578947368421055,3.7227142857142854
10,0,34,0,3695,80,22,24,3,1,1,30,239.0,0,126,45.617283950617285,6.828571428571428
3,0,34,0,2280,37,275,14,3,1,1,30,1192.68,0,326,60.0,34.076571428571434
12,0,33,1,9035,119,134,39,3,1,1,30,902.16,0,292,75.29166666666667,26.53411764705882
6,0,34,0,13693,167,0,40,3,1,1,30,554.4,0,207,81.50595238095238,15.84
6,0,34,0,4435,81,0,21,3,1,1,30,180.64,0,102,54.08536585365854,5.161142857142857
5,0,34,0,5838,93,0,8,2,1,1,25,266.895,0,101,62.1063829787234,7.625571428571428
8,0,34,0,2158,52,0,13,3,1,2,30,88.4,0,65,40.716981132075475,2.525714285714286
24,0,34,2,15060,223,44,28,3,1,1,30,787.32,0,295,67.23214285714286,22.494857142857143
3,0,34,0,3015,25,473,4,3,1,1,30,2013.6,0,502,115.96153846153847,57.53142857142857
8,0,33,0,15405,180,140,26,2,1,1,25,1331.325,0,346,85.11049723756906,39.15661764705882
2,0,33,0,6420,84,176,22,3,1,1,30,964.16,0,282,75.52941176470588,28.357647058823527
0,0,33,0,795,12,0,7,2,1,2,25,36.315,0,19,61.15384615384615,1.0680882352941177
1,0,34,0,630,12,3,4,2,1,2,25,42.39,0,19,48.46153846153846,1.211142857142857
0,0,33,0,0,0,0,0,2,1,2,25,0.0,1,0,0.0,0.0
2,0,33,0,7428,125,374,39,2,1,1,25,2022.885,0,538,58.95238095238095,59.49661764705883
6,0,33,0,11385,152,1,43,3,1,1,30,465.48,0,196,74.41176470588235,13.690588235294118
7,0,33,0,6638,73,98,33,2,1,1,25,742.995,0,204,89.70270270270271,21.852794117647058
22,0,29,0,875,45,6,13,2,1,2,25,68.4,1,64,19.02173913043478,2.2800000000000002
20,0,32,7,10355,91,0,38,4,1,1,45,261.15,0,129,112.55434782608695,7.913636363636363
12,1,32,0,5738,96,16,20,2,1,1,25,334.53,1,132,59.154639175257735,10.137272727272727
0,0,30,0,2760,20,0,10,3,1,1,30,111.2,0,30,131.42857142857142,3.5870967741935487
8,1,31,0,2910,39,0,12,3,1,2,30,117.96,1,51,72.75,3.68625
8,0,32,0,2188,42,24,27,3,1,2,30,185.2,1,93,50.883720930232556,5.612121212121211
0,1,32,0,0,0,0,0,3,1,2,30,0.0,1,0,0.0,0.0
0,0,32,0,1588,23,0,2,3,1,1,30,64.44,0,25,66.16666666666667,1.9527272727272726
2,0,29,0,6705,95,4,18,4,1,1,45,180.0,0,117,69.84375,6.0
0,0,32,0,0,0,0,0,4,1,2,45,0.0,1,0,0.0,0.0
0,0,32,0,0,0,0,0,5,1,1,55,0.0,0,0,0.0,0.0
24,0,27,2,15995,236,0,76,2,1,1,25,730.395,0,312,67.48945147679325,26.085535714285715
5,0,30,2,6885,114,261,29,2,2,1,25,1489.455,0,404,59.869565217391305,48.04693548387097
1,0,32,0,3638,80,0,24,2,1,1,25,167.31,0,104,44.91358024691358,5.07
2,0,31,0,1585,42,28,16,3,1,2,30,177.08,0,86,36.86046511627907,5.53375
5,0,32,0,2700,51,165,19,2,1,1,25,866.295,0,235,51.92307692307692,26.251363636363635
3,0,23,0,1235,34,183,7,2,2,1,25,880.605,0,224,35.285714285714285,36.691875
3,0,22,0,1488,37,20,64,4,1,1,45,88.125,0,121,39.1578947368421,3.8315217391304346
10,0,23,0,620,23,0,3,2,1,2,25,28.935,0,26,25.833333333333332,1.205625
0,0,22,0,0,0,11,0,4,1,2,45,27.5,0,11,0.0,1.1956521739130435
9,0,21,0,1145,30,9,9,2,1,1,25,93.375,0,48,36.935483870967744,4.244318181818182
1,0,21,0,3145,59,0,19,3,1,1,30,128.16,0,78,52.416666666666664,5.825454545454545
1,0,14,0,1615,24,18,10,2,1,1,25,154.755,0,52,64.6,10.317
15,0,13,0,6313,139,75,38,1,2,1,15,767.36,0,252,45.09285714285714,54.81142857142857
11,0,11,0,8853,169,63,36,4,1,1,45,383.05,0,268,52.076470588235296,31.920833333333334
7,0,12,2,2773,43,21,15,3,1,1,30,196.64,0,79,63.02272727272727,15.126153846153844
1,0,5,0,4310,38,205,6,3,1,1,30,993.92,0,249,110.51282051282051,165.65333333333334
2,0,5,0,1408,17,0,3,3,1,1,30,57.0,1,20,78.22222222222223,9.5
13,0,44,1,4630,81,20,23,3,1,1,30,268.44,0,124,56.46341463414634,5.965333333333334
5,0,45,0,578,15,22,10,3,1,2,30,111.72,0,47,36.125,2.428695652173913
15,0,43,1,2713,70,374,30,3,1,1,30,1607.32,0,474,38.2112676056338,36.53
15,0,44,1,4458,76,16,41,1,1,1,15,337.37,0,133,57.896103896103895,7.497111111111111
8,0,44,1,2653,68,17,39,2,1,1,25,198.945,0,124,38.44927536231884,4.421
16,0,44,2,4035,92,47,34,3,1,1,30,353.08,0,173,43.38709677419355,7.846222222222222
9,0,44,1,2620,49,300,24,3,1,1,30,1306.76,0,373,52.4,29.03911111111111
18,0,43,3,9375,131,159,49,3,1,1,30,1016.24,0,339,71.02272727272727,23.096363636363638
12,0,44,1,14033,179,15,50,3,1,1,30,628.48,0,244,77.96111111111111,13.966222222222223
12,0,44,2,4775,93,17,31,3,1,1,30,262.72,0,141,50.797872340425535,5.838222222222223
11,0,44,1,6178,105,22,18,3,1,1,30,339.32,0,145,58.283018867924525,7.540444444444445
14,1,44,0,2498,64,23,23,3,1,2,30,194.48,0,110,38.43076923076923,4.321777777777777
30,0,44,4,15400,235,69,38,3,1,1,30,901.4,0,342,65.2542372881356,20.03111111111111
9,0,44,2,3355,37,498,14,3,1,1,30,2127.68,0,549,88.28947368421052,47.281777777777776
14,0,43,1,15745,192,165,36,2,1,1,25,1459.665,0,393,81.58031088082902,33.17420454545454
8,0,43,2,6760,96,201,32,3,1,1,30,1078.24,0,329,69.69072164948453,24.505454545454544
5,0,43,0,1135,24,15,17,2,1,2,25,119.655,0,56,45.4,2.719431818181818
7,0,44,0,970,24,28,14,3,1,2,30,151.76,0,66,38.8,3.372444444444444
5,0,43,0,260,10,15,6,2,1,2,25,79.65,1,31,23.636363636363637,1.8102272727272728
8,0,43,1,7768,137,399,49,3,1,1,30,1912.2,0,585,56.289855072463766,43.45909090909091
12,0,43,2,11725,164,26,53,4,1,1,45,362.225,0,243,71.06060606060606,8.232386363636364
13,0,43,2,6978,85,123,43,2,1,1,25,871.335,0,251,81.13953488372093,19.803068181818183
28,1,39,0,1215,57,31,23,3,1,2,30,174.88,1,111,20.948275862068964,4.372
26,0,42,9,10695,103,16,48,5,2,1,55,185.97,0,167,102.83653846153847,4.324883720930233
18,0,42,2,6078,108,41,30,2,1,1,25,462.87,0,179,55.76146788990825,10.764418604651162
6,0,40,1,3100,32,15,20,3,1,1,30,185.28,0,67,93.93939393939394,4.519024390243903
14,1,41,0,3250,51,24,22,3,1,2,30,228.04,1,97,62.5,5.429523809523809
14,1,42,0,2528,54,49,37,4,1,2,45,187.05,1,140,45.96363636363636,4.3500000000000005
5,0,42,0,393,12,15,8,3,1,2,30,76.2,1,35,30.23076923076923,1.772093023255814
6,0,42,1,1928,35,15,12,4,1,1,45,86.575,0,62,53.55555555555556,2.0133720930232557
8,0,39,2,7045,107,29,28,5,1,1,55,150.78,0,164,65.23148148148148,3.7695
5,0,42,0,888,17,24,10,4,1,2,45,82.625,1,51,49.333333333333336,1.9215116279069768
5,0,42,2,598,14,19,8,5,1,1,55,37.68,0,41,39.86666666666667,0.8762790697674419
30,1,37,4,16335,248,15,86,2,1,1,25,813.735,0,349,65.60240963855422,21.41407894736842
11,1,40,4,7225,126,286,39,3,2,1,30,1438.04,0,451,56.889763779527556,35.07414634146341
7,0,42,1,3978,92,17,34,3,1,1,30,230.8,0,143,42.774193548387096,5.367441860465116
8,0,41,0,1925,54,53,26,3,1,2,30,291.16,0,133,35.0,6.932380952380953
11,0,42,1,3040,63,190,29,2,1,1,25,994.635,0,282,47.5,23.131046511627908
9,0,33,2,1575,46,208,17,3,2,1,30,896.84,0,271,33.51063829787234,26.37764705882353
9,0,32,1,1828,49,45,74,5,1,1,55,95.655,0,168,36.56,2.8986363636363635
16,0,33,0,960,35,25,13,3,1,2,30,139.8,0,73,26.666666666666668,4.111764705882353
5,0,32,0,1085,20,36,9,4,1,2,45,117.625,0,65,51.666666666666664,3.5643939393939394
15,0,31,1,1485,42,34,19,2,1,1,25,221.715,0,95,34.53488372093023,6.92859375
7,0,31,1,3485,71,23,29,3,1,1,30,234.24,0,123,48.40277777777778,7.32
7,0,24,1,1955,36,43,20,3,1,1,30,251.64,0,99,52.83783783783784,10.0656
21,0,23,2,6653,151,100,48,2,2,1,25,756.18,0,299,43.76973684210526,31.507499999999997
17,0,21,1,9193,181,88,46,5,1,1,55,272.61,0,315,50.510989010989015,12.391363636363637
13,0,22,4,3113,55,46,25,3,1,1,30,310.72,0,126,55.589285714285715,13.509565217391305
7,0,15,2,4650,50,230,16,3,1,1,30,1108.0,0,296,91.17647058823529,69.25
8,1,15,2,1748,29,15,13,3,1,1,30,131.08,1,57,58.266666666666666,8.1925
3,0,32,0,4110,61,0,11,2,1,1,25,187.695,0,72,66.29032258064517,5.6877272727272725
0,0,33,0,0,0,0,0,2,1,2,25,0.0,0,0,0.0,0.0
5,0,31,0,2193,50,344,18,2,1,1,25,1648.935,0,412,43.0,51.52921875
5,0,32,0,3938,56,0,29,1,1,1,15,219.67,0,85,69.08771929824562,6.656666666666666
0,0,32,0,2133,48,0,27,1,1,1,15,119.955,0,75,43.53061224489796,3.635
6,0,32,0,3515,72,17,22,2,1,1,25,237.915,0,111,48.15068493150685,7.209545454545454
0,0,32,0,2100,29,270,12,3,1,1,30,1165.16,0,311,70.0,35.30787878787879
8,0,31,1,8855,111,129,37,3,1,1,30,874.64,0,277,79.0625,27.3325
2,0,32,0,13513,159,0,38,3,1,1,30,546.88,0,197,84.45625,16.57212121212121
2,0,32,0,4255,73,0,19,3,1,1,30,173.12,0,92,57.5,5.246060606060606
1,0,32,0,5658,85,0,6,2,1,1,25,258.435,0,91,65.79069767441861,7.831363636363636
4,0,32,0,1978,44,0,11,3,1,2,30,80.88,0,55,43.955555555555556,2.4509090909090907
20,0,32,2,14880,215,39,26,3,1,1,30,759.8,0,280,68.88888888888889,23.024242424242424
0,0,32,0,2835,17,468,2,3,1,1,30,1986.08,0,487,157.5,60.18424242424242
4,0,31,0,15225,172,135,24,2,1,1,25,1300.365,0,331,88.00578034682081,40.63640625
0,0,31,0,6240,76,171,20,3,1,1,30,936.64,0,267,81.03896103896103,29.27
0,0,31,0,615,4,0,5,2,1,2,25,27.855,0,9,123.0,0.87046875
0,0,32,0,450,4,0,2,2,1,2,25,20.43,0,6,90.0,0.6190909090909091
0,0,31,0,0,0,0,0,2,1,2,25,0.0,1,0,0.0,0.0
0,0,31,0,7248,117,369,37,2,1,1,25,1991.925,0,523,61.42372881355932,62.24765625
2,0,31,0,11205,144,0,41,3,1,1,30,453.96,0,185,77.27586206896552,14.18625
3,0,31,0,6458,65,93,31,2,1,1,25,712.035,0,189,97.84848484848484,22.25109375
18,1,27,0,695,37,1,11,2,1,2,25,37.44,1,49,18.289473684210527,1.337142857142857
16,0,30,7,10175,83,0,36,4,1,1,45,256.45,0,119,121.13095238095238,8.27258064516129
8,1,30,0,5558,88,11,18,2,1,1,25,303.57,1,117,62.449438202247194,9.79258064516129
0,0,28,0,2580,12,0,8,3,1,1,30,103.68,0,20,198.46153846153845,3.5751724137931036
4,0,29,0,2730,31,0,10,2,1,2,25,124.245,1,41,85.3125,4.1415
4,1,30,0,2008,34,19,25,3,1,2,30,157.68,1,78,57.371428571428574,5.086451612903226
0,0,30,0,0,0,0,0,3,1,2,30,0.0,1,0,0.0,0.0
0,0,30,0,0,0,0,0,3,1,1,30,0.0,0,0,0.0,0.0
0,0,27,0,6525,87,0,16,4,1,1,45,165.3,0,103,74.14772727272727,5.903571428571429
0,1,30,0,0,0,0,0,4,1,2,45,0.0,1,0,0.0,0.0
0,1,30,0,0,0,0,0,5,1,1,55,0.0,1,0,0.0,0.0
20,0,25,2,15815,228,0,74,2,1,1,25,721.935,0,302,69.06113537117903,27.76673076923077
1,0,28,2,6705,106,256,27,2,2,1,25,1458.495,0,389,62.66355140186916,50.292931034482756
0,0,30,0,3458,72,0,22,2,1,1,25,158.85,0,94,47.36986301369863,5.124193548387097
0,0,29,0,1405,34,23,14,3,1,2,30,149.56,0,71,40.142857142857146,4.985333333333333
1,0,30,0,2520,43,160,17,2,1,1,25,835.335,0,220,57.27272727272727,26.946290322580648
0,0,21,0,1055,26,178,5,2,2,1,25,849.645,0,209,39.074074074074076,38.62022727272727
0,0,20,0,1308,29,15,62,4,1,1,45,70.925,0,106,43.6,3.3773809523809524
6,0,21,0,440,15,0,1,2,1,2,25,20.475,0,16,27.5,0.9306818181818183
0,0,20,0,0,0,6,0,4,1,2,45,15.0,0,6,0.0,0.7142857142857143
5,0,19,0,965,22,4,7,2,1,1,25,62.415,0,33,41.95652173913044,3.12075
0,0,19,0,2965,51,0,17,3,1,1,30,120.64,0,68,57.01923076923077,6.032
0,0,12,0,1435,16,13,8,2,1,1,25,123.795,0,37,84.41176470588235,9.522692307692308
11,0,11,0,6133,131,70,36,1,2,1,15,729.52,0,237,46.46212121212121,60.79333333333333
7,0,9,0,8673,161,58,34,4,1,1,45,365.85,0,253,53.53703703703704,36.585
3,0,10,2,2593,35,16,13,3,1,1,30,169.12,0,64,72.02777777777777,15.374545454545455
0,0,3,0,4130,30,200,4,3,1,1,30,966.4,0,234,133.2258064516129,241.6
0,1,3,0,1228,9,0,1,2,1,1,25,55.665,1,10,122.8,13.91625
10,0,41,0,4550,79,16,22,3,1,1,30,249.16,0,117,56.875,5.932380952380952
2,0,42,0,498,13,18,9,2,1,2,25,103.995,0,40,35.57142857142857,2.4184883720930235
12,0,40,0,2633,68,370,29,3,1,1,30,1588.04,0,467,38.15942028985507,38.73268292682927
12,0,41,0,4378,74,12,40,1,1,1,15,310.86,0,126,58.373333333333335,7.401428571428572
5,0,41,0,2573,66,13,38,1,1,1,15,216.645,0,117,38.40298507462686,5.158214285714286
13,0,41,1,3955,90,43,33,3,1,1,30,333.8,0,166,43.46153846153846,7.947619047619048
6,0,41,0,2540,47,296,23,3,1,1,30,1287.48,0,366,52.916666666666664,30.654285714285713
15,0,40,2,9295,129,155,48,3,1,1,30,996.96,0,332,71.5,24.31609756097561
9,0,41,0,13953,177,11,49,3,1,1,30,609.2,0,237,78.38764044943821,14.504761904761907
9,0,41,1,4695,91,13,30,3,1,1,30,243.44,0,134,51.03260869565217,5.796190476190477
8,0,41,0,6098,103,18,17,3,1,1,30,320.04,0,138,58.63461538461539,7.62
11,0,41,0,2418,62,19,22,3,1,2,30,175.2,0,103,38.38095238095238,4.171428571428571
27,0,41,3,15320,233,65,37,3,1,1,30,882.12,0,335,65.47008547008546,21.002857142857142
6,0,41,1,3275,35,494,13,3,1,1,30,2108.4,0,542,90.97222222222223,50.2
11,0,40,0,15665,190,161,35,2,1,1,25,1437.975,0,386,82.01570680628272,35.072560975609754
5,0,40,1,6680,94,197,31,3,1,1,30,1058.96,0,322,70.3157894736842,25.82829268292683
2,0,40,0,1055,22,11,16,2,1,2,25,97.965,0,49,45.869565217391305,2.3893902439024393
4,0,41,0,890,22,24,13,3,1,2,30,132.48,0,59,38.69565217391305,3.154285714285714
2,0,40,0,180,8,11,5,2,1,2,25,57.96,1,24,20.0,1.4136585365853658
5,0,40,0,7688,135,395,48,2,1,1,25,2129.535,0,578,56.529411764705884,51.939878048780486
9,0,40,1,11645,162,22,52,4,1,1,45,350.175,0,236,71.44171779141104,8.540853658536586
10,0,40,1,6898,83,119,42,2,1,1,25,849.645,0,244,82.11904761904762,20.723048780487805
25,1,36,0,1135,55,27,22,2,1,2,25,175.05,1,104,20.267857142857142,4.731081081081081
23,0,39,8,10615,101,12,47,5,1,1,55,178.74,0,160,104.06862745098039,4.468500000000001
15,0,39,1,5998,106,37,29,2,1,1,25,441.18,0,172,56.05607476635514,11.0295
3,0,37,0,3020,30,11,19,3,1,1,30,166.0,0,60,97.41935483870968,4.368421052631579
11,1,38,0,3170,49,20,21,3,1,2,30,208.76,1,90,63.4,5.352820512820513
11,1,39,0,2448,52,45,36,3,1,2,30,280.0,1,133,46.18867924528302,7.0
2,1,39,0,313,10,11,7,3,1,2,30,56.92,1,28,28.454545454545453,1.423
3,0,39,0,1848,33,11,11,3,1,1,30,119.24,0,55,54.35294117647059,2.981
5,0,36,1,6965,105,25,27,5,1,1,55,143.55,0,157,65.70754716981132,3.87972972972973
2,0,39,0,808,15,20,9,4,1,2,45,70.575,1,44,50.5,1.764375
2,0,39,1,518,12,15,7,5,1,1,55,30.45,0,34,39.84615384615385,0.76125
27,1,34,3,16255,246,11,85,2,1,1,25,792.045,0,342,65.80971659919028,22.62985714285714
8,0,37,3,7145,124,282,38,2,2,1,25,1596.105,0,444,57.16,42.00276315789474
4,0,39,0,3898,90,13,33,2,1,1,25,237.96,0,136,42.83516483516483,5.949
5,0,38,0,1845,52,49,25,3,1,2,30,271.88,0,126,34.81132075471698,6.971282051282051
8,0,39,0,2960,61,186,28,2,1,1,25,972.945,0,275,47.74193548387097,24.323625
6,1,30,1,1495,44,204,16,2,2,1,25,987.255,1,264,33.22222222222222,31.84693548387097
6,0,29,0,1748,47,41,73,4,1,1,45,147.375,0,161,36.416666666666664,4.9125
13,0,30,0,880,33,21,12,2,1,2,25,135.585,0,66,25.88235294117647,4.373709677419355
2,0,29,0,1005,18,32,8,4,1,2,45,105.575,0,58,52.89473684210526,3.5191666666666666
12,0,28,0,1405,40,30,18,2,1,1,25,200.025,0,88,34.26829268292683,6.897413793103448
4,0,28,0,3405,69,19,28,3,1,1,30,214.96,0,116,48.642857142857146,7.412413793103449
4,0,21,0,1875,34,39,19,2,1,1,25,261.405,0,92,53.57142857142857,11.882045454545453
18,0,20,1,6573,149,96,47,2,2,1,25,734.49,0,292,43.82,34.97571428571429
14,0,18,0,9113,179,84,45,4,1,1,45,442.3,0,308,50.62777777777778,23.278947368421054
10,0,19,3,3033,53,42,24,3,1,1,30,291.44,0,119,56.166666666666664,14.572
4,0,12,1,4570,48,226,15,3,1,1,30,1088.72,0,289,93.26530612244898,83.7476923076923
5,0,12,1,1668,27,11,12,3,1,1,30,111.8,1,50,59.57142857142857,8.6
6,0,35,0,4190,63,0,12,3,1,1,30,170.12,0,75,65.46875,4.725555555555555
0,0,36,0,0,0,0,0,2,1,2,25,0.0,0,0,0.0,0.0
8,0,34,0,2273,52,348,19,3,1,1,30,1485.0,0,419,42.886792452830186,42.42857142857143
8,0,35,0,4018,58,0,30,1,1,1,15,224.18,0,88,68.10169491525424,6.227222222222222
1,0,35,0,2213,50,0,28,1,1,1,15,124.465,0,78,43.3921568627451,3.457361111111111
9,0,35,1,3595,74,21,23,3,1,1,30,230.76,0,118,47.93333333333333,6.41
2,0,35,0,2180,31,274,13,3,1,1,30,1184.44,0,318,68.125,32.90111111111111
11,0,34,2,8935,113,133,38,3,1,1,30,893.92,0,284,78.37719298245614,25.54057142857143
5,0,35,0,13593,161,0,39,3,1,1,30,550.16,0,200,83.9074074074074,15.282222222222222
5,0,35,1,4335,75,0,20,3,1,1,30,176.4,0,95,57.03947368421053,4.9
4,0,35,0,5738,87,0,7,3,1,1,30,233.0,0,94,65.20454545454545,6.472222222222222
7,0,35,0,2058,46,0,12,3,1,2,30,84.16,0,58,43.787234042553195,2.3377777777777777
23,0,35,3,14960,217,43,27,3,1,1,30,779.08,0,287,68.62385321100918,21.641111111111112
2,0,35,1,2915,19,472,3,3,1,1,30,2005.36,0,494,145.75,55.70444444444444
7,0,34,0,15305,174,139,25,2,1,1,25,1322.055,0,338,87.45714285714286,37.773
1,0,34,1,6320,78,175,21,3,1,1,30,955.92,0,274,80.0,27.311999999999998
0,0,34,0,695,6,0,6,2,1,2,25,31.545,0,12,99.28571428571429,0.9012857142857144
0,0,35,0,530,6,2,3,3,1,2,30,29.44,0,11,75.71428571428571,0.8177777777777778
0,1,34,0,0,0,0,0,2,1,2,25,0.0,1,0,0.0,0.0
1,0,34,0,7328,119,373,38,2,1,1,25,2013.615,0,530,61.06666666666667,57.53185714285714
5,0,34,1,11285,146,0,42,4,1,1,45,285.775,0,188,76.7687074829932,8.165
6,0,34,1,6538,67,97,32,2,1,1,25,733.725,0,196,96.1470588235294,20.96357142857143
21,1,30,0,775,39,5,12,2,1,2,25,59.13,1,56,19.375,1.9074193548387097
19,0,33,8,10255,85,0,37,5,1,1,55,155.1,0,122,119.24418604651163,4.561764705882353
11,1,33,1,5638,90,15,19,2,1,1,25,325.26,1,124,61.956043956043956,9.566470588235294
0,0,31,0,2660,14,0,9,3,1,1,30,106.96,0,23,177.33333333333334,3.3425
7,0,32,0,2810,33,0,11,3,1,2,30,113.72,1,44,82.6470588235294,3.446060606060606
7,1,33,0,2088,36,23,26,3,1,2,30,176.96,1,85,56.432432432432435,5.2047058823529415
0,0,33,0,0,0,0,0,3,1,2,30,0.0,1,0,0.0,0.0
0,0,33,0,1488,17,0,1,3,1,1,30,60.2,0,18,82.66666666666667,1.7705882352941178
1,0,30,1,6605,89,3,17,5,1,1,55,104.91,0,109,73.38888888888889,3.384193548387097
0,0,33,0,0,0,0,0,4,1,2,45,0.0,1,0,0.0,0.0
0,0,33,0,0,0,0,0,5,1,1,55,0.0,0,0,0.0,0.0
23,0,28,3,15895,230,0,75,2,1,1,25,725.625,0,305,68.80952380952381,25.021551724137932
4,0,31,3,6785,108,260,28,2,2,1,25,1480.185,0,396,62.24770642201835,46.25578125
0,0,33,0,3538,74,0,23,2,1,1,25,162.54,0,97,47.17333333333333,4.780588235294117
1,0,32,0,1485,36,27,15,3,1,2,30,168.84,0,78,40.13513513513514,5.116363636363636
4,0,33,0,2600,45,164,18,2,1,1,25,857.025,0,227,56.52173913043478,25.206617647058824
2,0,24,1,1135,28,182,6,2,2,1,25,871.335,0,216,39.13793103448276,34.8534
2,0,23,0,1388,31,19,63,4,1,1,45,82.975,0,113,43.375,3.4572916666666664
9,0,24,0,520,17,0,2,2,1,2,25,24.165,0,19,28.88888888888889,0.9666
0,0,23,0,0,0,10,0,4,1,2,45,25.0,0,10,0.0,1.0416666666666667
8,0,22,0,1045,24,8,8,2,1,1,25,84.105,0,40,41.8,3.656739130434783
0,0,22,0,3045,53,0,18,3,1,1,30,123.92,0,71,56.388888888888886,5.3878260869565215
0,0,15,0,1515,18,17,9,2,1,1,25,145.485,0,44,79.73684210526316,9.0928125
14,0,14,1,6213,133,74,37,2,2,1,25,618.57,0,244,46.365671641791046,41.23800000000001
10,0,12,0,8753,163,62,35,4,1,1,45,377.9,0,260,53.3719512195122,29.069230769230767
6,0,13,3,2673,37,20,14,3,1,1,30,188.4,0,71,70.34210526315789,13.457142857142857
0,0,6,1,4210,32,204,5,3,1,1,30,985.68,0,241,127.57575757575758,140.81142857142856
1,0,6,1,1308,11,0,2,3,1,1,30,52.76,1,13,109.0,7.5371428571428565
12,0,38,2,4970,81,26,32,3,1,1,30,306.04,0,139,60.609756097560975,7.8471794871794875
4,0,39,0,918,15,28,19,3,1,2,30,149.32,0,62,57.375,3.7329999999999997
14,0,37,2,3053,70,380,39,3,1,1,30,1644.92,0,489,43.0,43.28736842105263
14,0,38,2,4798,76,22,50,1,1,1,15,389.07,0,148,62.311688311688314,9.976153846153846
7,0,38,2,2993,68,23,48,2,1,1,25,241.245,0,139,43.3768115942029,6.185769230769231
15,0,38,3,4375,92,53,43,3,1,1,30,390.68,0,188,47.043010752688176,10.017435897435897
8,0,38,2,2960,49,306,33,3,1,1,30,1344.36,0,388,59.2,34.47076923076923
17,0,37,4,9715,131,165,58,3,2,1,30,1053.84,0,354,73.59848484848484,27.732631578947366
11,0,38,2,14373,179,21,59,3,1,1,30,666.08,0,259,79.85,17.07897435897436
11,0,38,3,5115,93,23,40,3,1,1,30,300.32,0,156,54.41489361702128,7.70051282051282
10,0,38,2,6518,105,28,27,3,1,1,30,376.92,0,160,61.490566037735846,9.664615384615384
13,0,38,0,2838,64,29,32,3,1,2,30,232.08,0,125,43.66153846153846,5.9507692307692315
29,0,38,5,15740,235,75,47,3,1,1,30,939.0,0,357,66.69491525423729,24.076923076923077
8,0,38,3,3695,37,504,23,3,1,1,30,2165.28,0,564,97.23684210526316,55.52
13,0,37,2,16085,192,171,45,2,1,1,25,1501.965,0,408,83.34196891191709,39.5253947368421
7,0,37,3,7100,96,207,41,3,1,1,30,1115.84,0,344,73.19587628865979,29.364210526315787
4,0,37,0,1475,24,21,26,2,1,2,25,161.955,0,71,59.0,4.261973684210527
6,0,38,0,1310,24,34,23,3,1,2,30,189.36,0,81,52.4,4.855384615384616
4,0,37,0,600,10,21,15,2,1,2,25,121.95,1,46,54.54545454545455,3.2092105263157897
7,0,37,2,8108,137,405,58,3,1,1,30,1949.8,0,600,58.7536231884058,51.310526315789474
11,0,37,3,12065,164,32,62,4,1,1,45,385.725,0,258,73.12121212121212,10.150657894736844
12,0,37,3,7318,85,129,52,2,1,1,25,913.635,0,266,85.09302325581395,24.043026315789472
27,1,33,0,1555,57,37,32,3,1,2,30,212.48,1,126,26.810344827586206,6.249411764705882
25,0,36,10,11035,103,22,57,5,2,1,55,200.07,0,182,106.10576923076923,5.407297297297297
17,0,36,3,6418,108,47,39,2,1,1,25,505.17,0,194,58.88073394495413,13.653243243243244
5,0,34,2,3440,32,21,29,3,1,1,30,222.88,0,82,104.24242424242425,6.367999999999999
13,1,35,0,3590,51,30,31,3,1,2,30,265.64,1,112,69.03846153846153,7.378888888888889
13,1,36,0,2868,54,55,46,3,1,2,30,336.88,1,155,52.14545454545455,9.104864864864865
4,0,36,0,733,12,21,17,3,1,2,30,113.8,1,50,56.38461538461539,3.075675675675676
5,0,36,2,2268,35,21,21,4,1,1,45,110.075,0,77,63.0,2.975
7,0,33,3,7385,107,35,37,5,1,1,55,164.88,0,179,68.37962962962963,4.8494117647058825
4,0,36,0,1228,17,30,19,4,1,2,45,106.125,1,66,68.22222222222223,2.8682432432432434
4,0,36,3,938,14,25,17,5,1,1,55,51.78,0,56,62.53333333333333,1.3994594594594596
29,0,31,5,16675,248,21,95,2,1,1,25,856.035,0,364,66.96787148594377,26.75109375
10,0,34,5,7565,126,292,48,2,2,1,25,1660.095,0,466,59.56692913385827,47.431285714285714
6,0,36,2,4318,92,23,43,3,1,1,30,268.4,0,158,46.43010752688172,7.254054054054054
7,1,35,0,2265,54,59,35,3,1,2,30,328.76,1,148,41.18181818181818,9.132222222222222
10,0,36,2,3380,63,196,38,2,1,1,25,1036.935,0,297,52.8125,28.02527027027027
8,0,27,3,1915,46,214,26,2,2,1,25,1051.245,0,286,40.744680851063826,37.544464285714284
8,0,26,2,2168,49,51,83,4,1,1,45,182.925,0,183,43.36,6.775
15,0,27,0,1300,35,31,22,3,1,2,30,177.4,0,88,36.111111111111114,6.335714285714286
4,0,26,0,1425,20,42,18,4,1,2,45,141.125,0,80,67.85714285714286,5.226851851851852
14,0,25,2,1825,42,40,28,2,1,1,25,264.015,0,110,42.44186046511628,10.154423076923077
6,0,25,2,3825,71,29,38,3,1,1,30,271.84,0,138,53.125,10.455384615384615
6,0,18,2,2295,36,49,29,2,1,1,25,325.395,0,114,62.027027027027025,17.126052631578947
20,0,17,3,6993,151,106,57,2,2,1,25,798.48,0,314,46.00657894736842,44.36
16,0,15,2,9533,181,94,55,5,1,1,55,286.71,0,330,52.379120879120876,17.919375
12,0,16,5,3453,55,52,34,3,1,1,30,348.32,0,141,61.660714285714285,20.48941176470588
6,0,9,3,4990,50,236,25,3,1,1,30,1145.6,0,311,97.84313725490196,114.55999999999999
7,1,9,3,2088,29,21,22,3,1,1,30,168.68,1,72,69.6,16.868000000000002
4,0,38,0,3770,61,0,2,2,1,1,25,172.395,0,63,60.806451612903224,4.420384615384616
0,0,39,0,0,0,0,0,2,1,2,25,0.0,0,0,0.0,0.0
6,0,37,0,1853,50,338,9,2,1,1,25,1606.635,0,397,36.333333333333336,42.27986842105263
6,0,38,0,3598,56,0,20,1,1,1,15,200.97,0,76,63.12280701754386,5.153076923076923
0,0,38,0,1793,48,0,18,1,1,1,15,101.255,0,66,36.59183673469388,2.596282051282051
7,0,38,0,3175,72,11,13,3,1,1,30,173.88,0,96,43.49315068493151,4.458461538461538
0,0,38,0,1760,29,264,3,3,1,1,30,1127.56,0,296,58.666666666666664,28.91179487179487
9,0,37,0,8515,111,123,28,3,1,1,30,837.04,0,262,76.02678571428571,22.027368421052632
3,0,38,0,13173,159,0,29,3,1,1,30,533.28,0,188,82.33125,13.673846153846153
3,0,38,0,3915,73,0,10,3,1,1,30,159.52,0,83,52.9054054054054,4.09025641025641
2,0,38,0,5318,85,0,15,2,1,1,25,243.135,0,100,61.83720930232558,6.234230769230769
5,0,38,0,1638,44,0,2,3,1,2,30,67.28,0,46,36.4,1.725128205128205
21,0,38,1,14540,215,33,17,3,1,1,30,722.2,0,265,67.31481481481481,18.51794871794872
0,0,38,0,2495,17,462,7,3,1,1,30,1948.48,0,486,138.61111111111111,49.96102564102564
5,0,37,0,14885,172,129,15,2,1,1,25,1258.065,0,316,86.04046242774567,33.10697368421053
0,0,37,0,5900,76,165,11,3,1,1,30,899.04,0,252,76.62337662337663,23.658947368421053
0,0,37,0,275,4,0,1,2,1,2,25,12.555,0,5,55.0,0.33039473684210524
0,0,38,0,110,4,0,1,2,1,2,25,5.13,0,5,22.0,0.13153846153846155
0,0,37,0,6908,117,363,28,2,1,1,25,1949.625,0,508,58.54237288135593,51.30592105263158
3,0,37,0,10865,144,0,32,3,1,1,30,440.36,0,176,74.93103448275862,11.58842105263158
4,0,37,0,6118,65,87,22,2,1,1,25,669.735,0,174,92.6969696969697,17.624605263157896
19,0,33,0,355,37,0,2,2,1,2,25,17.64,1,39,9.342105263157896,0.5188235294117647
17,0,36,6,9835,83,0,27,4,1,1,45,247.95,0,110,117.08333333333333,6.701351351351351
9,1,36,0,5218,88,5,9,2,1,1,25,261.27,1,102,58.62921348314607,7.061351351351351
0,0,34,0,2240,12,0,4,3,1,1,30,90.08,0,16,172.30769230769232,2.573714285714286
5,0,35,0,2390,31,0,1,3,1,2,30,96.84,1,32,74.6875,2.69
5,0,36,0,1668,34,13,16,3,1,2,30,120.08,1,63,47.65714285714286,3.2454054054054056
0,0,36,0,0,0,0,0,3,1,2,30,0.0,1,0,0.0,0.0
0,0,36,0,1068,15,0,3,3,1,1,30,43.32,0,18,66.75,1.1708108108108108
0,0,33,0,6185,87,0,7,4,1,1,45,156.8,0,94,70.2840909090909,4.611764705882353
0,0,36,0,0,0,0,0,4,1,2,45,0.0,1,0,0.0,0.0
0,0,36,0,0,0,0,0,5,1,1,55,0.0,0,0,0.0,0.0
21,0,31,1,15475,228,0,65,2,1,1,25,706.635,0,293,67.5764192139738,22.08234375
2,0,34,1,6365,106,250,18,2,2,1,25,1416.195,0,374,59.48598130841121,40.462714285714284
0,0,36,0,3118,72,0,13,2,1,1,25,143.55,0,85,42.71232876712329,3.87972972972973
0,0,35,0,1065,34,17,5,3,1,2,30,111.96,0,56,30.428571428571427,3.11
2,0,36,0,2180,43,154,8,2,1,1,25,793.035,0,205,49.54545454545455,21.43337837837838
0,0,27,0,715,26,172,1,2,2,1,25,807.345,0,199,26.48148148148148,28.833750000000002
0,0,26,0,968,29,9,53,4,1,1,45,47.425,0,91,32.266666666666666,1.7564814814814813
7,0,27,0,100,15,0,3,2,1,2,25,5.175,0,18,6.25,0.18482142857142855
0,0,26,0,0,0,0,0,4,1,2,45,0.0,0,0,0.0,0.0
6,0,25,0,625,22,0,2,2,1,1,25,29.115,0,24,27.17391304347826,1.1198076923076923
0,0,25,0,2625,51,0,8,3,1,1,30,107.04,0,59,50.48076923076923,4.116923076923078
0,0,18,0,1095,16,7,6,2,1,1,25,81.495,0,29,64.41176470588235,4.28921052631579
12,0,17,0,5793,131,64,27,1,2,1,15,677.82,0,222,43.88636363636363,37.656666666666666
8,0,15,0,8333,161,52,25,4,1,1,45,342.35,0,238,51.43827160493827,21.396875
4,0,16,1,2253,35,10,4,3,1,1,30,131.52,0,49,62.583333333333336,7.736470588235295
0,0,9,0,3790,30,194,23,3,1,1,30,928.8,0,247,122.25806451612904,92.88
0,1,9,0,888,9,0,3,3,1,1,30,35.88,1,12,88.8,3.588
8,0,39,1,4485,77,37,21,3,1,1,30,330.48,0,135,57.5,8.262
0,0,40,0,433,11,39,8,3,1,2,30,173.76,0,58,36.083333333333336,4.238048780487805
10,0,38,1,2568,66,391,28,3,1,1,30,1669.36,0,485,38.32835820895522,42.804102564102564
10,0,39,1,4313,72,33,39,1,1,1,15,422.675,0,144,59.082191780821915,10.566875
3,0,39,1,2508,64,34,37,2,1,1,25,268.74,0,135,38.58461538461538,6.718500000000001
11,0,39,2,3890,88,64,32,3,1,1,30,415.12,0,184,43.70786516853933,10.378
4,0,39,1,2475,45,317,22,4,1,1,45,855.5,0,384,53.80434782608695,21.3875
13,0,38,3,9230,127,176,47,3,1,1,30,1078.28,0,350,72.109375,27.648205128205127
7,0,39,1,13888,175,32,48,3,1,1,30,690.52,0,255,78.9090909090909,17.262999999999998
7,0,39,2,4630,89,34,29,3,1,1,30,324.76,0,152,51.44444444444444,8.119
6,0,39,1,6033,101,39,16,3,1,1,30,401.36,0,156,59.14705882352941,10.034
9,1,39,0,2353,60,40,21,3,1,2,30,256.52,0,121,38.57377049180328,6.412999999999999
25,0,39,4,15255,231,86,36,3,1,1,30,963.44,0,353,65.75431034482759,24.086000000000002
4,0,39,2,3210,33,515,12,4,1,1,45,1368.575,0,560,94.41176470588235,34.214375000000004
9,0,38,1,15600,188,182,34,2,1,1,25,1529.46,0,404,82.53968253968254,39.21692307692308
3,0,38,2,6615,92,218,30,3,1,1,30,1140.28,0,340,71.12903225806451,29.23794871794872
0,0,38,0,990,20,32,15,2,1,2,25,189.45,0,67,47.142857142857146,4.857692307692307
2,0,39,0,825,20,45,12,3,1,2,30,213.8,0,77,39.285714285714285,5.345000000000001
0,0,38,0,115,6,32,4,2,1,2,25,149.445,1,42,16.428571428571427,3.8319230769230765
3,0,38,1,7623,133,416,47,3,1,1,30,1974.24,0,596,56.88805970149254,50.621538461538464
7,0,38,2,11580,160,43,51,4,1,1,45,401.0,0,254,71.92546583850931,10.282051282051283
8,0,38,2,6833,81,140,41,2,1,1,25,941.13,0,262,83.32926829268293,24.13153846153846
23,1,34,0,1070,53,48,21,3,1,2,30,236.92,1,122,19.814814814814813,6.769142857142857
21,0,37,9,10550,99,33,46,5,1,1,55,209.235,0,178,105.5,5.506184210526317
13,0,37,2,5933,104,58,28,3,1,1,30,473.48,0,190,56.50476190476191,12.46
1,0,35,1,2955,28,32,18,3,1,1,30,247.32,0,78,101.89655172413794,6.87
9,1,36,0,3105,47,41,20,3,1,2,30,290.08,1,108,64.6875,7.84
9,0,37,0,2383,50,66,35,4,1,2,45,225.825,1,151,46.72549019607843,5.942763157894737
0,0,37,0,248,8,32,6,3,1,2,30,138.24,1,46,27.555555555555557,3.6378947368421053
1,0,37,1,1783,31,32,10,4,1,1,45,125.35,0,73,55.71875,3.2986842105263157
3,0,34,2,6900,103,46,26,5,1,1,55,174.045,0,175,66.34615384615384,4.972714285714285
0,0,37,0,743,13,41,8,4,1,2,45,121.4,1,62,53.07142857142857,3.194736842105263
0,0,37,2,453,10,36,6,5,1,1,55,60.945,0,52,41.18181818181818,1.6038157894736842
25,0,32,4,16190,244,32,84,2,2,1,25,883.53,0,360,66.08163265306122,26.773636363636363
6,0,35,4,7080,122,303,37,3,2,1,30,1500.08,0,462,57.5609756097561,41.66888888888889
2,0,37,1,3833,88,34,32,3,1,1,30,292.84,0,154,43.06741573033708,7.706315789473684
3,0,36,0,1780,50,70,24,4,1,2,45,220.75,0,144,34.90196078431372,5.966216216216216
6,0,37,1,2895,59,207,27,2,1,1,25,1064.43,0,293,48.25,28.011315789473684
4,0,28,2,1430,42,225,15,3,2,1,30,958.88,0,282,33.25581395348837,33.064827586206896
4,0,27,1,1683,45,62,72,5,1,1,55,118.92,0,179,36.58695652173913,4.247142857142857
11,0,28,0,815,31,42,11,3,1,2,30,201.84,0,84,25.46875,6.96
0,0,27,0,940,16,53,7,4,1,2,45,156.4,0,76,55.294117647058826,5.585714285714286
10,0,26,1,1340,38,51,17,2,1,1,25,291.51,0,106,34.35897435897436,10.796666666666667
2,0,26,1,3340,67,40,27,3,1,1,30,296.28,0,134,49.11764705882353,10.973333333333333
2,0,19,1,1810,32,60,18,3,1,1,30,313.68,0,110,54.84848484848485,15.684000000000001
16,0,18,2,6508,147,117,46,2,2,1,25,825.975,0,310,43.972972972972975,43.472368421052636
12,0,16,1,9048,177,105,44,5,1,1,55,295.875,0,326,50.831460674157306,17.404411764705884
8,0,17,4,2968,51,63,23,3,2,1,30,372.76,0,137,57.07692307692308,20.70888888888889
2,0,10,2,4505,46,247,14,3,1,1,30,1170.04,0,307,95.85106382978724,106.36727272727272
3,0,10,2,1603,25,32,11,3,1,1,30,193.12,1,68,61.65384615384615,17.55636363636364
8,0,37,0,4255,65,0,13,2,1,1,25,194.4,0,78,64.46969696969697,5.11578947368421
0,0,38,0,0,0,0,0,2,1,2,25,0.0,0,0,0.0,0.0
10,0,36,0,2338,54,327,20,2,1,1,25,1579.14,0,401,42.50909090909091,42.679459459459466
10,0,37,0,4083,60,0,31,1,1,1,15,227.865,0,91,66.93442622950819,5.996447368421053
3,0,37,0,2278,52,0,29,1,1,1,15,128.15,0,81,42.9811320754717,3.3723684210526317
11,0,37,0,3660,76,0,24,2,1,1,25,168.12,0,100,47.532467532467535,4.42421052631579
4,0,37,0,2245,33,253,14,3,1,1,30,1103.12,0,300,66.02941176470588,29.029473684210522
13,0,36,1,9000,115,112,39,3,1,1,30,812.6,0,266,77.58620689655173,21.962162162162162
7,0,37,0,13658,163,0,40,3,1,1,30,552.84,0,203,83.28048780487805,14.54842105263158
7,0,37,0,4400,77,0,21,3,1,1,30,179.08,0,98,56.41025641025641,4.712631578947369
6,0,37,0,5803,89,0,8,2,1,1,25,265.14,0,97,64.47777777777777,6.977368421052631
9,0,37,0,2123,48,0,13,3,1,2,30,86.84,0,61,43.326530612244895,2.285263157894737
25,0,37,2,15025,219,22,28,3,1,1,30,697.76,0,269,68.29545454545455,18.362105263157893
4,0,37,0,2980,21,451,4,3,1,1,30,1924.04,0,476,135.45454545454547,50.63263157894737
9,0,36,0,15370,176,118,26,2,1,1,25,1230.57,0,320,86.8361581920904,33.258648648648645
3,0,36,0,6385,80,154,22,3,1,1,30,874.6,0,256,78.82716049382717,23.63783783783784
0,0,36,0,760,8,0,7,2,1,2,25,34.56,0,15,84.44444444444444,0.9340540540540541
2,0,37,0,595,8,0,4,2,1,2,25,27.135,0,12,66.11111111111111,0.7140789473684211
0,1,36,0,0,0,0,0,2,1,2,25,0.0,1,0,0.0,0.0
3,0,36,0,7393,121,352,39,2,1,1,25,1922.13,0,512,60.59836065573771,51.94945945945946
7,0,36,0,11350,148,0,43,3,1,1,30,459.92,0,191,76.1744966442953,12.43027027027027
8,0,36,0,6603,69,76,33,2,1,1,25,642.24,0,178,94.32857142857142,17.357837837837838
23,0,32,0,840,41,0,13,2,1,2,25,39.645,1,54,20.0,1.2013636363636364
21,0,35,7,10320,87,0,38,4,2,1,45,260.175,0,125,117.27272727272727,7.227083333333334
13,1,35,0,5703,92,0,20,2,1,1,25,260.775,1,112,61.32258064516129,7.2437499999999995
1,0,33,0,2725,16,0,10,3,1,1,30,109.64,0,26,160.2941176470588,3.224705882352941
9,1,34,0,2875,35,0,12,2,1,2,25,130.95,1,47,79.86111111111111,3.741428571428571
9,0,35,0,2153,38,2,27,3,1,2,30,95.64,1,67,55.205128205128204,2.6566666666666667
1,0,35,0,1553,19,0,2,3,1,1,30,62.88,0,21,77.65,1.7466666666666668
3,0,32,0,6670,91,0,18,4,1,1,45,169.025,0,109,72.5,5.121969696969697
0,0,35,0,513,1,0,3,4,1,2,45,12.85,1,4,256.5,0.35694444444444445
0,0,35,0,0,0,0,0,4,1,1,45,0.0,0,0,0.0,0.0
25,0,30,2,15960,232,0,76,2,1,1,25,728.64,0,308,68.49785407725322,23.504516129032258
6,0,33,2,6850,110,239,29,2,2,1,25,1388.7,0,378,61.711711711711715,40.84411764705882
2,0,35,0,3603,76,0,24,2,1,1,25,165.555,0,100,46.79220779220779,4.59875
3,0,34,0,1550,38,6,16,3,1,2,30,87.52,0,60,39.743589743589745,2.5005714285714284
6,0,35,0,2665,47,143,19,2,1,1,25,765.54,0,209,55.520833333333336,21.265
4,0,26,0,1200,30,161,7,2,2,1,25,779.85,0,198,38.70967741935484,28.883333333333333
4,0,25,0,1453,33,0,64,4,1,1,45,37.15,0,97,42.73529411764706,1.4288461538461539
11,0,26,0,585,19,0,3,2,1,2,25,27.18,0,22,29.25,1.0066666666666666
0,0,25,0,710,4,0,1,4,1,2,45,17.85,0,5,142.0,0.6865384615384615
10,0,24,0,1110,26,0,9,2,1,1,25,51.12,0,35,41.111111111111114,2.0448
2,0,24,0,3110,55,0,19,3,1,1,30,126.6,0,74,55.535714285714285,5.064
2,0,17,0,1580,20,0,10,2,1,1,25,72.0,0,30,75.23809523809524,4.0
16,0,16,0,6278,135,53,38,1,2,1,15,644.215,0,226,46.161764705882355,37.895
12,0,14,0,8818,165,41,36,4,1,1,45,327.075,0,242,53.12048192771084,21.805
8,0,15,2,2738,39,0,15,3,1,1,30,111.08,0,54,68.45,6.9425
2,0,8,0,4275,34,183,6,3,1,1,30,904.36,0,223,122.14285714285714,100.48444444444445
3,1,8,0,1373,13,0,3,2,1,1,25,62.37,1,16,98.07142857142857,6.93
10,0,38,0,4560,72,14,20,3,1,1,30,241.28,0,106,62.465753424657535,6.1866666666666665
2,0,39,0,508,6,16,7,2,1,2,25,95.13,0,29,72.57142857142857,2.37825
12,0,37,0,2643,61,368,27,3,1,1,30,1580.16,0,456,42.62903225806452,41.58315789473684
12,0,38,0,4388,67,10,38,1,1,1,15,300.025,0,115,64.52941176470588,7.692948717948718
5,0,38,0,2583,59,11,36,1,1,1,15,205.81,0,106,43.05,5.277179487179487
13,0,38,1,3965,83,41,31,3,1,1,30,325.92,0,155,47.20238095238095,8.356923076923078
6,0,38,0,2550,40,294,21,3,1,1,30,1279.6,0,355,62.19512195121951,32.81025641025641
15,0,37,2,9305,122,153,46,3,1,1,30,989.08,0,321,75.65040650406505,26.02842105263158
9,0,38,0,13963,170,9,47,3,1,1,30,601.32,0,226,81.65497076023392,15.418461538461539
9,0,38,1,4705,84,11,28,3,1,1,30,235.56,0,123,55.35294117647059,6.04
8,0,38,0,6108,96,16,15,3,1,1,30,312.16,0,127,62.96907216494845,8.004102564102565
11,1,38,0,2428,55,17,20,3,1,2,30,167.32,0,92,43.357142857142854,4.2902564102564105
27,0,38,3,15330,226,63,35,3,1,1,30,874.24,0,324,67.5330396475771,22.416410256410256
6,0,38,1,3285,28,492,11,3,1,1,30,2100.52,0,531,113.27586206896552,53.85948717948718
11,0,37,0,15675,183,159,33,2,1,1,25,1429.11,0,375,85.19021739130434,37.60815789473684
5,0,37,1,6690,87,195,29,3,1,1,30,1051.08,0,311,76.02272727272727,27.659999999999997
2,0,37,0,1065,15,9,14,2,1,2,25,89.1,0,38,66.5625,2.344736842105263
4,0,38,0,900,15,22,11,3,1,2,30,124.6,0,48,56.25,3.1948717948717946
2,0,37,0,190,1,9,3,2,1,2,25,49.095,1,13,95.0,1.2919736842105263
5,0,37,0,7698,128,393,46,2,1,1,25,2120.67,0,567,59.674418604651166,55.807105263157894
9,0,37,1,11655,155,20,50,4,1,1,45,345.25,0,225,74.71153846153847,9.085526315789474
10,0,37,1,6908,76,117,40,2,1,1,25,840.78,0,233,89.71428571428571,22.12578947368421
25,1,33,0,1145,48,25,20,2,1,2,25,166.185,1,93,23.367346938775512,4.887794117647059
23,0,36,8,10625,94,10,45,5,1,1,55,175.785,0,149,111.84210526315789,4.750945945945946
15,0,36,1,6008,99,35,27,2,1,1,25,432.315,1,161,60.08,11.684189189189189
3,0,34,0,3030,23,9,17,3,1,1,30,158.12,0,49,126.25,4.517714285714286
11,1,35,0,3180,42,18,19,3,1,2,30,200.88,1,79,73.95348837209302,5.58
11,1,36,0,2458,45,43,34,3,1,2,30,272.12,1,122,53.43478260869565,7.3545945945945945
2,0,36,0,323,3,9,5,3,1,2,30,49.04,1,17,80.75,1.3254054054054054
3,0,36,0,1858,26,9,9,3,1,1,30,111.36,0,44,68.81481481481481,3.0097297297297296
5,0,33,1,6975,98,23,25,5,1,1,55,140.595,0,146,70.45454545454545,4.135147058823529
2,0,36,0,818,8,18,7,4,1,2,45,65.65,1,33,90.88888888888889,1.7743243243243245
2,0,36,1,528,5,13,5,5,1,1,55,27.495,0,23,88.0,0.7431081081081081
27,0,31,3,16265,239,9,83,2,1,1,25,783.18,0,331,67.77083333333333,24.474375
8,0,34,3,7155,117,280,36,2,2,1,25,1587.24,0,433,60.63559322033898,45.349714285714285
4,0,36,0,3908,83,11,31,2,1,1,25,229.095,0,125,46.523809523809526,6.191756756756757
5,0,35,0,1855,45,47,23,3,1,2,30,264.0,0,115,40.32608695652174,7.333333333333333
8,0,36,0,2970,54,184,26,2,1,1,25,964.08,0,264,54.0,26.056216216216217
6,1,27,1,1505,37,202,14,2,2,1,25,978.39,1,253,39.60526315789474,34.9425
6,0,26,0,1758,40,39,71,4,1,1,45,142.45,0,150,42.8780487804878,5.275925925925925
13,0,27,0,890,26,19,10,2,1,2,25,126.72,0,55,32.96296296296296,4.525714285714286
2,0,26,0,1015,11,30,6,4,1,2,45,100.65,0,47,84.58333333333333,3.727777777777778
12,0,25,0,1415,33,28,16,2,1,1,25,191.16,0,77,41.61764705882353,7.352307692307692
4,0,25,0,3415,62,17,26,3,1,1,30,207.08,0,105,54.20634920634921,7.964615384615385
4,0,18,0,1885,27,37,17,2,1,1,25,252.54,0,81,67.32142857142857,13.291578947368421
18,0,17,1,6582,142,94,45,2,2,1,25,725.58,0,281,46.02797202797203,40.31
14,0,15,0,9122,172,82,43,4,1,1,45,437.35,0,297,52.72832369942196,27.334375
10,0,16,3,3042,46,40,22,3,1,1,30,283.52,0,108,64.72340425531915,16.677647058823528
4,0,9,1,4580,41,224,13,3,1,1,30,1080.84,0,278,109.04761904761905,108.08399999999999
5,0,9,1,1677,20,9,10,3,1,1,30,103.88,1,39,79.85714285714286,10.388
6,0,38,0,4180,70,0,14,3,1,1,30,170.0,0,84,58.87323943661972,4.358974358974359
0,0,39,0,128,4,0,1,2,1,2,25,5.94,0,5,25.6,0.14850000000000002
8,0,37,0,2263,59,350,21,3,1,1,30,1492.88,0,430,37.71666666666667,39.28631578947369
8,0,38,0,4008,65,0,32,1,1,1,15,224.015,0,97,60.72727272727273,5.743974358974358
1,0,38,0,2203,57,0,30,1,1,1,15,124.3,0,87,37.98275862068966,3.187179487179487
9,0,38,1,3585,81,23,25,3,1,1,30,238.64,0,129,43.71951219512195,6.118974358974358
2,0,38,0,2170,38,276,15,3,1,1,30,1192.32,0,329,55.64102564102564,30.572307692307692
11,0,37,2,8925,120,135,40,3,1,1,30,901.8,0,295,73.7603305785124,23.73157894736842
5,0,38,0,13583,168,0,41,3,1,1,30,550.04,0,209,80.37278106508876,14.103589743589742
5,0,38,1,4325,82,0,22,3,1,1,30,176.28,0,104,52.10843373493976,4.5200000000000005
4,0,38,0,5728,94,0,9,3,1,1,30,232.88,0,103,60.294736842105266,5.971282051282051
7,0,38,0,2048,53,0,14,3,1,2,30,84.04,0,67,37.925925925925924,2.154871794871795
23,0,38,3,14950,224,45,29,3,1,1,30,786.96,0,298,66.44444444444444,20.17846153846154
2,0,38,1,2905,26,474,5,3,1,1,30,2013.24,0,505,107.5925925925926,51.621538461538464
7,0,37,0,15295,181,141,27,2,1,1,25,1330.92,0,349,84.03846153846153,35.02421052631579
1,0,37,1,6310,85,177,23,3,1,1,30,963.8,0,285,73.37209302325581,25.36315789473684
0,0,37,0,685,13,0,8,2,1,2,25,31.41,0,21,48.92857142857143,0.8265789473684211
0,0,38,0,520,13,4,5,3,1,2,30,37.32,0,22,37.142857142857146,0.9569230769230769
1,0,37,0,7318,126,375,40,2,1,1,25,2022.48,0,541,57.62204724409449,53.22315789473684
5,0,37,1,11275,153,2,44,4,1,1,45,290.7,0,199,73.21428571428571,7.6499999999999995
6,0,37,1,6528,74,99,34,2,1,1,25,742.59,0,207,87.04,19.541842105263157
21,0,33,0,765,46,7,14,2,1,2,25,67.995,1,67,16.27659574468085,1.9998529411764707
19,0,36,8,10245,92,0,39,5,2,1,55,155.055,0,131,110.16129032258064,4.190675675675676
11,0,36,1,5628,97,17,21,2,1,1,25,334.125,1,135,57.42857142857143,9.030405405405405
0,0,34,0,2650,21,0,11,3,1,1,30,106.84,0,32,120.45454545454545,3.0525714285714285
7,1,35,0,2800,40,0,13,3,1,2,30,113.6,1,53,68.29268292682927,3.1555555555555554
7,0,36,0,2078,43,25,28,3,1,2,30,184.84,1,96,47.22727272727273,4.995675675675676
0,0,36,0,1478,24,0,3,3,1,1,30,60.08,0,27,59.12,1.6237837837837836
1,0,33,1,6595,96,5,19,5,1,1,55,107.865,0,120,67.98969072164948,3.1725
0,0,36,0,438,6,0,1,4,1,2,45,11.1,1,7,62.57142857142857,0.3
0,0,36,1,0,0,0,0,5,1,1,55,0.0,0,0,0.0,0.0
23,0,31,3,15885,237,0,77,2,1,1,25,725.49,0,314,66.74369747899159,22.6715625
4,0,34,3,6775,115,262,30,2,2,1,25,1489.05,0,407,58.4051724137931,42.544285714285714
0,0,36,0,3528,81,0,25,2,1,1,25,162.405,0,106,43.02439024390244,4.389324324324324
1,0,35,0,1475,43,29,17,3,1,2,30,176.72,0,89,33.52272727272727,4.908888888888889
4,0,36,0,2590,52,166,20,2,1,1,25,865.89,0,238,48.867924528301884,23.40243243243243
2,0,27,1,1125,35,184,8,2,2,1,25,880.2,0,227,31.25,31.435714285714287
2,0,26,0,1378,38,21,65,4,1,1,45,87.9,0,124,35.333333333333336,3.255555555555556
9,0,27,0,510,24,1,4,2,1,2,25,28.53,0,29,20.4,1.0189285714285714
0,0,26,0,635,9,12,1,4,1,2,45,46.1,0,22,63.5,1.7074074074074075
8,0,25,0,1035,31,10,10,2,1,1,25,92.97,0,51,32.34375,3.5757692307692306
0,0,25,0,3035,60,0,20,3,1,1,30,123.8,0,80,49.75409836065574,4.7615384615384615
0,0,18,0,1505,25,19,11,2,1,1,25,154.35,0,55,57.88461538461539,8.123684210526315
14,0,17,1,6202,140,76,39,2,2,1,25,627.39,0,255,43.98581560283688,34.855
10,0,15,0,8742,170,64,37,4,1,1,45,382.8,0,271,51.12280701754386,23.925
6,0,16,3,2662,44,22,16,3,1,1,30,196.24,0,82,59.15555555555556,11.543529411764707
0,0,9,1,4200,39,206,7,3,1,1,30,993.56,0,252,105.0,99.356
1,0,9,1,1297,18,0,4,3,1,1,30,52.6,1,22,68.26315789473684,5.26
6,0,33,0,4370,65,0,16,2,1,1,25,199.575,0,81,66.21212121212122,5.86985294117647
0,0,34,0,318,4,0,3,2,1,2,25,14.49,0,7,63.6,0.414
8,0,32,0,2453,54,351,23,2,1,1,25,1692.315,0,428,44.6,51.282272727272726
8,0,33,0,4198,60,0,34,1,1,1,15,234.19,0,94,68.81967213114754,6.887941176470588
1,0,33,0,2393,52,0,32,1,1,1,15,134.475,0,84,45.15094339622642,3.9551470588235293
9,0,33,0,3775,76,24,27,2,1,1,25,281.295,0,127,49.02597402597402,8.273382352941177
2,0,33,0,2360,33,277,17,3,1,1,30,1203.72,0,327,69.41176470588235,35.40352941176471
11,0,32,1,9115,115,136,42,3,1,1,30,913.2,0,293,78.57758620689656,27.672727272727276
5,0,33,0,13773,163,0,43,3,1,1,30,557.44,0,206,83.98170731707317,16.39529411764706
5,0,33,0,4515,77,0,24,3,1,1,30,183.68,0,101,57.88461538461539,5.402352941176471
4,0,33,0,5918,89,0,11,2,1,1,25,270.315,0,100,65.75555555555556,7.950441176470588
7,1,33,0,2238,48,0,16,3,1,2,30,91.44,0,64,45.673469387755105,2.6894117647058824
23,0,33,2,15140,219,46,31,3,1,1,30,798.36,0,296,68.81818181818181,23.481176470588235
2,0,33,0,3095,21,475,7,3,1,1,30,2024.64,0,503,140.6818181818182,59.54823529411765
7,0,32,0,15485,176,142,29,2,1,1,25,1343.745,0,347,87.48587570621469,40.719545454545454
1,0,32,0,6500,80,178,25,3,1,1,30,975.2,0,283,80.24691358024691,29.551515151515154
0,0,32,0,875,8,0,10,2,1,2,25,39.735,0,18,97.22222222222223,1.204090909090909
0,0,33,0,710,8,5,7,2,1,2,25,54.81,0,20,78.88888888888889,1.6120588235294118
0,0,32,0,0,0,0,0,2,1,2,25,0.0,1,0,0.0,0.0
1,0,32,0,7508,121,376,42,2,1,1,25,2035.305,0,539,61.540983606557376,61.675909090909094
5,0,32,0,11465,148,3,46,3,1,1,30,476.52,0,197,76.94630872483222,14.44
6,0,32,0,6718,69,100,36,2,1,1,25,755.415,0,205,95.97142857142858,22.891363636363636
21,1,28,0,955,41,8,16,2,1,2,25,80.82,1,65,22.738095238095237,2.7868965517241375
19,0,31,7,10435,87,0,41,4,1,1,45,263.05,0,128,118.57954545454545,8.2203125
11,0,31,0,5818,92,18,23,2,1,1,25,346.95,1,133,62.55913978494624,10.8421875
0,0,29,0,2840,16,0,13,3,1,1,30,114.24,0,29,167.05882352941177,3.808
7,1,30,0,2990,35,1,15,2,1,2,25,140.625,1,51,83.05555555555556,4.536290322580645
7,1,31,0,2268,38,26,30,3,1,2,30,196.24,1,94,58.15384615384615,6.1325
0,1,31,0,0,0,0,0,2,1,2,25,0.0,1,0,0.0,0.0
0,0,31,0,1668,19,0,5,3,1,1,30,67.48,0,24,83.4,2.10875
1,0,28,0,6785,91,6,21,4,1,1,45,186.9,0,118,73.75,6.444827586206896
0,0,31,0,628,1,1,3,4,1,2,45,18.225,1,5,314.0,0.56953125
0,0,31,0,338,5,0,1,4,1,1,45,8.575,0,6,56.333333333333336,0.26796875
23,0,26,2,16075,232,0,79,2,1,1,25,733.815,0,311,68.99141630901288,27.178333333333335
4,0,29,2,6965,110,263,32,2,2,1,25,1501.875,0,405,62.747747747747745,50.0625
0,0,31,0,3718,76,0,27,2,1,1,25,170.73,0,103,48.285714285714285,5.3353125
1,0,30,0,1665,38,30,19,3,1,2,30,188.12,0,87,42.69230769230769,6.0683870967741935
4,0,31,0,2780,47,167,22,2,1,1,25,878.715,0,236,57.916666666666664,27.45984375
2,0,22,0,1315,30,185,10,2,2,1,25,893.025,0,225,42.41935483870968,38.827173913043474
2,0,21,0,1568,33,22,67,4,1,1,45,95.025,0,122,46.11764705882353,4.319318181818182
9,0,22,0,700,19,2,6,2,1,2,25,41.355,0,27,35.0,1.7980434782608694
0,0,21,0,825,4,13,2,4,1,2,45,53.225,0,19,165.0,2.419318181818182
8,0,20,0,1225,26,11,12,2,1,1,25,105.795,0,49,45.370370370370374,5.037857142857143
0,0,20,0,3225,55,0,22,3,1,1,30,131.2,0,77,57.589285714285715,6.247619047619047
0,0,13,0,1695,20,20,13,2,1,1,25,167.175,0,53,80.71428571428571,11.94107142857143
14,0,12,0,6392,135,77,41,1,2,1,15,782.485,0,253,47.0,60.191153846153846
10,0,10,0,8932,165,65,39,4,1,1,45,389.925,0,269,53.80722891566265,35.44772727272727
6,0,11,2,2852,39,23,18,3,1,1,30,207.64,0,80,71.3,17.30333333333333
0,0,4,0,4390,34,207,9,3,1,1,30,1004.96,0,250,125.42857142857143,200.99200000000002
1,0,4,0,1487,13,0,6,2,1,1,25,67.5,1,19,106.21428571428571,13.5
10,0,43,1,4370,77,13,18,3,1,1,30,229.88,0,108,56.02564102564103,5.224545454545455
2,0,44,0,318,11,15,5,3,1,2,30,73.16,0,31,26.5,1.6257777777777778
12,0,42,1,2453,66,367,25,3,1,1,30,1568.76,0,458,36.61194029850746,36.48279069767442
12,0,43,1,4198,72,9,36,1,1,1,15,284.35,0,117,57.50684931506849,6.4625
5,0,43,1,2393,64,10,34,2,1,1,25,155.565,0,108,36.815384615384616,3.535568181818182
13,0,43,2,3775,88,40,29,3,1,1,30,314.52,0,157,42.41573033707865,7.1481818181818175
6,0,43,1,2360,45,293,19,4,1,1,45,792.625,0,357,51.30434782608695,18.014204545454547
15,0,42,3,9115,127,152,44,3,1,1,30,977.68,0,323,71.2109375,22.73674418604651
9,0,43,1,13773,175,8,45,3,1,1,30,589.92,0,228,78.25568181818181,13.407272727272726
9,0,43,2,4515,89,10,26,3,1,1,30,224.16,0,125,50.166666666666664,5.094545454545455
8,0,43,1,5918,101,15,13,3,1,1,30,300.76,0,129,58.01960784313726,6.835454545454545
11,1,43,0,2238,60,16,18,3,1,2,30,155.92,0,94,36.68852459016394,3.5436363636363635
27,0,43,4,15140,231,62,33,3,1,1,30,862.84,0,326,65.25862068965517,19.61
6,0,43,2,3095,33,491,9,4,1,1,45,1305.7,0,533,91.02941176470588,29.675
11,0,42,1,15485,188,158,31,2,1,1,25,1416.285,0,377,81.93121693121694,32.93686046511628
5,0,42,2,6500,92,194,27,3,1,1,30,1039.68,0,313,69.89247311827957,24.178604651162793
2,0,42,0,875,20,8,12,2,1,2,25,76.275,0,40,41.666666666666664,1.7738372093023258
4,0,43,0,710,20,21,9,3,1,2,30,113.2,0,50,33.80952380952381,2.5727272727272728
0,0,42,0,0,0,8,0,2,1,2,25,36.0,1,8,0.0,0.8372093023255814
5,0,42,1,7508,133,392,44,3,1,1,30,1873.64,0,569,56.02985074626866,43.57302325581396
9,0,42,2,11465,160,19,48,4,1,1,45,338.125,0,227,71.2111801242236,7.863372093023256
10,0,42,2,6718,81,116,38,2,1,1,25,827.955,0,235,81.92682926829268,19.254767441860466
25,1,38,0,955,53,24,18,3,1,2,30,136.32,1,95,17.685185185185187,3.4953846153846153
23,0,41,9,10435,99,9,43,5,2,1,55,171.51,0,151,104.35,4.083571428571428
15,0,41,2,5818,104,34,25,3,1,1,30,372.88,0,163,55.40952380952381,8.878095238095238
3,0,39,1,2840,28,8,15,3,1,1,30,146.72,0,51,97.93103448275862,3.668
11,0,40,0,2990,47,17,17,3,1,2,30,189.48,1,81,62.291666666666664,4.621463414634146
11,1,41,0,2268,50,42,32,4,1,2,45,162.95,1,124,44.470588235294116,3.8797619047619043
2,0,41,0,133,8,8,3,3,1,2,30,37.64,1,19,14.777777777777779,0.8961904761904762
3,0,41,1,1668,31,8,7,4,1,1,45,62.475,0,46,52.125,1.4875
5,0,38,2,6785,103,22,23,5,1,1,55,136.32,0,148,65.24038461538461,3.4953846153846153
2,0,41,0,628,13,17,5,4,1,2,45,58.525,1,35,44.857142857142854,1.3934523809523809
2,0,41,2,338,10,12,3,5,1,1,55,23.22,0,25,30.727272727272727,0.5528571428571428
27,0,36,4,16075,244,8,81,2,1,1,25,770.355,0,333,65.61224489795919,20.820405405405406
8,0,39,4,6965,122,279,34,3,2,1,30,1399.48,0,435,56.6260162601626,34.987
4,0,41,1,3718,88,10,29,3,1,1,30,192.24,0,127,41.7752808988764,4.577142857142857
5,0,40,0,1665,50,46,21,4,1,2,45,157.875,0,117,32.64705882352941,3.850609756097561
8,0,41,1,2780,59,183,24,2,1,1,25,951.255,0,266,46.333333333333336,22.64892857142857
6,1,32,2,1315,42,201,12,3,2,1,30,858.28,1,255,30.58139534883721,26.008484848484848
6,0,31,1,1568,45,38,69,5,1,1,55,81.195,0,152,34.08695652173913,2.53734375
13,0,32,0,700,31,18,8,3,1,2,30,101.24,0,57,21.875,3.067878787878788
2,0,31,0,825,16,29,4,4,1,2,45,93.525,0,49,48.529411764705884,2.92265625
12,0,30,1,1225,38,27,14,2,1,1,25,178.335,0,79,31.41025641025641,5.752741935483871
4,0,30,1,3225,67,16,24,3,1,1,30,195.68,0,107,47.4264705882353,6.312258064516129
4,0,23,1,1695,32,36,15,3,1,1,30,213.08,0,83,51.36363636363637,8.878333333333334
18,0,22,2,6392,147,93,43,2,2,1,25,712.755,0,283,43.189189189189186,30.989347826086956
14,0,20,1,8932,177,81,41,5,1,1,55,258.135,0,299,50.17977528089887,12.292142857142856
10,0,21,4,2852,51,39,20,3,1,1,30,272.12,0,110,54.84615384615385,12.36909090909091
4,0,14,2,4390,46,223,11,3,1,1,30,1069.44,0,280,93.40425531914893,71.296
5,1,14,2,1487,25,8,8,3,1,1,30,92.48,1,41,57.19230769230769,6.165333333333334
14,0,39,1,5080,82,30,17,3,1,1,30,326.48,0,129,61.204819277108435,8.162
6,0,40,0,1028,16,15,4,3,1,2,30,101.76,0,35,60.470588235294116,2.481951219512195
16,0,38,1,3163,71,367,24,3,1,1,30,1597.36,0,462,43.93055555555556,40.95794871794872
16,0,39,1,4908,77,9,35,1,1,1,15,323.675,0,121,62.92307692307692,8.091875
9,0,39,1,3103,69,10,33,2,1,1,25,187.74,0,112,44.32857142857143,4.6935
17,0,39,2,4485,93,40,28,3,1,1,30,343.12,0,161,47.712765957446805,8.578
10,0,39,1,3070,50,293,18,3,1,1,30,1296.8,0,361,60.19607843137255,32.42
19,0,38,3,9825,132,152,43,3,1,1,30,1006.28,0,327,73.87218045112782,25.80205128205128
13,0,39,1,14483,180,8,44,3,1,1,30,618.52,0,232,80.01657458563535,15.463
13,0,39,2,5225,94,10,25,3,1,1,30,252.76,0,129,55.0,6.319
12,0,39,1,6628,106,15,12,3,1,1,30,329.36,0,133,61.94392523364486,8.234
15,0,39,0,2948,65,16,17,3,1,2,30,184.52,0,98,44.666666666666664,4.613
31,1,39,4,15850,236,62,32,3,1,1,30,891.44,0,330,66.87763713080169,22.286
10,0,39,2,3805,38,491,8,3,1,1,30,2117.72,0,537,97.56410256410257,52.943
15,0,38,1,16195,193,158,30,2,1,1,25,1448.46,0,381,83.47938144329896,37.14
9,0,38,2,7210,97,194,26,3,1,1,30,1068.28,0,317,73.57142857142857,27.391794871794872
6,0,38,0,1585,25,8,11,2,1,2,25,108.45,0,44,60.96153846153846,2.7807692307692307
8,0,39,0,1420,25,21,8,3,1,2,30,141.8,0,54,54.61538461538461,3.5450000000000004
6,0,38,0,710,11,8,2,2,1,2,25,68.445,1,21,59.166666666666664,1.755
9,0,38,1,8218,138,392,43,3,1,1,30,1902.24,0,573,59.12230215827338,48.77538461538462
13,0,38,2,12175,165,19,47,4,1,1,45,356.0,0,231,73.3433734939759,9.128205128205128
14,0,38,2,7428,86,116,37,2,1,1,25,860.13,0,239,85.37931034482759,22.054615384615385
29,1,34,0,1665,58,24,17,3,1,2,30,164.92,1,99,28.220338983050848,4.712
27,0,37,9,11145,104,9,42,5,2,1,55,182.235,0,155,106.14285714285714,4.795657894736842
19,0,37,2,6528,109,34,24,2,1,1,25,451.665,0,167,59.345454545454544,11.885921052631579
7,0,35,1,3550,33,8,14,3,1,1,30,175.32,0,55,104.41176470588235,4.87
15,1,36,0,3700,52,17,16,3,1,2,30,218.08,1,85,69.81132075471699,5.894054054054054
15,1,37,0,2978,55,42,31,3,1,2,30,289.32,1,128,53.17857142857143,7.613684210526316
6,0,37,0,843,13,8,2,3,1,2,30,66.24,1,23,60.214285714285715,1.743157894736842
7,0,37,1,2378,36,8,6,4,1,1,45,80.35,0,50,64.27027027027027,2.1144736842105263
9,0,34,2,7495,108,22,22,5,1,1,55,147.045,0,152,68.76146788990826,4.201285714285714
6,1,37,0,1338,18,17,4,4,1,2,45,76.4,1,39,70.42105263157895,2.0105263157894737
6,0,37,2,1048,15,12,2,5,1,1,55,33.945,0,29,65.5,0.8932894736842105
31,1,32,4,16785,249,8,80,2,1,1,25,802.53,0,337,67.14,24.319090909090907
12,1,35,4,7675,127,279,33,3,2,1,30,1428.08,0,439,59.9609375,39.66888888888889
8,0,37,1,4428,93,10,28,3,1,1,30,220.84,0,131,47.1063829787234,5.811578947368421
9,0,36,0,2375,55,46,20,3,1,2,30,281.2,0,121,42.410714285714285,7.6
12,0,37,1,3490,64,183,23,2,1,1,25,983.43,0,270,53.69230769230769,25.879736842105263
10,0,28,2,2025,47,201,11,3,2,1,30,886.88,0,259,42.1875,30.58206896551724
10,0,27,1,2278,50,38,68,4,1,1,45,153.2,0,156,44.666666666666664,5.471428571428571
17,0,28,0,1410,36,18,7,3,1,2,30,129.84,0,61,38.108108108108105,4.477241379310345
6,0,27,0,1535,21,29,3,4,1,2,45,111.4,0,53,69.77272727272727,3.9785714285714286
16,0,26,1,1935,43,27,13,2,1,1,25,210.51,0,83,43.97727272727273,7.796666666666666
8,0,26,1,3935,72,16,23,3,1,1,30,224.28,0,111,53.9041095890411,8.306666666666667
8,0,19,1,2405,37,36,14,2,1,1,25,271.89,0,87,63.28947368421053,13.5945
22,0,18,2,7102,152,93,42,2,2,1,25,744.93,0,287,46.41830065359477,39.206842105263156
18,0,16,1,9642,182,81,40,5,1,1,55,268.86,0,303,52.68852459016394,15.81529411764706
14,0,17,4,3562,56,39,19,3,2,1,30,300.72,0,114,62.49122807017544,16.706666666666667
8,0,10,2,5100,51,223,10,3,1,1,30,1098.04,0,284,98.07692307692308,99.82181818181817
9,0,10,2,2197,30,8,7,3,1,1,30,121.08,1,45,70.87096774193549,11.007272727272728
2,0,37,0,3660,60,0,17,2,1,1,25,167.4,0,77,60.0,4.405263157894737
4,0,36,0,1743,49,334,24,2,1,1,25,1583.64,0,407,34.86,42.80108108108109
4,0,37,0,3488,55,0,35,1,1,1,15,194.865,0,90,62.285714285714285,5.128026315789474
0,0,37,0,1683,47,0,33,1,1,1,15,95.15,0,80,35.0625,2.503947368421053
5,0,37,0,3065,71,7,28,3,1,1,30,153.44,0,106,42.56944444444444,4.037894736842105
0,0,37,0,1650,28,260,18,3,1,1,30,1107.12,0,306,56.89655172413793,29.13473684210526
7,0,36,1,8405,110,119,43,3,1,1,30,816.6,0,272,75.72072072072072,22.07027027027027
1,0,37,0,13063,158,0,44,3,1,1,30,528.84,0,202,82.15723270440252,13.916842105263159
1,0,37,0,3805,72,0,25,3,1,1,30,155.08,0,97,52.12328767123287,4.081052631578948
0,0,37,0,5208,84,0,12,2,1,1,25,238.14,0,96,61.27058823529412,6.266842105263158
3,0,37,0,1528,43,0,17,3,1,2,30,62.84,0,60,34.72727272727273,1.6536842105263159
19,0,37,2,14430,214,29,32,3,1,1,30,701.76,0,275,67.11627906976744,18.46736842105263
0,0,37,0,2385,16,458,8,3,1,1,30,1928.04,0,482,140.2941176470588,50.7378947368421
3,0,36,0,14775,171,125,30,2,1,1,25,1235.07,0,326,85.90116279069767,33.380270270270266
0,0,36,0,5790,75,161,26,3,1,1,30,878.6,0,262,76.1842105263158,23.745945945945948
0,0,36,0,165,3,0,11,2,1,2,25,7.56,0,14,41.25,0.20432432432432432
0,0,37,0,0,0,0,0,2,1,2,25,0.0,0,0,0.0,0.0
0,0,36,0,0,0,0,0,2,1,2,25,0.0,1,0,0.0,0.0
0,0,36,0,6798,116,359,43,2,1,1,25,1926.63,0,518,58.1025641025641,52.07108108108108
1,0,36,0,10755,143,0,47,3,1,1,30,435.92,0,190,74.6875,11.781621621621621
2,0,36,0,6008,64,83,37,2,1,1,25,646.74,0,184,92.43076923076923,17.47945945945946
17,0,32,0,245,36,0,17,2,1,2,25,12.645,1,53,6.621621621621622,0.3831818181818182
15,0,35,7,9725,82,0,42,4,1,1,45,245.175,0,124,117.16867469879519,6.810416666666667
7,0,35,0,5108,87,1,24,2,1,1,25,238.275,1,112,58.04545454545455,6.61875
0,0,33,0,2130,11,0,14,3,1,1,30,85.64,0,25,177.5,2.518823529411765
3,1,34,0,2280,30,0,16,2,1,2,25,103.95,1,46,73.54838709677419,2.97
3,0,35,0,1558,33,9,31,3,1,2,30,99.64,1,73,45.8235294117647,2.767777777777778
0,0,35,0,0,0,0,0,3,1,2,30,0.0,1,0,0.0,0.0
0,0,35,0,958,14,0,6,3,1,1,30,38.88,0,20,63.86666666666667,1.08
0,0,32,0,6075,86,0,22,4,1,1,45,154.025,0,108,69.82758620689656,4.667424242424243
0,0,35,0,0,0,0,0,4,1,2,45,0.0,1,0,0.0,0.0
0,0,35,0,0,0,0,0,5,1,1,55,0.0,0,0,0.0,0.0
19,0,30,2,15365,227,0,80,2,1,1,25,701.64,0,307,67.39035087719299,22.633548387096774
0,0,33,2,6255,105,246,33,2,2,1,25,1393.2,0,384,59.009433962264154,40.976470588235294
0,0,35,0,3008,71,0,28,2,1,1,25,138.555,0,99,41.77777777777778,3.8487500000000003
0,0,34,0,955,33,13,20,3,1,2,30,91.52,0,66,28.08823529411765,2.6148571428571428
0,0,35,0,2070,42,150,23,2,1,1,25,770.04,0,215,48.13953488372093,21.39
0,0,26,0,605,25,168,11,2,2,1,25,784.35,0,204,23.26923076923077,29.05
0,0,25,0,858,28,5,68,4,1,1,45,34.65,0,101,29.586206896551722,1.3326923076923076
0,0,26,0,0,0,0,0,2,1,2,25,0.0,0,0,0.0,0.0
0,0,25,0,0,0,0,0,4,1,2,45,0.0,0,0,0.0,0.0
4,0,24,0,515,21,0,13,2,1,1,25,24.12,0,34,23.40909090909091,0.9648
0,0,24,0,2515,50,0,23,3,1,1,30,102.6,0,73,49.31372549019608,4.104
0,0,17,0,985,15,3,14,2,1,1,25,58.5,0,32,61.5625,3.25
10,0,16,0,5682,130,60,42,1,2,1,15,649.66,0,232,43.37404580152672,38.215294117647055
6,0,14,0,8222,160,48,40,4,1,1,45,329.55,0,248,51.06832298136646,21.970000000000002
2,0,15,2,2142,34,6,19,3,1,1,30,111.04,0,59,61.2,6.94
0,0,8,0,3680,29,190,10,3,1,1,30,908.36,0,229,122.66666666666667,100.92888888888889
0,0,8,0,777,8,0,7,3,1,1,30,31.4,1,15,86.33333333333333,3.488888888888889
9,1,38,0,2238,54,8,17,3,1,2,30,123.68,0,79,40.69090909090909,3.1712820512820517
0,0,37,0,875,14,0,11,2,1,2,25,40.005,0,25,58.333333333333336,1.052763157894737
23,0,33,0,955,47,16,17,2,1,2,25,117.09,1,80,19.895833333333332,3.4438235294117647
21,1,36,8,10435,93,1,42,5,1,1,55,159.42,0,136,111.01063829787235,4.308648648648648
13,0,36,1,5818,98,26,24,2,1,1,25,383.22,1,148,58.76767676767677,10.357297297297299
9,1,35,0,2990,41,9,16,3,1,2,30,157.24,1,66,71.19047619047619,4.367777777777778
9,0,36,0,2268,44,34,31,3,1,2,30,228.48,1,109,50.4,6.175135135135135
0,0,36,0,628,7,9,4,4,1,2,45,38.375,1,20,78.5,1.037162162162162
25,0,31,3,16075,238,0,80,2,1,1,25,734.085,0,318,67.25941422594143,22.94015625
4,1,27,1,1315,36,193,11,2,2,1,25,929.295,1,240,35.54054054054054,33.18910714285714
0,0,26,0,825,10,21,3,4,1,2,45,73.375,0,34,75.0,2.7175925925925926
16,0,17,1,6392,141,85,42,2,2,1,25,676.485,0,268,45.014084507042256,37.5825
12,0,15,0,8932,171,73,40,4,1,1,45,410.075,0,284,51.93023255813954,25.6296875
8,0,16,3,2852,45,31,19,3,1,1,30,239.88,0,95,62.0,14.110588235294117
3,0,9,1,1487,19,0,7,3,1,1,30,60.24,1,26,74.35,6.024
21,0,36,8,10435,93,1,42,5,1,1,55,159.42,0,136,111.01063829787235,4.308648648648648
25,1,31,3,16075,238,0,80,2,1,1,25,734.085,0,318,67.25941422594143,22.94015625
3,1,9,1,1487,19,0,7,3,1,1,30,60.24,1,26,74.35,6.024
3,0,36,0,4065,65,0,15,2,1,1,25,185.85,0,80,61.59090909090909,5.022972972972973
5,0,35,0,2148,54,352,22,2,1,1,25,1683.09,0,428,39.054545454545455,46.7525
5,0,36,0,3893,60,0,33,1,1,1,15,217.415,0,93,63.81967213114754,5.876081081081081
0,0,36,0,2088,52,0,31,1,1,1,15,117.7,0,83,39.39622641509434,3.1810810810810812
6,0,36,0,3470,76,25,26,2,1,1,25,272.07,0,127,45.064935064935064,7.353243243243243
0,0,36,0,2055,33,278,16,3,1,1,30,1195.52,0,327,60.44117647058823,32.31135135135135
8,0,35,1,8810,115,137,41,3,1,1,30,905.0,0,293,75.94827586206897,25.13888888888889
2,0,36,0,13468,163,0,42,3,1,1,30,545.24,0,205,82.1219512195122,14.736216216216217
2,0,36,0,4210,77,0,23,3,1,1,30,171.48,0,100,53.97435897435897,4.634594594594594
1,0,36,0,5613,89,0,10,2,1,1,25,256.59,0,99,62.36666666666667,6.934864864864864
4,0,36,0,1933,48,1,15,3,1,2,30,83.24,0,64,39.44897959183673,2.2497297297297294
20,0,36,2,14835,219,47,30,3,1,1,30,790.16,0,296,67.43181818181819,21.355675675675673
0,0,36,0,2790,21,476,6,3,1,1,30,2016.44,0,503,126.81818181818181,54.498378378378376
4,0,35,0,15180,176,143,28,2,1,1,25,1334.52,0,347,85.76271186440678,37.07
0,0,35,0,6195,80,179,24,3,1,1,30,967.0,0,283,76.48148148148148,26.86111111111111
0,0,35,0,570,8,0,9,2,1,2,25,26.01,0,17,63.333333333333336,0.7225
0,0,36,0,405,8,6,6,2,1,2,25,45.585,0,20,45.0,1.232027027027027
0,0,35,0,7203,121,377,41,2,1,1,25,2026.08,0,539,59.040983606557376,56.28
2,0,35,0,11160,148,4,45,3,1,1,30,468.32,0,197,74.8993288590604,13.008888888888889
3,0,35,0,6413,69,101,35,2,1,1,25,746.19,0,205,91.61428571428571,20.727500000000003
18,0,31,0,650,41,9,15,2,1,2,25,71.595,1,65,15.476190476190476,2.23734375
16,0,34,7,10130,87,0,40,4,1,1,45,255.425,0,127,115.11363636363636,7.2978571428571435
8,1,34,0,5513,92,19,22,2,1,1,25,337.725,1,133,59.27956989247312,9.649285714285716
0,0,32,0,2535,16,0,12,3,1,1,30,102.04,0,28,149.11764705882354,3.0921212121212123
4,0,33,0,2685,35,2,14,2,1,2,25,131.4,1,51,74.58333333333333,3.864705882352941
4,0,34,0,1963,38,27,29,3,1,2,30,188.04,1,94,50.333333333333336,5.372571428571429
0,0,34,0,1363,19,0,4,3,1,1,30,55.28,0,23,68.15,1.5794285714285714
0,0,31,0,6480,91,7,20,4,1,1,45,181.775,0,118,70.43478260869566,5.68046875
0,0,34,0,323,1,2,2,4,1,2,45,13.1,1,5,161.5,0.3742857142857143
20,0,29,2,15770,232,0,78,2,1,1,25,720.09,0,310,67.6824034334764,24.003
1,0,32,2,6660,110,264,31,2,2,1,25,1492.65,0,405,60.0,45.231818181818184
0,0,34,0,3413,76,0,26,2,1,1,25,157.005,0,102,44.324675324675326,4.485857142857142
0,0,33,0,1360,38,31,18,3,1,2,30,179.92,0,87,34.87179487179487,5.291764705882352
1,0,34,0,2475,47,168,21,2,1,1,25,869.49,0,236,51.5625,24.84257142857143
0,1,25,0,1010,30,186,9,2,2,1,25,883.8,1,225,32.58064516129032,33.99230769230769
0,0,24,0,1263,33,23,66,4,1,1,45,89.9,0,122,37.14705882352941,3.596
6,0,25,0,395,19,3,5,2,1,2,25,32.13,0,27,19.75,1.235769230769231
0,0,24,0,520,4,14,1,4,1,2,45,48.1,0,19,104.0,1.9240000000000002
5,0,23,0,920,26,12,11,2,1,1,25,96.57,0,49,34.074074074074076,4.02375
0,0,23,0,2920,55,1,21,3,1,1,30,123.0,0,77,52.142857142857146,5.125
0,0,16,0,1390,20,21,12,2,1,1,25,157.95,0,53,66.19047619047619,9.291176470588235
11,0,15,0,6088,135,78,40,1,2,1,15,771.265,0,253,44.76470588235294,48.2040625
7,0,13,0,8628,165,66,38,4,1,1,45,384.825,0,269,51.975903614457835,27.4875
3,0,14,2,2548,39,24,17,3,1,1,30,199.48,0,80,63.7,13.298666666666666
0,0,7,0,4085,34,208,8,3,1,1,30,996.76,0,250,116.71428571428571,124.595
0,1,7,0,1183,13,0,5,2,1,2,25,53.82,1,18,84.5,6.7275
6,0,38,0,4125,68,3,17,2,1,1,25,202.185,0,88,59.78260869565217,5.184230769230769
0,0,39,0,73,2,5,4,2,1,1,25,25.875,0,11,24.333333333333332,0.646875
8,0,37,0,2208,57,357,24,2,1,1,25,1708.425,0,438,38.06896551724138,44.95855263157895
8,0,38,0,3953,63,0,35,1,1,1,15,220.88,0,98,61.765625,5.6635897435897435
1,0,38,0,2148,55,0,33,1,1,1,15,121.165,0,88,38.357142857142854,3.106794871794872
9,0,38,1,3530,79,30,28,3,1,1,30,264.36,0,137,44.125,6.7784615384615385
2,0,38,0,2115,36,283,18,3,1,1,30,1218.04,0,337,57.16216216216216,31.23179487179487
11,0,37,2,8870,118,142,43,3,1,1,30,927.52,0,303,74.53781512605042,24.408421052631578
5,0,38,0,13528,166,0,44,3,1,1,30,547.76,0,210,81.0059880239521,14.045128205128204
5,0,38,1,4270,80,0,25,3,1,1,30,174.0,0,105,52.71604938271605,4.461538461538462
4,0,38,0,5673,92,5,12,2,1,1,25,281.925,0,109,61.0,7.228846153846154
7,0,38,0,1993,51,6,17,3,1,1,30,105.76,0,74,38.32692307692308,2.711794871794872
23,0,38,3,14895,222,52,32,3,1,1,30,812.68,0,306,66.79372197309416,20.837948717948716
2,0,38,1,2850,24,481,8,3,1,1,30,2038.96,0,513,114.0,52.28102564102564
7,0,37,0,15240,179,148,30,2,1,1,25,1359.855,0,357,84.66666666666667,35.78565789473684
1,0,37,1,6255,83,184,26,3,1,1,30,989.52,0,293,74.46428571428571,26.04
0,0,37,0,630,11,0,11,2,1,1,25,28.845,0,22,52.5,0.7590789473684211
0,0,38,0,465,11,11,8,2,1,1,25,70.92,0,30,38.75,1.8184615384615386
0,0,37,0,0,0,0,0,2,1,1,25,0.0,1,0,0.0,0.0
1,0,37,0,7263,124,382,43,2,1,1,25,2051.415,0,549,58.104,53.984605263157896
5,0,37,1,11220,151,9,47,3,1,1,30,490.84,0,207,73.8157894736842,12.916842105263157
6,0,37,1,6473,72,106,37,2,1,1,25,771.525,0,215,88.67123287671232,20.30328947368421
21,1,33,0,710,44,14,17,2,1,1,25,96.93,1,75,15.777777777777779,2.8508823529411766
19,0,36,8,10190,90,0,42,4,1,1,45,257.0,0,132,111.97802197802197,6.945945945945946
11,1,36,1,5573,95,24,24,2,1,1,25,363.06,1,143,58.052083333333336,9.812432432432432
0,0,34,0,2595,19,0,14,3,1,1,30,104.56,0,33,129.75,2.9874285714285715
7,0,35,0,2745,38,7,16,3,1,1,30,139.32,1,61,70.38461538461539,3.8699999999999997
7,1,36,0,2023,41,32,31,3,1,1,30,210.56,1,104,48.166666666666664,5.690810810810811
0,0,36,0,0,0,0,0,3,1,1,30,0.0,1,0,0.0,0.0
0,0,36,0,1423,22,0,6,3,1,1,30,57.8,0,28,61.869565217391305,1.5621621621621622
1,0,33,1,6540,94,12,22,4,1,1,45,195.85,0,128,68.84210526315789,5.760294117647058
0,0,36,0,383,4,7,4,4,1,1,45,27.175,1,15,76.6,0.7344594594594595
0,0,36,1,93,1,2,2,5,1,1,55,4.41,0,5,46.5,0.11918918918918919
23,0,31,3,15830,235,0,80,2,1,1,25,722.925,0,315,67.07627118644068,22.59140625
4,0,34,3,6720,113,269,33,2,2,1,25,1517.985,0,415,58.94736842105263,43.370999999999995
0,0,36,0,3473,79,0,28,2,1,1,25,159.84,0,107,43.4125,4.32
1,0,35,0,1420,41,36,20,3,1,1,30,202.44,0,97,33.80952380952381,5.623333333333333
4,0,36,0,2535,50,173,23,2,1,1,25,894.825,0,246,49.705882352941174,24.18445945945946
2,1,27,1,1070,33,191,11,2,2,1,25,909.135,0,235,31.470588235294116,32.46910714285714
2,0,26,0,1323,36,28,68,4,1,1,45,103.975,0,132,35.75675675675676,3.850925925925926
9,0,27,0,455,22,8,7,2,1,1,25,57.465,0,37,19.782608695652176,2.0523214285714286
0,0,26,0,580,7,19,3,4,1,1,45,62.175,0,29,72.5,2.3027777777777776
8,0,25,0,980,29,17,13,2,1,1,25,121.905,0,59,32.666666666666664,4.688653846153846
0,0,25,0,2980,58,6,23,3,1,1,30,145.52,0,87,50.50847457627118,5.596923076923077
0,0,18,0,1450,23,26,14,2,1,1,25,183.285,0,63,60.416666666666664,9.64657894736842
14,1,17,1,6148,138,83,42,1,2,1,15,802.23,0,263,44.23021582733813,44.568333333333335
10,0,15,0,8688,168,71,40,4,1,1,45,398.9,0,279,51.40828402366864,24.93125
6,0,16,3,2608,42,29,19,3,1,1,30,222.0,0,90,60.651162790697676,13.058823529411764
0,0,9,1,4145,37,213,10,3,1,1,30,1019.28,0,260,109.07894736842105,101.928
1,1,9,1,1243,16,0,7,3,1,1,30,50.36,1,23,73.11764705882354,5.036
0,0,34,0,4005,62,0,13,2,1,1,25,183.015,0,75,63.57142857142857,5.228999999999999
2,0,33,0,2088,51,347,20,2,1,1,25,1657.755,0,418,40.15384615384615,48.7575
2,0,34,0,3833,57,0,31,2,1,1,25,175.05,0,88,66.08620689655173,5.001428571428572
0,0,34,0,2028,49,0,29,1,1,1,15,114.235,0,78,40.56,3.263857142857143
3,0,34,0,3410,73,20,24,2,1,1,25,246.735,0,117,46.08108108108108,7.049571428571429
0,0,34,0,1995,30,273,14,3,1,1,30,1173.0,0,317,64.35483870967742,33.51428571428571
5,0,33,0,8750,112,132,39,3,1,1,30,882.48,0,283,77.43362831858407,25.95529411764706
0,0,34,0,13408,160,0,40,3,1,1,30,542.72,0,200,83.27950310559007,15.506285714285715
0,0,34,0,4150,74,0,21,3,1,1,30,168.96,0,95,55.333333333333336,4.827428571428571
0,0,34,0,5553,86,0,8,2,1,1,25,253.755,0,94,63.827586206896555,7.2501428571428574
1,0,34,0,1873,45,0,13,3,1,2,30,76.72,0,58,40.71739130434783,2.192
17,0,34,1,14775,216,42,28,2,1,1,25,863.595,0,286,68.08755760368663,24.674142857142858
0,0,34,0,2730,18,471,4,3,1,1,30,1993.92,0,493,143.68421052631578,56.969142857142856
1,0,33,0,15120,173,138,26,2,1,1,25,1309.185,0,337,86.89655172413794,38.50544117647058
0,0,33,0,6135,77,174,22,3,1,1,30,944.48,0,273,78.65384615384616,27.778823529411767
0,0,33,0,510,5,0,7,2,1,2,25,23.175,0,12,85.0,0.6816176470588236
0,0,34,0,345,5,1,4,2,1,2,25,20.25,0,10,57.5,0.5785714285714286
0,0,33,0,7143,118,372,39,2,1,1,25,2000.745,0,529,60.02521008403362,58.84544117647059
0,0,33,0,11100,145,0,43,3,1,1,30,449.8,0,188,76.02739726027397,13.229411764705883
0,0,33,0,6353,66,96,33,2,1,1,25,720.855,0,195,94.82089552238806,21.201617647058825
15,0,29,0,590,38,4,13,2,1,2,25,46.26,1,55,15.128205128205128,1.542
13,0,32,6,10070,84,0,38,4,1,1,45,253.85,0,122,118.47058823529412,7.692424242424242
5,1,32,0,5453,89,14,20,2,1,1,25,312.39,1,123,60.58888888888889,9.466363636363637
0,0,30,0,2475,13,0,10,3,1,1,30,99.52,0,23,176.78571428571428,3.210322580645161
1,1,31,0,2625,32,0,12,2,1,2,25,119.565,1,44,79.54545454545455,3.73640625
1,0,32,0,1903,35,22,27,3,1,2,30,165.52,1,84,52.861111111111114,5.015757575757576
0,1,32,0,0,0,0,0,2,1,2,25,0.0,1,0,0.0,0.0
0,0,32,0,1303,16,0,2,3,1,1,30,52.76,0,18,76.6470588235294,1.5987878787878786
0,0,29,0,6420,88,2,18,4,1,1,45,167.7,0,108,72.13483146067416,5.59
0,0,32,0,263,1,0,1,3,1,2,30,10.56,1,2,131.5,0.32
0,0,32,0,0,0,0,0,4,1,1,45,0.0,0,0,0.0,0.0
17,0,27,1,15710,229,0,76,2,1,1,25,717.255,0,305,68.30434782608695,25.61625
0,0,30,1,6600,107,259,29,2,2,1,25,1467.315,0,395,61.111111111111114,47.332741935483874
0,0,32,0,3353,73,0,24,2,1,1,25,154.17,0,97,45.310810810810814,4.671818181818182
0,0,31,0,1300,35,26,16,3,1,2,30,157.4,0,77,36.111111111111114,4.91875
0,0,32,0,2415,44,163,19,2,1,1,25,844.155,0,226,53.666666666666664,25.580454545454543
0,0,23,0,950,27,181,7,2,2,1,25,858.465,0,215,33.92857142857143,35.769375000000004
0,0,22,0,1203,30,18,64,4,1,1,45,75.825,0,112,38.806451612903224,3.2967391304347826
3,0,23,0,335,16,0,3,2,1,2,25,15.795,0,19,19.705882352941178,0.658125
0,0,22,0,0,0,9,0,4,1,2,45,22.5,0,9,0.0,0.9782608695652174
2,0,21,0,860,23,7,9,2,1,1,25,71.235,0,39,35.833333333333336,3.2379545454545453
0,0,21,0,2860,52,0,19,3,1,1,30,116.48,0,71,53.9622641509434,5.294545454545455
0,0,14,0,1330,17,16,10,2,1,1,25,132.615,0,43,73.88888888888889,8.841000000000001
8,0,13,0,6028,132,73,38,1,2,1,15,740.3,0,243,45.32330827067669,52.878571428571426
4,0,11,0,8568,162,61,36,4,1,1,45,370.75,0,259,52.56441717791411,30.895833333333332
0,0,12,1,2488,36,19,15,3,1,1,30,176.96,0,70,67.24324324324324,13.612307692307693
0,0,5,0,4025,31,203,6,3,1,1,30,974.24,0,240,125.78125,162.37333333333333
0,1,5,0,1123,10,0,3,2,1,2,25,50.985,1,13,102.0909090909091,8.4975
4,0,40,0,4145,67,8,19,2,1,1,25,225.54,0,94,60.955882352941174,5.500975609756098
0,0,41,0,93,1,10,6,2,1,2,25,49.23,0,17,46.5,1.1721428571428572
6,0,39,0,2228,56,362,26,2,1,1,25,1731.78,0,444,39.08771929824562,43.2945
6,0,40,0,3973,62,4,37,2,1,1,25,199.575,0,103,63.06349206349206,4.867682926829268
0,0,40,0,2168,54,5,35,1,1,1,15,149.71,0,94,39.41818181818182,3.6514634146341467
7,0,40,1,3550,78,35,30,3,1,1,30,285.12,0,143,44.936708860759495,6.954146341463415
0,0,40,0,2135,35,288,20,3,1,1,30,1238.8,0,343,59.30555555555556,30.214634146341464
9,0,39,2,8890,117,147,45,3,1,1,30,948.28,0,309,75.33898305084746,23.707
3,0,40,0,13548,165,3,46,3,1,1,30,560.52,0,214,81.6144578313253,13.67121951219512
3,0,40,1,4290,79,5,27,3,1,1,30,194.76,0,111,53.625,4.750243902439024
2,0,40,0,5693,91,10,14,2,1,1,25,305.28,0,115,61.880434782608695,7.445853658536585
5,0,40,0,2013,50,11,19,3,1,2,30,126.52,0,80,39.470588235294116,3.0858536585365854
21,0,40,3,14915,221,57,34,3,1,1,30,833.44,0,312,67.18468468468468,20.32780487804878
0,0,40,1,2870,23,486,10,3,1,1,30,2059.72,0,519,119.58333333333333,50.237073170731705
5,0,39,0,15260,178,153,32,2,1,1,25,1383.21,0,363,85.25139664804469,34.58025
0,0,39,1,6275,82,189,28,3,1,1,30,1010.28,0,299,75.60240963855422,25.256999999999998
0,0,39,0,650,10,3,13,2,1,2,25,43.2,0,26,59.09090909090909,1.08
0,0,40,0,485,10,16,10,2,1,2,25,94.275,0,36,44.09090909090909,2.299390243902439
0,0,39,0,0,0,3,0,2,1,2,25,13.5,1,3,0.0,0.3375
0,0,39,0,7283,123,387,45,2,1,1,25,2074.77,0,555,58.733870967741936,51.86925
3,0,39,1,11240,150,14,49,3,1,1,30,511.6,0,213,74.43708609271523,12.790000000000001
4,0,39,1,6493,71,111,39,2,1,1,25,794.88,0,221,90.18055555555556,19.872
19,0,35,0,730,43,19,19,2,1,2,25,120.285,1,81,16.59090909090909,3.34125
17,0,38,8,10210,89,4,44,4,2,1,45,267.475,0,137,113.44444444444444,6.858333333333334
9,0,38,1,5593,94,29,26,2,1,1,25,386.415,1,149,58.873684210526314,9.908076923076923
0,0,36,0,2615,18,3,16,3,1,1,30,117.32,0,37,137.6315789473684,3.170810810810811
5,1,37,0,2765,37,12,18,2,1,2,25,180.09,1,67,72.76315789473684,4.73921052631579
5,0,38,0,2043,40,37,33,3,1,2,30,231.32,1,110,49.829268292682926,5.931282051282051
0,0,38,0,0,0,3,0,3,1,2,30,12.0,1,3,0.0,0.3076923076923077
0,0,38,0,1443,21,3,8,3,1,1,30,70.56,0,32,65.5909090909091,1.8092307692307692
0,0,35,1,6560,93,17,24,4,1,1,45,208.825,0,134,69.7872340425532,5.800694444444444
0,1,38,0,403,3,12,6,4,1,2,45,40.15,1,21,100.75,1.0294871794871794
0,0,38,1,0,0,7,0,5,1,1,55,10.5,0,7,0.0,0.2692307692307692
21,0,33,3,15850,234,3,82,2,1,1,25,737.28,0,319,67.44680851063829,21.68470588235294
2,0,36,3,6740,112,274,35,2,2,1,25,1541.34,0,421,59.64601769911504,41.65783783783784
0,0,38,0,3493,78,5,30,2,1,1,25,183.195,0,113,44.21518987341772,4.697307692307692
0,0,37,0,1440,40,41,22,3,1,2,30,223.2,0,103,35.1219512195122,5.873684210526315
2,0,38,0,2555,49,178,25,2,1,1,25,918.18,0,252,51.1,23.54307692307692
0,0,29,1,1090,32,196,13,2,2,1,25,932.49,0,241,33.03030303030303,31.083000000000002
0,0,28,0,1343,35,33,70,4,1,1,45,116.95,0,138,37.30555555555556,4.0327586206896555
7,0,29,0,475,21,13,9,2,1,2,25,80.82,0,43,21.59090909090909,2.694
0,0,28,0,600,6,24,5,4,1,2,45,75.15,0,35,85.71428571428571,2.591379310344828
6,0,27,0,1000,28,22,15,2,1,1,25,145.26,0,65,34.48275862068966,5.187857142857142
0,0,27,0,3000,57,11,25,3,1,1,30,166.28,0,93,51.724137931034484,5.938571428571429
0,0,20,0,1470,22,31,16,2,1,1,25,206.64,0,69,63.91304347826087,9.84
12,0,19,1,6168,137,88,44,1,2,1,15,830.775,0,269,44.69565217391305,41.53875
8,0,17,0,8708,167,76,42,4,1,1,45,411.875,0,285,51.833333333333336,22.881944444444443
4,0,18,3,2628,41,34,21,3,1,1,30,242.76,0,96,62.57142857142857,12.776842105263157
0,0,11,1,4165,36,218,12,3,1,1,30,1040.04,0,266,112.56756756756756,86.67
0,1,11,1,1263,15,3,9,3,1,1,30,63.12,1,27,78.9375,5.26
2,0,32,0,3985,63,0,11,2,1,1,25,182.16,0,74,62.265625,5.52
4,0,31,0,2068,52,342,18,2,1,1,25,1634.4,0,412,39.0188679245283,51.075
4,0,32,0,3813,58,0,29,1,1,1,15,212.905,0,87,64.62711864406779,6.451666666666667
0,0,32,0,2008,50,0,27,1,1,1,15,113.19,0,77,39.372549019607845,3.4299999999999997
5,0,32,0,3390,74,15,22,2,1,1,25,223.38,0,111,45.2,6.769090909090909
0,0,32,0,1975,31,268,12,3,1,1,30,1152.24,0,311,61.71875,34.916363636363634
7,0,31,0,8730,113,127,37,3,1,1,30,861.72,0,277,76.57894736842105,26.92875
1,0,32,0,13388,161,0,38,3,1,1,30,541.96,0,199,82.64197530864197,16.423030303030306
1,0,32,0,4130,75,0,19,3,1,1,30,168.2,0,94,54.3421052631579,5.096969696969697
0,0,32,0,5533,87,0,6,2,1,1,25,252.9,0,93,62.875,7.663636363636364
3,0,32,0,1853,46,0,11,3,1,2,30,75.96,0,57,39.42553191489362,2.3018181818181818
19,0,32,1,14755,217,37,26,3,1,1,30,746.88,0,280,67.68348623853211,22.632727272727273
0,0,32,0,2710,19,466,2,3,1,1,30,1973.16,0,487,135.5,59.79272727272728
3,0,31,0,15100,174,133,24,2,1,1,25,1285.83,0,331,86.28571428571429,40.1821875
0,0,31,0,6115,78,169,20,3,1,1,30,923.72,0,267,77.40506329113924,28.86625
0,0,31,0,490,6,0,5,2,1,2,25,22.32,0,11,70.0,0.6975
0,0,32,0,325,6,0,2,2,1,2,25,14.895,0,8,46.42857142857143,0.45136363636363636
0,0,31,0,7123,119,367,37,2,1,1,25,1977.39,0,523,59.358333333333334,61.7934375
1,0,31,0,11080,146,0,41,3,1,1,30,449.04,0,187,75.37414965986395,14.0325
2,0,31,0,6333,67,91,31,2,1,1,25,697.5,0,189,93.13235294117646,21.796875
17,0,27,0,570,39,0,11,2,1,2,25,27.405,1,50,14.25,0.97875
15,0,30,6,10050,85,0,36,4,1,1,45,253.375,0,121,116.86046511627907,8.173387096774194
7,0,30,0,5433,90,9,18,2,1,1,25,289.035,1,117,59.7032967032967,9.323709677419355
0,0,28,0,2455,14,0,8,3,1,1,30,98.76,0,22,163.66666666666666,3.4055172413793104
3,1,29,0,2605,33,0,10,2,1,2,25,118.71,1,43,76.61764705882354,3.957
3,0,30,0,1883,36,17,25,3,1,2,30,144.76,1,78,50.891891891891895,4.669677419354838
0,0,30,0,0,0,0,0,2,1,2,25,0.0,1,0,0.0,0.0
0,0,30,0,1283,17,0,5,3,1,1,30,52.0,0,22,71.27777777777777,1.6774193548387097
0,0,27,0,6400,89,0,16,4,1,1,45,162.225,0,105,71.11111111111111,5.79375
0,0,30,0,0,0,0,0,4,1,1,45,0.0,0,0,0.0,0.0
19,0,25,1,15690,230,0,74,2,1,1,25,716.4,0,304,67.92207792207792,27.553846153846152
0,0,28,1,6580,108,254,27,2,2,1,25,1443.96,0,389,60.36697247706422,49.791724137931034
0,0,30,0,3333,74,0,22,2,1,1,25,153.315,0,96,44.44,4.945645161290322
0,0,29,0,1280,36,21,14,3,1,2,30,136.64,0,71,34.5945945945946,4.554666666666666
0,0,30,0,2395,45,158,17,2,1,1,25,820.8,0,220,52.06521739130435,26.47741935483871
0,0,21,0,930,28,176,5,2,2,1,25,835.11,0,209,32.06896551724138,37.959545454545456
0,0,20,0,1183,31,13,62,4,1,1,45,62.85,0,106,36.96875,2.992857142857143
5,0,21,0,315,17,0,1,2,1,2,25,14.94,0,18,17.5,0.6790909090909091
0,0,20,0,0,0,4,0,4,1,2,45,10.0,0,4,0.0,0.47619047619047616
4,0,19,0,840,24,2,7,2,1,1,25,47.88,0,33,33.6,2.394
0,0,19,0,2840,53,0,17,3,1,1,30,115.72,0,70,52.592592592592595,5.786
0,0,12,0,1310,18,11,8,2,1,1,25,109.26,0,37,68.94736842105263,8.404615384615385
10,0,11,0,6008,133,68,36,1,2,1,15,711.755,0,237,44.83582089552239,59.312916666666666
6,0,9,0,8548,163,56,34,4,1,1,45,357.775,0,253,52.1219512195122,35.777499999999996
2,0,10,1,2468,37,14,13,3,1,1,30,156.2,0,64,64.94736842105263,14.2
0,0,3,0,4005,32,198,4,3,1,1,30,953.48,0,234,121.36363636363636,238.37
0,0,3,0,1103,11,0,1,2,1,1,25,50.13,1,12,91.91666666666667,12.5325
8,0,42,0,4325,75,13,21,3,1,1,30,228.0,0,109,56.9078947368421,5.3023255813953485
0,0,43,0,273,9,15,8,2,1,2,25,80.19,0,32,27.3,1.8225
10,0,41,0,2408,64,367,28,3,1,1,30,1566.88,0,459,37.04615384615385,37.30666666666667
10,0,42,0,4153,70,9,39,1,1,1,15,281.765,0,118,58.49295774647887,6.552674418604651
3,0,42,0,2348,62,10,37,1,1,1,15,187.55,0,109,37.26984126984127,4.361627906976745
11,0,42,1,3730,86,40,32,3,1,1,30,312.64,0,158,42.87356321839081,7.270697674418605
4,0,42,0,2315,43,293,22,3,1,1,30,1266.32,0,358,52.61363636363637,29.449302325581392
13,0,41,2,9070,125,152,47,3,1,1,30,975.8,0,324,71.98412698412699,23.23333333333333
7,0,42,0,13728,173,8,48,3,1,1,30,588.04,0,229,78.89655172413794,13.6753488372093
7,0,42,1,4470,87,10,29,3,1,1,30,222.28,0,126,50.79545454545455,5.169302325581396
6,0,42,0,5873,99,15,16,3,1,1,30,298.88,0,130,58.73,6.950697674418604
9,1,42,0,2193,58,16,21,3,1,2,30,154.04,0,95,37.16949152542373,3.5823255813953487
25,0,42,3,15095,229,62,36,3,1,1,30,860.96,0,327,65.6304347826087,20.02232558139535
4,0,42,1,3050,31,491,12,3,1,1,30,2087.24,0,534,95.3125,48.540465116279066
9,0,41,0,15440,186,158,34,2,1,1,25,1414.17,0,378,82.56684491978609,33.67071428571429
3,0,41,1,6455,90,194,30,3,1,1,30,1037.8,0,314,70.93406593406593,24.70952380952381
0,0,41,0,830,18,8,15,2,1,2,25,74.16,0,41,43.68421052631579,1.7657142857142856
2,0,42,0,665,18,21,12,3,1,2,30,111.32,0,51,35.0,2.5888372093023255
0,0,41,0,0,0,8,0,2,1,2,25,36.0,1,8,0.0,0.8571428571428571
3,0,41,0,7463,131,392,47,2,1,1,25,2105.73,0,570,56.53787878787879,50.136428571428574
7,0,41,1,11420,158,19,51,4,1,1,45,336.95,0,228,71.82389937106919,8.022619047619047
8,0,41,1,6673,79,116,41,2,1,1,25,825.84,0,236,83.4125,19.662857142857142
23,1,37,0,910,51,24,21,2,1,2,25,151.245,1,96,17.5,3.9801315789473684
21,1,40,8,10390,97,9,46,5,2,1,55,170.805,0,152,106.0204081632653,4.165975609756098
13,0,40,1,5773,102,34,28,2,1,1,25,417.375,0,164,56.04854368932039,10.179878048780488
1,0,38,0,2795,26,8,18,3,1,1,30,144.84,0,52,103.51851851851852,3.713846153846154
9,1,39,0,2945,45,17,20,3,1,2,30,187.6,1,82,64.02173913043478,4.6899999999999995
9,0,40,0,2223,48,42,35,3,1,2,30,258.84,1,125,45.36734693877551,6.3131707317073165
0,0,40,0,88,6,8,6,3,1,2,30,35.76,1,20,12.571428571428571,0.8721951219512195
1,0,40,0,1623,29,8,10,3,1,1,30,98.08,0,47,54.1,2.3921951219512194
3,0,37,1,6740,101,22,26,5,1,1,55,135.615,0,149,66.07843137254902,3.5688157894736845
0,1,40,0,583,11,17,8,4,1,2,45,57.35,1,36,48.583333333333336,1.3987804878048782
0,0,40,1,293,8,12,6,5,1,1,55,22.515,0,26,32.55555555555556,0.5491463414634147
25,0,35,3,16030,242,8,84,2,1,1,25,768.24,0,334,65.96707818930041,21.34
6,0,38,3,6920,120,279,37,2,2,1,25,1572.3,0,436,57.1900826446281,40.315384615384616
2,0,40,0,3673,86,10,32,2,1,1,25,214.155,0,128,42.2183908045977,5.22329268292683
3,0,39,0,1620,48,46,24,3,1,2,30,250.72,0,118,33.06122448979592,6.268
6,0,40,0,2735,57,183,27,2,1,1,25,949.14,0,267,47.1551724137931,23.149756097560974
4,0,31,1,1270,40,201,15,2,2,1,25,963.45,0,256,30.975609756097562,30.1078125
4,0,30,0,1523,43,38,72,4,1,1,45,134.15,0,153,34.61363636363637,4.327419354838709
11,0,31,0,655,29,18,11,2,1,2,25,111.78,0,58,21.833333333333332,3.493125
0,0,30,0,780,14,29,7,4,1,2,45,92.35,0,50,52.0,2.979032258064516
10,0,29,0,1180,36,27,17,2,1,1,25,176.22,0,80,31.89189189189189,5.874
2,0,29,0,3180,65,16,27,3,1,1,30,193.8,0,108,48.18181818181818,6.46
2,0,22,0,1650,30,36,18,2,1,1,25,237.6,0,84,53.225806451612904,10.330434782608695
16,0,21,1,6348,145,93,46,2,2,1,25,710.685,0,284,43.47945205479452,32.30386363636364
12,0,19,0,8888,175,81,44,4,1,1,45,429.075,0,300,50.5,21.45375
8,0,20,3,2808,49,39,23,3,1,1,30,270.28,0,111,56.16,12.87047619047619
2,0,13,1,4345,44,223,14,3,1,1,30,1067.56,0,281,96.55555555555556,76.25428571428571
3,0,13,1,1443,23,8,11,3,1,1,30,90.64,1,42,60.125,6.474285714285714
0,0,30,0,3805,55,0,9,2,1,1,25,173.7,0,64,67.94642857142857,5.603225806451612
0,0,31,0,0,0,0,0,2,1,2,25,0.0,0,0,0.0,0.0
0,0,29,0,1888,44,337,16,2,1,1,25,1603.44,0,397,41.955555555555556,53.448
0,0,30,0,3633,50,0,27,1,1,1,15,202.565,0,77,71.23529411764706,6.534354838709677
0,0,30,0,1828,42,0,25,1,1,1,15,102.85,0,67,42.51162790697674,3.3177419354838706
1,0,30,0,3210,66,10,20,2,1,1,25,192.42,0,96,47.91044776119403,6.207096774193548
0,0,30,0,1795,23,263,10,3,1,1,30,1124.72,0,296,74.79166666666667,36.281290322580645
3,0,29,0,8550,105,122,35,3,1,1,30,834.2,0,262,80.66037735849056,27.80666666666667
0,0,30,0,13208,153,0,36,3,1,1,30,534.44,0,189,85.76623376623377,17.240000000000002
0,0,30,0,3950,67,0,17,3,1,1,30,160.68,0,84,58.088235294117645,5.183225806451613
0,0,30,0,5353,79,0,4,2,1,1,25,244.44,0,83,66.9125,7.88516129032258
0,0,30,0,1673,38,0,9,3,1,2,30,68.44,0,47,42.8974358974359,2.2077419354838708
15,0,30,1,14575,209,32,24,2,1,1,25,809.28,0,265,69.4047619047619,26.105806451612903
0,0,30,0,2530,11,461,7,3,1,1,30,1945.64,0,479,210.83333333333334,62.76258064516129
0,0,29,0,14920,166,128,22,2,1,1,25,1254.87,0,316,89.34131736526946,41.82899999999999
0,0,29,0,5935,70,164,18,3,1,1,30,896.2,0,252,83.59154929577464,29.873333333333335
0,0,29,0,0,0,0,0,2,1,2,25,0.0,0,0,0.0,0.0
0,0,30,0,0,0,0,0,2,1,2,25,0.0,0,0,0.0,0.0
0,0,29,0,0,0,0,0,2,1,2,25,0.0,1,0,0.0,0.0
0,0,29,0,6943,111,362,35,2,1,1,25,1946.43,0,508,61.99107142857143,64.881
0,0,29,0,10900,138,0,39,3,1,1,30,441.52,0,177,78.41726618705036,14.717333333333332
0,0,29,0,6153,59,86,29,2,1,1,25,666.54,0,174,102.55,22.218
13,1,25,0,390,31,0,9,2,1,2,25,18.945,1,40,12.1875,0.7286538461538462
11,0,28,6,9870,77,0,34,4,2,1,45,248.675,0,111,126.53846153846153,8.575000000000001
3,0,28,0,5253,82,4,16,2,1,1,25,258.075,1,102,63.28915662650602,8.899137931034483
0,0,26,0,2275,6,0,6,3,1,1,30,91.24,0,12,325.0,3.379259259259259
0,1,27,0,2425,25,0,8,2,1,2,25,110.25,1,33,93.26923076923077,3.9375
0,1,28,0,1703,28,12,23,3,1,2,30,117.24,1,63,58.724137931034484,4.042758620689655
0,0,28,0,0,0,0,0,2,1,2,25,0.0,1,0,0.0,0.0
0,0,28,0,0,0,0,0,3,1,1,30,0.0,0,0,0.0,0.0
0,0,25,0,6220,81,0,14,4,1,1,45,157.525,0,95,75.85365853658537,6.058653846153846
0,0,28,0,0,0,0,0,3,1,2,30,0.0,1,0,0.0,0.0
0,1,28,0,0,0,0,0,4,1,1,45,0.0,1,0,0.0,0.0
15,0,23,1,15510,222,0,72,2,1,1,25,707.94,0,294,69.55156950672645,29.497500000000002
0,0,26,1,6400,100,249,25,2,2,1,25,1413.0,0,374,63.366336633663366,52.333333333333336
0,0,28,0,3153,66,0,20,2,1,1,25,144.855,0,86,47.059701492537314,4.994999999999999
0,0,27,0,1100,28,16,12,3,1,2,30,109.12,0,56,37.93103448275862,3.8971428571428572
0,0,28,0,2215,37,153,15,2,1,1,25,789.84,0,205,58.28947368421053,27.235862068965517
0,0,19,0,750,20,171,3,2,2,1,25,804.15,0,194,35.714285714285715,40.207499999999996
0,0,18,0,1003,23,8,60,4,1,1,45,45.65,0,91,41.791666666666664,2.4026315789473682
0,0,19,0,0,0,0,0,2,1,2,25,0.0,0,0,0.0,0.0
0,0,18,0,0,0,0,0,4,1,2,45,0.0,0,0,0.0,0.0
0,0,17,0,660,16,0,5,2,1,1,25,30.42,0,21,38.8235294117647,1.6900000000000002
0,0,17,0,2660,45,0,15,3,1,1,30,108.2,0,60,57.82608695652174,6.011111111111111
0,0,10,0,1130,10,6,6,2,1,1,25,78.3,0,22,102.72727272727273,7.118181818181818
6,0,9,0,5828,125,63,34,1,2,1,15,673.915,0,222,46.25396825396825,67.3915
2,0,7,0,8368,155,51,32,4,1,1,45,340.575,0,238,53.64102564102564,42.571875
0,0,8,1,2288,29,9,11,3,1,1,30,128.68,0,49,76.26666666666667,14.297777777777778
0,0,3,0,3825,24,193,2,2,1,1,25,1041.705,0,219,153.0,260.42625
0,0,3,0,0,0,0,0,2,1,1,25,0.0,1,0,0.0,0.0
5,0,39,0,4245,73,9,20,2,1,1,25,234.81,0,102,57.36486486486486,5.87025
0,0,40,0,193,7,11,7,2,1,2,25,58.5,0,25,24.125,1.4268292682926829
7,0,38,0,2328,62,363,27,2,1,1,25,1741.05,0,452,36.95238095238095,44.64230769230769
7,0,39,0,4073,68,5,38,1,1,1,15,255.255,0,111,59.028985507246375,6.381375
0,0,39,0,2268,60,6,36,1,1,1,15,161.04,0,102,37.18032786885246,4.026
8,0,39,0,3650,84,36,31,2,1,1,25,330.03,0,151,42.94117647058823,8.25075
1,0,39,0,2235,41,289,21,3,1,1,30,1247.04,0,351,53.214285714285715,31.176
10,0,38,1,8990,123,148,46,3,1,1,30,956.52,0,317,72.5,24.526153846153846
4,0,39,0,13648,171,4,47,3,1,1,30,568.76,0,222,79.34883720930233,14.219
4,0,39,0,4390,85,6,28,3,1,1,30,203.0,0,119,51.04651162790697,5.075
3,0,39,0,5793,97,11,15,2,1,1,25,314.55,0,123,59.11224489795919,7.8637500000000005
6,0,39,0,2113,56,12,20,3,1,2,30,134.76,0,88,37.07017543859649,3.3689999999999998
22,0,39,2,15015,227,58,35,3,1,1,30,841.68,0,320,65.85526315789474,21.041999999999998
1,0,39,0,2970,29,487,11,3,1,1,30,2067.96,0,527,99.0,51.699
6,0,38,0,15360,184,154,33,2,1,1,25,1392.48,0,371,83.02702702702703,35.70461538461539
0,0,38,0,6375,88,190,29,3,1,1,30,1018.52,0,307,71.62921348314607,26.115897435897434
0,0,38,0,750,16,4,14,2,1,2,25,52.47,0,34,44.11764705882353,1.3453846153846154
0,0,39,0,585,16,17,11,2,1,2,25,103.545,0,44,34.411764705882355,2.588625
0,0,38,0,0,0,4,0,2,1,2,25,18.0,1,4,0.0,0.46153846153846156
0,0,38,0,7383,129,388,46,2,1,1,25,2084.04,0,563,56.792307692307695,53.43692307692307
4,0,38,0,11340,156,15,50,3,1,1,30,519.84,0,221,72.22929936305732,13.32923076923077
5,0,38,0,6593,77,112,40,2,1,1,25,804.15,0,229,84.52564102564102,20.619230769230768
20,1,34,0,830,49,20,20,2,1,2,25,129.555,1,89,16.6,3.701571428571429
18,0,37,7,10310,95,5,45,4,2,1,45,272.625,0,145,107.39583333333333,7.1743421052631575
10,0,37,0,5693,100,30,27,2,1,1,25,395.685,1,157,56.366336633663366,10.412763157894737
0,0,35,0,2715,24,4,17,3,1,1,30,125.56,0,45,108.6,3.4877777777777776
6,1,36,0,2865,43,13,19,2,1,2,25,189.36,1,75,65.11363636363636,5.117837837837838
6,1,37,0,2143,46,38,34,3,1,2,30,239.56,1,118,45.59574468085106,6.3042105263157895
0,0,37,0,8,4,4,5,3,1,2,30,16.48,1,13,1.6,0.4336842105263158
0,0,37,0,1543,27,4,9,3,1,1,30,78.8,0,40,55.107142857142854,2.0736842105263156
0,0,34,0,6660,99,18,25,4,1,1,45,213.975,0,142,66.6,6.113571428571428
0,1,37,0,503,9,13,7,4,1,2,45,45.3,1,29,50.3,1.1921052631578946
0,0,37,0,213,6,8,5,5,1,1,55,15.285,0,19,30.428571428571427,0.40223684210526317
22,0,32,2,15950,240,4,83,2,1,1,25,746.55,0,327,66.18257261410788,22.62272727272727
3,0,35,2,6840,118,275,36,2,2,1,25,1550.61,0,429,57.47899159663866,43.0725
0,0,37,0,3593,84,6,31,2,1,1,25,192.465,0,121,42.27058823529412,5.064868421052632
0,0,36,0,1540,46,42,23,3,1,2,30,231.44,0,111,32.765957446808514,6.255135135135135
3,0,37,0,2655,55,179,26,2,1,1,25,927.45,0,260,47.410714285714285,24.406578947368423
1,0,28,0,1190,38,197,14,2,2,1,25,941.76,0,249,30.512820512820515,32.47448275862069
1,0,27,0,1443,41,34,71,4,1,1,45,122.1,0,146,34.357142857142854,4.360714285714286
8,0,28,0,575,27,14,10,2,1,2,25,90.09,0,51,20.535714285714285,3.106551724137931
0,0,27,0,700,12,25,6,4,1,2,45,80.3,0,43,53.84615384615385,2.867857142857143
7,0,26,0,1100,34,23,16,2,1,1,25,154.53,0,73,31.428571428571427,5.723333333333334
0,0,26,0,3100,63,12,26,3,1,1,30,174.52,0,101,48.4375,6.463703703703704
0,0,19,0,1570,28,32,17,2,1,1,25,215.91,0,77,54.13793103448276,10.7955
13,0,18,0,6268,143,89,45,1,2,1,15,842.105,0,277,43.52777777777778,44.32131578947369
9,0,16,0,8808,173,77,43,4,1,1,45,417.025,0,293,50.62068965517241,24.530882352941177
5,0,17,2,2728,47,35,22,3,1,1,30,251.0,0,104,56.833333333333336,13.944444444444445
0,0,10,0,4265,42,219,13,3,1,1,30,1048.28,0,274,99.18604651162791,95.29818181818182
0,1,10,0,1363,21,4,10,2,1,1,25,80.28,1,35,61.95454545454545,7.298181818181818
1,0,33,0,3885,57,0,10,2,1,1,25,177.39,0,67,66.98275862068965,5.21735294117647
0,0,34,0,0,0,0,0,2,1,2,25,0.0,0,0,0.0,0.0
3,0,32,0,1968,46,341,17,2,1,1,25,1625.13,0,404,41.87234042553192,49.24636363636364
3,0,33,0,3713,52,0,28,1,1,1,15,207.075,0,80,70.05660377358491,6.090441176470588
0,0,33,0,1908,44,0,26,1,1,1,15,107.36,0,70,42.4,3.1576470588235295
4,0,33,0,3290,68,14,21,2,1,1,25,214.11,0,103,47.68115942028985,6.297352941176471
0,0,33,0,1875,25,267,11,3,1,1,30,1144.0,0,303,72.11538461538461,33.64705882352941
6,0,32,1,8630,107,126,36,3,1,1,30,853.48,0,269,79.9074074074074,25.863030303030303
0,0,33,0,13288,155,0,37,3,1,1,30,537.72,0,192,85.17948717948718,15.81529411764706
0,0,33,0,4030,69,0,18,3,1,1,30,163.96,0,87,57.57142857142857,4.8223529411764705
0,0,33,0,5433,81,0,5,2,1,1,25,248.13,0,86,66.2560975609756,7.297941176470588
2,0,33,0,1753,40,0,10,3,1,2,30,71.72,0,50,42.75609756097561,2.1094117647058823
18,0,33,2,14655,211,36,25,3,1,1,30,738.64,0,272,69.12735849056604,21.72470588235294
0,0,33,0,2610,13,465,1,3,1,1,30,1964.92,0,479,186.42857142857142,57.79176470588236
2,0,32,0,15000,168,132,23,2,1,1,25,1276.56,0,323,88.75739644970415,38.68363636363636
0,0,32,0,6015,72,168,19,3,1,1,30,915.48,0,259,82.3972602739726,27.741818181818182
0,0,32,0,0,0,0,0,2,1,2,25,0.0,0,0,0.0,0.0
0,0,32,0,7023,113,366,36,2,1,1,25,1968.12,0,515,61.60526315789474,59.63999999999999
0,0,32,0,10980,140,0,40,3,1,1,30,444.8,0,180,77.87234042553192,13.478787878787879
1,0,32,0,6233,61,90,30,2,1,1,25,688.23,0,181,100.53225806451613,20.855454545454545
16,0,28,0,470,33,0,10,2,1,2,25,22.635,1,43,13.823529411764707,0.7805172413793104
14,0,31,7,9950,79,0,35,4,1,1,45,250.725,0,114,124.375,7.83515625
6,1,31,0,5333,84,8,17,2,1,1,25,279.765,1,109,62.741176470588236,8.74265625
0,0,29,0,2355,8,0,7,3,1,1,30,94.52,0,15,261.6666666666667,3.1506666666666665
2,1,30,0,2505,27,0,9,2,1,2,25,113.94,1,36,89.46428571428571,3.6754838709677418
2,0,31,0,1783,30,16,24,3,1,2,30,136.52,1,70,57.516129032258064,4.26625
0,0,31,0,0,0,0,0,3,1,2,30,0.0,1,0,0.0,0.0
0,0,31,0,0,0,0,0,3,1,1,30,0.0,0,0,0.0,0.0
0,0,28,0,6300,83,0,15,4,1,1,45,159.575,0,98,75.0,5.502586206896551
0,0,31,0,0,0,0,0,4,1,2,45,0.0,1,0,0.0,0.0
0,0,31,0,0,0,0,0,5,1,1,55,0.0,0,0,0.0,0.0
18,0,26,2,15590,224,0,73,2,1,1,25,711.63,0,297,69.28888888888889,26.356666666666666
0,0,29,2,6480,102,253,26,2,2,1,25,1434.69,0,381,62.9126213592233,47.823
0,0,31,0,3233,68,0,21,2,1,1,25,148.545,0,89,46.85507246376812,4.64203125
0,0,30,0,1180,30,20,13,3,1,2,30,128.4,0,63,38.064516129032256,4.141935483870968
0,0,31,0,2295,39,157,16,2,1,1,25,811.53,0,212,57.375,25.3603125
0,0,22,0,830,22,175,4,2,2,1,25,825.84,0,201,36.08695652173913,35.90608695652174
0,0,21,0,1083,25,12,61,4,1,1,45,57.7,0,98,41.65384615384615,2.622727272727273
4,0,22,0,215,11,0,3,2,1,2,25,10.17,0,14,17.916666666666668,0.44217391304347825
0,0,21,0,0,0,3,0,4,1,2,45,7.5,0,3,0.0,0.3409090909090909
3,0,20,0,740,18,1,6,2,1,1,25,38.61,0,25,38.94736842105263,1.8385714285714285
0,0,20,0,2740,47,0,16,3,1,1,30,111.48,0,63,57.083333333333336,5.308571428571429
0,0,13,0,1210,12,10,7,2,1,1,25,99.99,0,29,93.07692307692308,7.142142857142857
9,0,12,0,5908,127,67,35,1,2,1,15,700.425,0,229,46.15625,53.87884615384615
5,0,10,0,8448,157,55,33,4,1,1,45,352.625,0,245,53.46835443037975,32.05681818181818
1,0,11,2,2368,31,13,12,3,1,1,30,147.96,0,56,74.0,12.33
0,0,4,0,3905,26,197,3,3,1,1,30,945.24,0,226,144.62962962962962,189.048
0,0,4,0,1003,5,0,4,2,1,1,25,45.36,1,9,167.16666666666666,9.072
7,0,36,1,4665,75,19,30,2,1,1,25,298.8,0,124,61.38157894736842,8.075675675675676
0,0,37,0,613,9,21,17,2,1,2,25,122.49,0,47,61.3,3.2234210526315787
9,0,35,1,2748,64,373,37,2,1,1,25,1805.04,0,474,42.276923076923076,50.14
9,0,36,1,4493,70,15,48,1,1,1,15,333.465,0,133,63.28169014084507,9.012567567567567
2,0,36,1,2688,62,16,46,1,1,1,15,239.25,0,124,42.666666666666664,6.466216216216216
10,0,36,2,4070,86,46,41,3,1,1,30,350.24,0,173,46.7816091954023,9.465945945945947
3,0,36,1,2655,43,299,31,3,1,1,30,1303.92,0,373,60.34090909090909,35.241081081081084
12,0,35,3,9410,125,158,56,3,1,1,30,1013.4,0,339,74.68253968253968,28.15
6,0,36,1,14068,173,14,57,3,1,1,30,625.64,0,244,80.85057471264368,16.90918918918919
6,0,36,2,4810,87,16,38,3,1,1,30,259.88,0,141,54.65909090909091,7.0237837837837835
5,0,36,1,6213,99,21,25,2,1,1,25,378.54,0,145,62.13,10.230810810810812
8,0,36,0,2533,58,22,30,3,1,2,30,191.64,0,110,42.932203389830505,5.179459459459459
24,0,36,4,15435,229,68,45,3,2,1,30,898.56,0,342,67.1086956521739,24.285405405405402
3,0,36,2,3390,31,497,21,3,1,1,30,2124.84,0,549,105.9375,57.42810810810811
8,0,35,1,15780,186,164,43,2,1,1,25,1456.47,0,393,84.38502673796792,40.4575
2,0,35,2,6795,90,200,39,3,1,1,30,1075.4,0,329,74.67032967032966,29.872222222222224
0,0,35,0,1170,18,14,24,2,1,2,25,116.46,0,56,61.578947368421055,3.235
1,0,36,0,1005,18,27,21,2,1,2,25,167.535,0,66,52.89473684210526,4.5279729729729725
0,1,35,0,295,4,14,13,2,1,2,25,76.455,1,31,59.0,2.12375
2,0,35,1,7803,131,398,56,2,1,1,25,2148.03,0,585,59.11363636363637,59.667500000000004
6,0,35,2,11760,158,25,60,3,1,1,30,576.72,0,243,73.9622641509434,16.02
7,0,35,2,7013,79,122,50,2,1,1,25,868.14,0,251,87.6625,24.115
22,0,31,0,1250,51,30,30,2,1,2,25,193.545,1,111,24.03846153846154,6.04828125
20,0,34,9,10730,97,15,55,4,1,1,45,308.175,0,167,109.48979591836735,8.805
12,0,34,2,6113,102,40,37,2,1,1,25,459.675,0,179,59.349514563106794,13.133571428571429
0,0,32,1,3135,26,14,27,3,1,1,30,182.44,0,67,116.11111111111111,5.528484848484848
8,0,33,0,3285,45,23,29,2,1,2,25,253.35,1,97,71.41304347826087,7.451470588235294
8,1,34,0,2563,48,48,44,3,1,2,30,296.44,1,140,52.30612244897959,8.469714285714286
0,0,34,0,428,6,14,15,3,1,2,30,73.36,1,35,61.142857142857146,2.096
0,0,34,1,1963,29,14,19,3,1,1,30,135.68,0,62,65.43333333333334,3.876571428571429
2,0,31,2,7080,101,28,35,4,1,1,45,249.525,0,164,69.41176470588235,7.79765625
0,0,34,0,923,11,23,17,4,1,2,45,80.85,1,51,76.91666666666667,2.31
0,0,34,2,633,8,18,15,5,1,1,55,36.615,0,41,70.33333333333333,1.0461428571428573
24,0,29,4,16370,242,14,93,2,1,1,25,810.54,0,349,67.36625514403292,27.017999999999997
5,0,32,4,7260,120,285,46,2,2,1,25,1614.6,0,451,60.0,48.92727272727272
1,0,34,1,4013,86,16,41,2,1,1,25,256.455,0,143,46.12643678160919,7.327285714285714
2,1,33,0,1960,48,52,33,3,1,2,30,288.32,1,133,40.0,8.48
5,0,34,1,3075,57,189,36,2,1,1,25,991.44,0,282,53.01724137931034,28.326857142857143
3,0,25,2,1610,40,207,24,2,2,1,25,1005.75,0,271,39.26829268292683,38.68269230769231
3,0,24,1,1863,43,44,81,4,1,1,45,157.65,0,168,42.34090909090909,6.306
10,0,25,0,995,29,24,20,2,1,2,25,154.08,0,73,33.166666666666664,5.926153846153847
0,0,24,0,1120,14,35,16,4,1,2,45,115.85,0,65,74.66666666666667,4.6339999999999995
9,0,23,1,1520,36,33,26,2,1,1,25,218.52,0,95,41.08108108108108,9.105
1,0,23,1,3520,65,22,36,3,1,1,30,231.4,0,123,53.333333333333336,9.641666666666667
1,0,16,1,1990,30,42,27,2,1,1,25,279.9,0,99,64.19354838709677,16.46470588235294
15,0,15,2,6688,145,99,55,1,2,1,15,920.315,0,299,45.80821917808219,57.5196875
11,0,13,1,9228,175,87,53,4,1,1,45,452.575,0,315,52.43181818181818,32.32678571428571
7,0,14,4,3148,49,45,32,3,1,1,30,307.88,0,126,62.96,20.525333333333332
1,0,7,2,4685,44,229,23,3,1,1,30,1105.16,0,296,104.11111111111111,138.145
2,1,7,2,1783,23,14,20,3,1,1,30,128.24,1,57,74.29166666666667,16.03
0,0,36,0,3465,55,0,10,2,1,1,25,158.4,0,65,61.875,4.281081081081081
1,0,35,0,1548,44,331,7,2,1,1,25,1561.14,0,382,34.4,43.365
1,0,36,0,3293,50,0,18,1,1,1,15,183.865,0,68,64.56862745098039,4.969324324324324
0,0,36,0,1488,42,0,16,1,1,1,15,84.15,0,58,34.604651162790695,2.2743243243243243
2,0,36,0,2870,66,4,11,2,1,1,25,150.12,0,81,42.83582089552239,4.057297297297297
0,0,36,0,1455,23,257,1,3,1,1,30,1087.12,0,281,60.625,29.38162162162162
4,0,35,0,8210,105,116,26,3,1,1,30,796.6,0,247,77.45283018867924,22.12777777777778
0,0,36,0,12868,153,0,27,3,1,1,30,520.84,0,180,83.55844155844156,14.076756756756758
0,0,36,0,3610,67,0,8,3,1,1,30,147.08,0,75,53.088235294117645,3.9751351351351354
0,0,36,0,5013,79,0,13,2,1,1,25,229.14,0,92,62.6625,6.192972972972973
0,0,36,0,1333,38,0,4,3,1,2,30,54.84,0,42,34.17948717948718,1.4821621621621623
16,0,36,0,14235,209,26,15,3,1,1,30,681.76,0,250,67.78571428571429,18.425945945945944
0,0,36,0,2190,11,455,5,3,1,1,30,1908.04,0,471,182.5,51.56864864864865
0,0,35,0,14580,166,122,13,2,1,1,25,1212.57,0,301,87.30538922155688,33.6825
0,0,35,0,5595,70,158,9,3,1,1,30,858.6,0,237,78.80281690140845,23.85
0,0,35,0,6603,111,356,26,2,1,1,25,1904.13,0,493,58.955357142857146,52.892500000000005
0,0,35,0,10560,138,0,30,3,1,1,30,427.92,0,168,75.97122302158273,11.886666666666667
0,0,35,0,5813,59,80,20,2,1,1,25,624.24,0,159,96.88333333333334,17.34
7,0,31,0,50,2,0,1,2,1,2,25,2.34,1,3,16.666666666666668,0.073125
12,0,34,5,9530,77,0,25,4,1,1,45,240.175,0,102,122.17948717948718,6.8621428571428575
4,0,34,0,4913,82,0,7,2,1,1,25,224.775,1,89,59.19277108433735,6.422142857142857
0,0,32,0,1935,6,0,2,3,1,1,30,77.64,0,8,276.42857142857144,2.3527272727272726
0,0,33,0,2085,25,0,9,2,1,2,25,94.95,1,34,80.1923076923077,2.7926470588235297
0,1,34,0,1363,28,6,14,3,1,2,30,79.64,1,48,47.0,2.2754285714285714
0,0,34,0,0,0,0,0,2,1,2,25,0.0,1,0,0.0,0.0
0,0,34,0,0,0,0,0,3,1,1,30,0.0,0,0,0.0,0.0
0,0,31,0,5880,81,0,5,4,1,1,45,149.025,0,86,71.70731707317073,4.65703125
0,1,34,0,0,0,0,0,4,1,2,45,0.0,1,0,0.0,0.0
0,0,34,0,0,0,0,0,4,1,1,45,0.0,0,0,0.0,0.0
16,0,29,0,15170,222,0,63,2,1,1,25,692.64,0,285,68.02690582959642,23.088
0,0,32,0,6060,100,243,16,2,2,1,25,1370.7,0,359,60.0,41.53636363636364
0,0,34,0,2813,66,0,11,2,1,1,25,129.555,0,77,41.985074626865675,3.701571428571429
0,0,33,0,760,28,10,3,3,1,2,30,71.52,0,41,26.20689655172414,2.103529411764706
0,0,34,0,1875,37,147,6,2,1,1,25,747.54,0,190,49.3421052631579,21.358285714285714
0,0,25,0,1903,20,165,8,2,2,1,25,829.035,0,193,90.61904761904762,31.885961538461537
0,0,24,0,663,23,2,51,4,1,1,45,22.15,0,76,27.625,0.8859999999999999
0,0,25,0,0,0,0,0,2,1,2,25,0.0,0,0,0.0,0.0
0,0,24,0,0,0,0,0,4,1,2,45,0.0,0,0,0.0,0.0
0,0,23,0,0,0,0,0,2,1,1,25,0.0,0,0,0.0,0.0
0,0,23,0,2320,45,0,6,3,1,1,30,94.6,0,51,50.43478260869565,3.9416666666666664
0,0,16,0,0,0,0,0,2,1,1,25,0.0,0,0,0.0,0.0
7,0,15,0,5488,125,57,25,1,2,1,15,622.215,0,207,43.55555555555556,38.8884375
3,0,13,0,8028,155,45,23,4,1,1,45,317.075,0,223,51.46153846153846,22.648214285714285
0,0,14,0,1948,29,3,2,3,1,1,30,91.08,0,34,64.93333333333334,6.072
0,0,7,0,3485,24,187,21,3,1,1,30,888.36,0,232,139.4,111.045
0,0,7,0,0,0,0,0,2,1,1,25,0.0,1,0,0.0,0.0
3,0,37,0,4180,71,30,19,3,1,1,30,290.04,0,120,58.05555555555556,7.632631578947369
0,0,38,0,128,5,32,6,3,1,2,30,133.32,0,43,21.333333333333332,3.418461538461538
5,0,36,0,2263,60,384,26,3,1,1,30,1628.92,0,470,37.09836065573771,44.02486486486487
5,0,37,0,4008,66,26,37,1,1,1,15,367.07,0,129,59.82089552238806,9.659736842105263
0,0,37,0,2203,58,27,35,2,1,1,25,223.245,0,120,37.33898305084746,5.874868421052632
6,0,37,1,3585,82,57,30,3,1,1,30,374.68,0,169,43.19277108433735,9.86
0,0,37,0,2170,39,310,20,3,1,1,30,1328.36,0,369,54.25,34.956842105263156
8,0,36,2,8925,121,169,45,3,1,1,30,1037.84,0,335,73.15573770491804,28.049729729729727
2,0,37,0,13583,169,25,46,3,1,1,30,650.08,0,240,79.9,17.107368421052634
2,0,37,1,4325,83,27,27,3,1,1,30,284.32,0,137,51.48809523809524,7.482105263157894
1,0,37,0,5728,95,32,14,3,1,1,30,360.92,0,141,59.666666666666664,9.497894736842106
4,0,37,0,2048,54,33,19,3,1,2,30,216.08,0,106,37.236363636363635,5.686315789473684
20,0,37,3,14950,225,79,34,3,1,1,30,923.0,0,338,66.15044247787611,24.289473684210527
0,0,37,1,2905,27,508,10,3,1,1,30,2149.28,0,545,103.75,56.56
4,0,36,0,15295,182,175,32,2,1,1,25,1483.965,0,389,83.5792349726776,40.10716216216216
0,0,36,1,6310,86,211,28,3,1,1,30,1099.84,0,325,72.52873563218391,29.725405405405404
0,0,36,0,685,14,25,13,2,1,2,25,143.955,0,52,45.666666666666664,3.890675675675676
0,0,37,0,520,14,38,10,3,1,2,30,173.36,0,62,34.666666666666664,4.562105263157895
0,0,36,0,0,0,25,0,2,1,2,25,112.5,1,25,0.0,3.0405405405405403
0,0,36,0,7318,127,409,45,3,1,1,30,1933.8,0,581,57.171875,52.26486486486486
2,0,36,1,11275,154,36,49,4,1,1,45,375.725,0,239,72.74193548387096,10.15472972972973
3,0,36,1,6528,75,133,39,2,1,1,25,895.635,0,247,85.89473684210526,24.20635135135135
18,0,32,0,765,47,41,19,3,1,2,30,196.48,1,107,15.9375,5.953939393939393
16,0,35,8,10245,93,26,44,5,2,1,55,194.07,0,163,108.98936170212765,5.390833333333333
8,1,35,1,5628,98,51,26,2,1,1,25,487.17,1,175,56.84848484848485,13.5325
0,0,33,0,2650,22,25,16,3,1,1,30,206.88,0,63,115.21739130434783,6.084705882352941
4,1,34,0,2800,41,34,18,3,1,2,30,249.64,1,93,66.66666666666667,7.132571428571429
4,0,35,0,2078,44,59,33,3,1,2,30,320.88,1,136,46.17777777777778,8.913333333333334
0,0,35,0,0,0,25,0,3,1,2,30,100.0,1,25,0.0,2.7777777777777777
0,0,35,0,1478,25,25,8,4,1,1,45,100.075,0,58,56.84615384615385,2.7798611111111113
0,0,32,1,6595,97,39,24,5,1,1,55,158.88,0,160,67.29591836734694,4.8145454545454545
0,0,35,0,438,7,34,6,4,1,2,45,96.125,1,47,54.75,2.670138888888889
0,0,35,1,148,4,29,4,5,1,1,55,45.78,0,37,29.6,1.2716666666666667
20,0,30,3,15885,238,25,82,2,1,1,25,838.035,0,345,66.46443514644352,27.03338709677419
1,0,33,3,6775,116,296,35,2,2,1,25,1642.095,0,447,57.9059829059829,48.29691176470588
0,0,35,0,3528,82,27,30,3,1,1,30,252.4,0,139,42.506024096385545,7.011111111111111
0,0,34,0,1475,44,63,22,3,1,2,30,312.76,0,129,32.77777777777778,8.936
1,0,35,0,2590,53,200,25,2,1,1,25,1018.935,0,278,47.96296296296296,28.303749999999997
0,0,26,1,1125,36,218,13,2,2,1,25,1033.245,0,267,30.405405405405407,38.26833333333333
0,0,25,0,1378,39,55,70,4,1,1,45,172.925,0,164,34.45,6.650961538461539
6,0,26,0,510,25,35,9,3,1,2,30,161.4,0,69,19.615384615384617,5.977777777777778
0,0,25,0,635,10,46,5,4,1,2,45,131.125,0,61,57.72727272727273,5.043269230769231
5,0,24,0,1035,32,44,15,2,1,1,25,246.015,0,91,31.363636363636363,9.8406
0,0,24,0,3035,61,33,25,3,1,1,30,255.84,0,119,48.95161290322581,10.233600000000001
0,0,17,0,1505,26,53,16,2,1,1,25,307.395,0,95,55.74074074074074,17.0775
11,0,16,1,6203,141,110,44,2,2,1,25,780.48,0,295,43.683098591549296,45.91058823529412
7,0,14,0,8743,171,98,42,5,1,1,55,280.71,0,311,50.83139534883721,18.714
3,0,15,3,2663,45,56,21,3,1,1,30,332.32,0,122,57.891304347826086,20.77
0,0,8,1,4200,40,240,12,3,1,1,30,1129.6,0,292,102.4390243902439,125.5111111111111
0,1,8,1,1298,19,25,9,3,1,1,30,152.68,1,53,64.9,16.964444444444446
3,0,35,0,3950,59,0,11,2,1,1,25,180.405,0,70,65.83333333333333,5.01125
5,0,34,0,2033,48,320,18,2,1,1,25,1533.645,0,386,41.48979591836735,43.81842857142857
5,0,35,0,3778,54,0,29,1,1,1,15,210.76,0,83,68.69090909090909,5.854444444444444
0,0,35,0,1973,46,0,27,1,1,1,15,111.045,0,73,41.97872340425532,3.0845833333333332
6,0,35,0,3355,70,0,22,2,1,1,25,154.125,0,92,47.25352112676056,4.28125
0,0,35,0,1940,27,246,12,3,1,1,30,1062.68,0,285,69.28571428571429,29.518888888888892
8,0,34,0,8695,109,105,37,3,1,1,30,772.16,0,251,79.04545454545455,22.061714285714285
2,0,35,0,13353,157,0,38,3,1,1,30,540.4,0,195,84.5126582278481,15.011111111111111
2,0,35,0,4095,71,0,19,3,1,1,30,166.64,0,90,56.875,4.628888888888889
1,0,35,0,5498,83,0,6,2,1,1,25,251.145,0,89,65.45238095238095,6.97625
4,0,35,0,1818,42,0,11,3,1,2,30,74.4,0,53,42.27906976744186,2.066666666666667
20,0,35,1,14720,213,15,26,2,1,1,25,739.485,0,254,68.78504672897196,20.54125
0,0,35,0,2675,15,444,2,3,1,1,30,1883.6,0,461,167.1875,52.32222222222222
4,0,34,0,15065,170,111,24,2,1,1,25,1185.075,0,305,88.09941520467837,33.85928571428572
0,0,34,0,6080,74,147,20,3,1,1,30,834.16,0,241,81.06666666666666,23.833142857142857
0,0,34,0,455,2,0,5,2,1,2,25,20.565,0,7,151.66666666666666,0.5875714285714286
0,0,35,0,290,2,0,2,2,1,2,25,13.14,0,4,96.66666666666667,0.365
0,0,34,0,7088,115,345,37,2,1,1,25,1876.635,0,497,61.10344827586207,53.61814285714286
2,0,34,0,11045,142,0,41,3,1,1,30,447.48,0,183,77.23776223776224,12.785142857142858
3,0,34,0,6298,63,69,31,2,1,1,25,596.745,0,163,98.40625,17.049857142857142
18,0,30,0,535,35,0,11,2,1,2,25,25.65,1,46,14.86111111111111,0.8274193548387097
16,0,33,6,10015,81,0,36,4,1,1,45,252.4,0,117,122.13414634146342,7.423529411764706
8,0,33,0,5398,86,0,18,2,1,1,25,246.78,1,104,62.04597701149425,7.258235294117647
0,0,31,0,2420,10,0,8,3,1,1,30,97.2,0,18,220.0,3.0375
4,1,32,0,2570,29,0,10,2,1,2,25,116.955,1,39,85.66666666666667,3.544090909090909
4,0,33,0,1848,32,0,25,3,1,2,30,75.2,1,57,56.0,2.211764705882353
0,0,33,0,1248,13,0,3,3,1,1,30,50.44,0,16,89.14285714285714,1.4835294117647058
0,0,30,0,6365,85,0,16,4,1,1,45,161.25,0,101,74.01162790697674,5.201612903225806
0,0,33,0,0,0,0,0,4,1,1,45,0.0,0,0,0.0,0.0
20,0,28,1,15655,226,0,74,2,1,1,25,714.645,0,300,68.9647577092511,24.642931034482757
1,0,31,1,6545,104,232,27,2,2,1,25,1343.205,0,363,62.333333333333336,41.97515625
0,0,33,0,3298,70,0,22,2,1,1,25,151.56,0,92,46.45070422535211,4.45764705882353
0,0,32,0,1245,32,0,14,3,1,2,30,51.08,0,46,37.72727272727273,1.5478787878787879
1,0,33,0,2360,41,136,17,2,1,1,25,720.045,0,194,56.19047619047619,21.177794117647057
0,0,24,0,895,24,154,5,2,2,1,25,734.355,0,183,35.8,29.374200000000002
0,0,23,0,1148,27,0,62,4,1,1,45,29.375,0,89,41.0,1.2239583333333333
6,0,24,0,280,13,0,1,2,1,2,25,13.185,0,14,20.0,0.5274
0,0,23,0,0,0,0,0,4,1,2,45,0.0,0,0,0.0,0.0
5,0,22,0,805,20,0,7,1,1,1,15,45.375,0,27,38.333333333333336,1.9728260869565217
0,0,22,0,2805,49,0,17,3,1,1,30,114.16,0,66,56.1,4.963478260869565
0,0,15,0,1275,14,0,8,2,1,1,25,58.005,0,22,85.0,3.6253125
11,0,14,0,5973,129,46,36,1,2,1,15,588.61,0,211,45.94615384615385,39.24066666666667
7,0,12,0,8513,159,34,34,4,1,1,45,301.8,0,227,53.20625,23.215384615384615
3,0,13,1,2433,33,0,13,3,1,1,30,98.64,0,46,71.55882352941177,7.045714285714285
0,0,6,0,3970,28,176,4,2,1,1,25,971.91,0,208,136.89655172413794,138.84428571428572
0,1,6,0,1068,7,0,1,2,1,1,25,48.375,1,8,133.5,6.910714285714286
5,0,36,0,4255,66,7,18,2,1,1,25,225.945,0,91,63.507462686567166,6.106621621621621
0,0,37,0,0,0,9,0,2,1,2,25,40.5,0,9,0.0,1.0657894736842106
7,0,35,0,2338,55,361,25,2,1,1,25,1732.185,0,441,41.75,48.11625
7,0,36,0,4083,61,3,36,1,1,1,15,244.42,0,100,65.85483870967742,6.605945945945946
0,0,36,0,2278,53,4,34,1,1,1,15,150.205,0,91,42.18518518518518,4.059594594594595
8,0,36,0,3660,77,34,29,2,1,1,25,321.165,0,140,46.92307692307692,8.680135135135135
1,0,36,0,2245,34,287,19,3,1,1,30,1239.16,0,340,64.14285714285714,33.490810810810814
10,0,35,1,9000,116,146,44,3,1,1,30,948.64,0,306,76.92307692307692,26.35111111111111
4,0,36,0,13658,164,2,45,3,1,1,30,560.88,0,211,82.77575757575758,15.15891891891892
4,0,36,0,4400,78,4,26,3,1,1,30,195.12,0,108,55.69620253164557,5.273513513513514
3,0,36,0,5803,90,9,13,2,1,1,25,305.685,0,112,63.76923076923077,8.261756756756757
6,1,36,0,2123,49,10,18,3,1,2,30,126.88,0,77,42.46,3.4291891891891892
22,0,36,2,15025,220,56,33,3,1,1,30,833.8,0,309,67.98642533936652,22.535135135135135
1,0,36,0,2980,22,485,9,3,1,1,30,2060.08,0,516,129.56521739130434,55.677837837837835
6,0,35,0,15370,177,152,31,2,1,1,25,1383.615,0,360,86.34831460674157,38.43375
0,0,35,0,6385,81,188,27,3,1,1,30,1010.64,0,296,77.86585365853658,28.073333333333334
0,0,35,0,760,9,2,12,2,1,2,25,43.605,0,23,76.0,1.21125
0,0,36,0,595,9,15,9,2,1,2,25,94.68,0,33,59.5,2.558918918918919
0,0,35,0,0,0,2,0,2,1,2,25,9.0,1,2,0.0,0.25
0,0,35,0,7393,122,386,44,2,1,1,25,2075.175,0,552,60.10569105691057,57.643750000000004
4,0,35,0,11350,149,13,48,3,1,1,30,511.96,0,210,75.66666666666667,14.22111111111111
5,0,35,0,6603,70,110,38,2,1,1,25,795.285,0,218,93.0,22.09125
20,0,31,0,840,42,18,18,2,1,2,25,120.69,1,78,19.53488372093023,3.7715625
18,0,34,7,10320,88,3,43,4,1,1,45,267.7,0,134,115.95505617977528,7.648571428571429
10,0,34,0,5703,93,28,25,2,1,1,25,386.82,1,146,60.670212765957444,11.052
0,0,32,0,2725,17,2,15,3,1,1,30,117.68,0,34,151.38888888888889,3.5660606060606064
6,0,33,0,2875,36,11,17,2,1,2,25,180.495,1,64,77.70270270270271,5.308676470588235
6,1,34,0,2153,39,36,32,3,1,2,30,231.68,1,107,53.825,6.619428571428571
0,0,34,0,0,0,2,0,3,1,2,30,8.0,1,2,0.0,0.22857142857142856
0,0,34,0,1553,20,2,7,3,1,1,30,70.92,0,29,73.95238095238095,2.0262857142857142
0,0,31,0,6670,92,16,23,4,1,1,45,209.05,0,131,71.72043010752688,6.5328125
0,0,34,0,513,2,11,5,4,1,2,45,40.375,1,18,171.0,1.1535714285714285
0,0,34,0,0,0,6,0,5,1,1,55,9.0,0,6,0.0,0.2571428571428571
22,0,29,2,15960,233,2,81,2,1,1,25,737.685,0,316,68.2051282051282,24.589499999999997
3,0,32,2,6850,111,273,34,2,2,1,25,1541.745,0,418,61.160714285714285,46.719545454545454
0,0,34,0,3603,77,4,29,2,1,1,25,183.6,0,110,46.19230769230769,5.2457142857142856
0,0,33,0,1550,39,40,21,3,1,2,30,223.56,0,100,38.75,6.575294117647059
3,0,34,0,2665,48,177,24,2,1,1,25,918.585,0,249,54.38775510204081,26.245285714285714
1,0,25,0,1200,31,195,12,2,2,1,25,932.895,0,238,37.5,35.88057692307692
1,0,24,0,1453,34,32,69,4,1,1,45,117.175,0,135,41.51428571428571,4.687
8,0,25,0,585,20,12,8,2,1,2,25,81.225,0,40,27.857142857142858,3.1240384615384613
0,0,24,0,710,5,23,4,4,1,2,45,75.375,0,32,118.33333333333333,3.015
7,0,23,0,1110,27,21,14,2,1,1,25,145.665,0,62,39.642857142857146,6.069375
0,0,23,0,3110,56,10,24,3,1,1,30,166.64,0,90,54.56140350877193,6.9433333333333325
0,0,16,0,1580,21,30,15,2,1,1,25,207.045,0,66,71.81818181818181,12.179117647058822
13,0,15,0,6277,136,87,43,1,2,1,15,831.215,0,266,45.81751824817518,51.9509375
9,0,13,0,8817,166,75,41,4,1,1,45,412.075,0,282,52.796407185628745,29.43392857142857
5,0,14,2,2737,40,33,20,3,1,1,30,243.08,0,93,66.7560975609756,16.205333333333336
0,0,7,0,4275,35,217,11,3,1,1,30,1040.4,0,263,118.75,130.05
0,1,7,0,1372,14,2,8,2,1,1,25,71.37,1,24,91.46666666666667,8.92125
1,0,36,0,3875,64,0,12,2,1,1,25,177.255,0,76,59.61538461538461,4.790675675675676
3,0,35,0,1958,53,343,19,2,1,1,25,1633.995,0,415,36.25925925925926,45.388749999999995
3,0,36,0,3703,59,0,30,2,1,1,25,169.29,0,89,61.71666666666667,4.575405405405405
0,0,36,0,1898,51,0,28,1,1,1,15,107.195,0,79,36.5,2.897162162162162
4,0,36,0,3280,75,16,23,2,1,1,25,222.975,0,114,43.1578947368421,6.026351351351352
0,0,36,0,1865,32,269,13,3,1,1,30,1151.88,0,314,56.515151515151516,31.131891891891893
6,0,35,1,8620,114,128,38,3,1,1,30,861.36,0,280,74.95652173913044,23.926666666666666
0,0,36,0,13278,162,0,39,3,1,1,30,537.6,0,201,81.4601226993865,14.52972972972973
0,0,36,0,4020,76,0,20,3,1,1,30,163.84,0,96,52.20779220779221,4.428108108108108
0,0,36,0,5423,88,0,7,2,1,1,25,247.995,0,95,60.93258426966292,6.702567567567567
2,0,36,0,1743,47,0,12,3,1,2,30,71.6,0,59,36.3125,1.935135135135135
18,0,36,2,14645,218,38,27,3,1,1,30,746.52,0,283,66.87214611872146,20.176216216216215
0,0,36,0,2600,20,467,3,3,1,1,30,1972.8,0,490,123.80952380952381,53.31891891891892
2,0,35,0,14990,175,134,25,2,1,1,25,1285.425,0,334,85.17045454545455,35.70625
0,0,35,0,6005,79,170,21,3,1,1,30,923.36,0,270,75.0625,25.64888888888889
0,0,35,0,380,7,0,6,2,1,2,25,17.415,0,13,47.5,0.48374999999999996
0,0,36,0,215,7,0,3,2,1,2,25,9.99,0,10,26.875,0.27
0,0,35,0,7013,120,368,38,2,1,1,25,1976.985,0,526,57.95867768595041,54.91625
0,0,35,0,10970,147,0,42,3,1,1,30,444.68,0,189,74.12162162162163,12.352222222222222
1,0,35,0,6223,68,92,32,2,1,1,25,697.095,0,192,90.18840579710145,19.36375
16,1,31,0,460,40,0,12,2,1,2,25,22.5,1,52,11.21951219512195,0.703125
14,0,34,7,9940,86,0,37,4,1,1,45,250.65,0,123,114.25287356321839,7.161428571428572
6,0,34,0,5323,91,10,19,2,1,1,25,288.63,1,120,57.858695652173914,8.246571428571428
0,0,32,0,2345,15,0,9,3,1,1,30,94.4,0,24,146.5625,2.860606060606061
2,1,33,0,2495,34,0,11,2,1,2,25,113.805,1,45,71.28571428571429,3.3472058823529416
2,0,34,0,1773,37,18,26,3,1,2,30,144.4,1,81,46.6578947368421,4.1257142857142854
0,0,34,0,0,0,0,0,3,1,2,30,0.0,1,0,0.0,0.0
0,0,34,0,1173,18,0,1,3,1,1,30,47.64,0,19,61.73684210526316,1.3611428571428572
0,0,31,0,6290,90,0,17,4,1,1,45,159.5,0,107,69.12087912087912,4.984375
0,0,34,0,0,0,0,0,4,1,2,45,0.0,1,0,0.0,0.0
18,0,29,2,15580,231,0,75,2,1,1,25,711.495,0,306,67.15517241379311,23.7165
0,0,32,2,6470,109,255,28,2,2,1,25,1443.555,0,392,58.81818181818182,43.744090909090914
0,0,34,0,3223,75,0,23,2,1,1,25,148.41,0,98,42.4078947368421,4.240285714285714
0,0,33,0,1170,37,22,15,3,1,2,30,136.28,0,74,30.789473684210527,4.008235294117647
0,0,34,0,2285,46,159,18,2,1,1,25,820.395,0,223,48.61702127659574,23.439857142857143
0,0,25,0,820,29,177,6,2,2,1,25,834.705,0,212,27.333333333333332,32.104038461538465
0,0,24,0,1073,32,14,63,4,1,1,45,62.625,0,109,32.515151515151516,2.505
4,0,25,0,205,18,0,2,2,1,2,25,10.035,0,20,10.789473684210526,0.38596153846153847
0,0,24,0,0,0,5,0,4,1,2,45,12.5,0,5,0.0,0.5
3,0,23,0,730,25,3,8,2,1,1,25,47.475,0,36,28.076923076923077,1.9781250000000001
0,0,23,0,2730,54,0,18,3,1,1,30,111.36,0,72,49.63636363636363,4.64
0,0,16,0,1200,19,12,9,2,1,1,25,108.855,0,40,60.0,6.403235294117647
9,0,15,0,5897,134,69,37,1,2,1,15,711.205,0,240,43.681481481481484,44.4503125
5,0,13,0,8437,164,57,35,4,1,1,45,357.525,0,256,51.13333333333333,25.537499999999998
1,0,14,2,2357,38,15,14,3,1,1,30,155.8,0,67,60.43589743589744,10.386666666666667
0,0,7,0,3895,33,199,5,3,1,1,30,953.12,0,237,114.55882352941177,119.14
0,0,7,0,992,12,0,2,2,1,1,25,45.18,1,14,76.3076923076923,5.6475
1,0,31,0,4065,59,0,14,2,1,1,25,185.58,0,73,67.75,5.799375
3,0,30,0,2148,48,344,21,2,1,1,25,1646.82,0,413,43.83673469387755,53.12322580645161
3,0,31,0,3893,54,0,32,1,1,1,15,217.085,0,86,70.78181818181818,6.78390625
0,0,31,0,2088,46,0,30,1,1,1,15,117.37,0,76,44.42553191489362,3.6678125
4,0,31,0,3470,70,17,25,2,1,1,25,235.8,0,112,48.87323943661972,7.36875
0,0,31,0,2055,27,270,15,3,1,1,30,1163.28,0,312,73.39285714285714,36.3525
6,0,30,0,8810,109,129,40,3,1,1,30,872.76,0,278,80.0909090909091,28.153548387096773
0,0,31,0,13468,157,0,41,3,1,1,30,545.0,0,198,85.24050632911393,17.03125
0,0,31,0,4210,71,0,22,3,1,1,30,171.24,0,93,58.47222222222222,5.35125
0,0,31,0,5613,83,0,9,2,1,1,25,256.32,0,92,66.82142857142857,8.01
2,0,31,0,1933,42,0,14,3,1,2,30,79.0,0,56,44.95348837209303,2.46875
18,0,31,1,14835,213,39,29,2,1,1,25,852.66,0,281,69.32242990654206,26.645625
0,0,31,0,2790,15,468,5,3,1,1,30,1984.2,0,488,174.375,62.00625
2,0,30,0,15180,170,135,27,2,1,1,25,1298.25,0,332,88.7719298245614,41.87903225806452
0,0,30,0,6195,74,171,23,3,1,1,30,934.76,0,268,82.6,30.153548387096773
0,0,30,0,570,2,0,8,2,1,2,25,25.74,0,10,190.0,0.8303225806451613
0,0,31,0,405,2,0,5,2,1,2,25,18.315,0,7,135.0,0.57234375
0,0,30,0,7203,115,369,40,2,1,1,25,1989.81,0,524,62.0948275862069,64.18741935483871
0,0,30,0,11160,142,0,44,3,1,1,30,452.08,0,186,78.04195804195804,14.583225806451612
1,0,30,0,6413,63,93,34,2,1,1,25,709.92,0,190,100.203125,22.90064516129032
16,0,26,0,650,35,1,14,2,1,2,25,35.325,1,50,18.055555555555557,1.3083333333333333
14,0,29,6,10130,81,0,39,4,1,1,45,255.275,0,120,123.53658536585365,8.509166666666667
6,0,29,0,5513,86,11,21,2,1,1,25,301.455,1,118,63.367816091954026,10.048499999999999
0,0,27,0,2535,10,0,11,3,1,1,30,101.8,0,21,230.45454545454547,3.6357142857142857
2,0,28,0,2685,29,0,13,2,1,2,25,122.13,1,42,89.5,4.211379310344827
2,0,29,0,1963,32,19,28,3,1,2,30,155.8,1,79,59.484848484848484,5.193333333333333
0,0,29,0,1363,13,0,3,3,1,1,30,55.04,0,16,97.35714285714286,1.8346666666666667
0,0,26,0,6480,85,0,19,4,1,1,45,164.125,0,104,75.34883720930233,6.078703703703703
0,0,29,0,0,0,0,0,3,1,2,30,0.0,1,0,0.0,0.0
0,0,29,0,0,0,0,0,4,1,1,45,0.0,0,0,0.0,0.0
18,0,24,1,15770,226,0,77,2,1,1,25,719.82,0,303,69.47136563876651,28.792800000000003
0,0,27,1,6660,104,256,30,2,2,1,25,1456.38,0,390,63.42857142857143,52.01357142857143
0,0,29,0,3413,70,0,25,2,1,1,25,156.735,0,95,48.070422535211264,5.224500000000001
0,0,28,0,1360,32,23,17,3,1,2,30,147.68,0,72,41.21212121212121,5.092413793103448
0,0,29,0,2475,41,160,20,2,1,1,25,833.22,0,221,58.92857142857143,27.774
0,0,20,0,1010,24,178,8,2,2,1,25,847.53,0,210,40.4,40.35857142857143
0,0,19,0,1263,27,15,65,4,1,1,45,69.75,0,107,45.107142857142854,3.4875
4,0,20,0,395,13,0,4,2,1,2,25,18.36,0,17,28.214285714285715,0.8742857142857142
0,0,19,0,520,4,6,2,4,1,2,45,28.1,0,12,104.0,1.405
3,0,18,0,920,20,4,10,1,1,1,15,73.7,0,34,43.80952380952381,3.878947368421053
0,0,18,0,2920,49,0,20,3,1,1,30,118.76,0,69,58.4,6.250526315789474
0,0,11,0,1390,14,13,11,2,1,1,25,121.68,0,38,92.66666666666667,10.14
9,0,10,0,6087,129,70,39,1,2,1,15,726.88,0,238,46.823076923076925,66.08
5,0,8,0,8627,159,58,37,4,1,1,45,364.65,0,254,53.91875,40.516666666666666
1,0,9,1,2547,33,16,16,3,1,1,30,167.2,0,65,74.91176470588235,16.72
0,0,3,0,4085,28,200,7,2,1,1,25,1085.085,0,235,140.86206896551724,271.27125
0,0,3,0,1182,7,0,4,2,1,1,25,53.505,1,11,147.75,13.37625
5,0,41,0,4065,71,6,16,3,1,1,30,189.44,0,93,56.458333333333336,4.51047619047619
0,0,42,0,13,5,8,3,3,1,2,30,32.72,0,16,2.1666666666666665,0.7609302325581395
7,0,40,0,2148,60,360,23,3,1,1,30,1528.32,0,443,35.21311475409836,37.27609756097561
7,0,41,0,3893,66,2,34,1,1,1,15,228.745,0,102,58.1044776119403,5.446309523809524
0,0,41,0,2088,58,3,32,2,1,1,25,110.07,0,93,35.389830508474574,2.6207142857142856
8,0,41,1,3470,82,33,27,3,1,1,30,274.08,0,142,41.80722891566265,6.525714285714285
1,0,41,0,2055,39,286,17,3,1,1,30,1227.76,0,342,51.375,29.232380952380954
10,0,40,2,8810,121,145,42,3,1,1,30,937.24,0,308,72.21311475409836,22.85951219512195
4,0,41,0,13468,169,1,43,3,1,1,30,549.48,0,213,79.2235294117647,13.082857142857144
4,0,41,1,4210,83,3,24,3,1,1,30,183.72,0,110,50.11904761904762,4.3742857142857146
3,0,41,0,5613,95,8,11,3,1,1,30,260.32,0,114,58.46875,6.198095238095238
6,0,41,0,1933,54,9,16,3,1,2,30,115.48,0,79,35.14545454545455,2.7495238095238097
22,0,41,3,14835,225,55,31,3,1,1,30,822.4,0,311,65.64159292035399,19.58095238095238
1,0,41,1,2790,27,484,7,3,1,1,30,2048.68,0,518,99.64285714285714,48.77809523809523
6,0,40,0,15180,182,151,29,2,1,1,25,1370.79,0,362,82.95081967213115,33.433902439024386
0,0,40,1,6195,86,187,25,3,1,1,30,999.24,0,298,71.20689655172414,24.37170731707317
0,0,40,0,570,14,1,10,2,1,2,25,30.78,0,25,38.0,0.7507317073170732
0,0,41,0,405,14,14,7,3,1,2,30,72.76,0,35,27.0,1.7323809523809526
0,0,40,0,0,0,1,0,2,1,2,25,4.5,1,1,0.0,0.10975609756097561
0,0,40,0,7203,127,385,42,3,1,1,30,1833.2,0,554,56.2734375,44.71219512195122
4,0,40,1,11160,154,12,46,4,1,1,45,312.85,0,212,72.0,7.630487804878049
5,0,40,1,6413,75,109,36,2,1,1,25,782.46,0,220,84.38157894736842,19.08439024390244
20,0,36,0,650,47,17,16,3,1,2,30,95.88,1,80,13.541666666666666,2.591351351351351
18,0,39,8,10130,93,2,41,5,1,1,55,156.345,0,136,107.76595744680851,3.908625
10,0,39,1,5513,98,27,23,2,1,1,25,373.995,1,148,55.686868686868685,9.349875
0,0,37,0,2535,22,1,13,3,1,1,30,106.28,0,36,110.21739130434783,2.796842105263158
6,1,38,0,2685,41,10,15,3,1,2,30,149.04,1,66,63.92857142857143,3.8215384615384616
6,0,39,0,1963,44,35,30,3,1,2,30,220.28,1,109,43.62222222222222,5.507
0,0,39,0,0,0,1,0,3,1,2,30,4.0,1,1,0.0,0.1
0,0,39,0,1363,25,1,5,4,1,1,45,37.2,0,31,52.42307692307692,0.93
0,0,36,1,6480,97,15,21,5,1,1,55,121.155,0,133,66.12244897959184,3.2744594594594596
0,0,39,0,323,7,10,3,4,1,2,45,33.25,1,20,40.375,0.83125
0,0,39,1,33,4,5,1,5,1,1,55,8.055,0,10,6.6,0.201375
22,0,34,3,15770,238,1,79,2,1,1,25,724.86,0,318,65.98326359832636,20.710285714285714
3,0,37,3,6660,116,272,32,2,2,1,25,1528.92,0,420,56.92307692307692,40.234736842105264
0,0,39,0,3413,82,3,27,3,1,1,30,151.8,0,112,41.12048192771084,3.7950000000000004
0,0,38,0,1360,44,39,19,3,1,2,30,212.16,0,102,30.22222222222222,5.4399999999999995
3,0,39,0,2475,53,176,22,2,1,1,25,905.76,0,251,45.833333333333336,22.644
1,0,30,1,1010,36,194,10,2,2,1,25,920.07,0,240,27.2972972972973,29.67967741935484
1,0,29,0,1263,39,31,67,4,1,1,45,110.05,0,137,31.575,3.6683333333333334
8,0,30,0,395,25,11,6,3,1,2,30,60.8,0,42,15.192307692307692,1.961290322580645
0,0,29,0,520,10,22,2,4,1,2,45,68.25,0,34,47.27272727272727,2.275
7,0,28,0,920,32,20,12,2,1,1,25,132.84,0,64,27.87878787878788,4.580689655172414
0,0,28,0,2920,61,9,22,3,1,1,30,155.24,0,92,47.096774193548384,5.353103448275863
0,0,21,0,1390,26,29,13,2,1,1,25,194.22,0,68,51.48148148148148,8.828181818181818
13,0,20,1,6087,141,86,41,2,2,1,25,667.26,0,268,42.86619718309859,31.774285714285714
9,0,18,0,8627,171,74,39,5,1,1,55,242.97,0,284,50.156976744186046,12.787894736842105
5,0,19,3,2547,45,32,18,3,1,1,30,231.68,0,95,55.369565217391305,11.584
0,0,12,1,4085,40,216,9,3,1,1,30,1029.0,0,265,99.63414634146342,79.15384615384616
0,0,12,1,1182,19,1,6,3,1,1,30,52.04,1,26,59.1,4.003076923076923
9,0,37,0,4775,76,23,15,2,1,1,25,321.795,0,114,62.01298701298701,8.46828947368421
1,0,38,0,723,10,8,2,2,1,2,25,68.985,0,20,65.72727272727273,1.7688461538461537
11,0,36,0,2858,65,360,22,2,1,1,25,1751.535,0,447,43.303030303030305,47.33878378378379
11,0,37,0,4603,71,2,33,1,1,1,15,268.07,0,106,63.93055555555556,7.054473684210526
4,0,37,0,2798,63,3,31,1,1,1,15,173.855,0,97,43.71875,4.575131578947368
12,0,37,1,4180,87,33,26,3,1,1,30,302.68,0,146,47.5,7.965263157894737
5,0,37,0,2765,44,286,16,3,1,1,30,1256.36,0,346,61.44444444444444,33.06210526315789
14,0,36,2,9520,126,145,41,3,1,1,30,965.84,0,312,74.96062992125984,26.103783783783786
8,0,37,0,14178,174,1,42,3,1,1,30,578.08,0,217,81.01714285714286,15.21263157894737
8,0,37,1,4920,88,3,23,3,1,1,30,212.32,0,114,55.28089887640449,5.5873684210526315
7,0,37,0,6323,100,8,10,2,1,1,25,325.035,0,118,62.603960396039604,8.553552631578947
10,0,37,0,2643,59,9,15,3,1,2,30,144.08,0,83,44.05,3.7915789473684214
26,1,37,3,15545,230,55,30,3,1,1,30,851.0,0,315,67.2943722943723,22.394736842105264
5,0,37,1,3500,32,484,6,3,1,1,30,2077.28,0,522,106.06060606060606,54.66526315789474
10,0,36,0,15890,187,151,28,2,1,1,25,1402.965,0,366,84.52127659574468,37.91797297297297
4,0,36,1,6905,91,187,24,3,1,1,30,1027.84,0,302,75.05434782608695,27.779459459459456
1,0,36,0,1280,19,1,9,2,1,2,25,62.955,0,29,64.0,1.7014864864864865
3,0,37,0,1115,19,14,6,2,1,2,25,114.03,0,39,55.75,3.0007894736842107
0,0,36,0,0,0,1,0,2,1,2,25,4.5,1,1,0.0,0.12162162162162163
4,0,36,0,7913,132,385,41,2,1,1,25,2094.525,0,558,59.49624060150376,56.608783783783785
8,0,36,1,11870,159,12,45,3,1,1,30,529.16,0,216,74.1875,14.30162162162162
9,0,36,1,7123,80,109,35,2,1,1,25,814.635,0,224,87.93827160493827,22.017162162162162
24,0,32,0,1360,52,17,15,2,1,2,25,140.04,1,84,25.660377358490567,4.243636363636363
22,0,35,8,10840,98,2,40,4,1,1,45,278.45,0,140,109.4949494949495,7.734722222222222
14,0,35,1,6223,103,27,22,2,1,1,25,406.17,0,152,59.83653846153846,11.2825
2,0,33,0,3245,27,1,12,3,1,1,30,134.88,0,40,115.89285714285714,3.9670588235294115
10,0,34,0,3395,46,10,14,3,1,2,30,177.64,1,70,72.23404255319149,5.075428571428571
10,1,35,0,2673,49,35,29,3,1,2,30,248.88,1,113,53.46,6.913333333333333
1,0,35,0,538,7,1,1,3,1,2,30,25.8,1,9,67.25,0.7166666666666667
2,0,35,0,2073,30,1,4,3,1,1,30,88.12,0,35,66.87096774193549,2.447777777777778
4,0,32,1,7190,102,15,20,4,1,1,45,219.8,0,137,69.80582524271844,6.660606060606061
1,0,35,0,1033,12,10,2,4,1,2,45,51.125,1,24,79.46153846153847,1.4201388888888888
1,0,35,1,743,9,5,1,5,1,1,55,18.78,0,15,74.3,0.5216666666666667
26,0,30,3,16480,243,1,78,2,1,1,25,757.035,0,322,67.54098360655738,24.42048387096774
7,0,33,3,7370,121,272,31,2,2,1,25,1561.095,0,424,60.40983606557377,45.91455882352941
3,0,35,0,4123,87,3,26,2,1,1,25,202.95,0,116,46.85227272727273,5.637499999999999
4,0,34,0,2070,49,39,18,3,1,2,30,240.76,0,106,41.4,6.878857142857143
7,0,35,0,3185,58,176,21,2,1,1,25,937.935,0,255,53.983050847457626,26.053749999999997
5,0,26,1,1720,41,194,9,2,2,1,25,952.245,0,244,40.95238095238095,35.26833333333333
5,0,25,0,1973,44,31,66,4,1,1,45,127.925,0,141,43.84444444444444,4.920192307692307
12,0,26,0,1105,30,11,5,2,1,2,25,100.575,0,46,35.645161290322584,3.725
1,0,25,0,1230,15,22,1,4,1,2,45,86.125,0,38,76.875,3.3125
11,0,24,0,1630,37,20,11,2,1,1,25,165.015,0,68,42.89473684210526,6.600599999999999
3,0,24,0,3630,66,9,21,3,1,1,30,183.84,0,96,54.17910447761194,7.3536
3,0,17,0,2100,31,29,12,2,1,1,25,226.395,0,72,65.625,12.5775
17,0,16,1,6797,146,86,40,1,2,1,15,854.865,0,272,46.23809523809524,50.28617647058824
13,0,14,0,9337,176,74,38,4,1,1,45,422.825,0,288,52.75141242937853,28.188333333333333
9,0,15,3,3257,50,32,17,3,1,1,30,260.28,0,99,63.86274509803921,16.2675
3,0,8,1,4795,45,216,8,3,1,1,30,1057.6,0,269,104.23913043478261,117.5111111111111
4,0,8,1,1892,24,1,5,3,1,1,30,80.64,1,30,75.68,8.96
0,0,35,0,3355,54,0,15,2,1,1,25,153.405,0,69,61.0,4.26125
0,0,34,0,1438,43,327,22,2,1,1,25,1538.145,0,392,32.68181818181818,43.947
0,0,35,0,3183,49,0,33,1,1,1,15,177.76,0,82,63.66,4.937777777777778
0,0,35,0,1378,41,0,31,1,1,1,15,78.045,0,72,32.80952380952381,2.1679166666666667
0,0,35,0,2760,65,0,26,2,1,1,25,127.125,0,91,41.81818181818182,3.53125
0,0,35,0,1345,22,253,16,3,1,1,30,1066.68,0,291,58.47826086956522,29.630000000000003
2,0,34,0,8100,104,112,41,3,1,1,30,776.16,0,257,77.14285714285714,22.176
0,0,35,0,12758,152,0,42,3,1,1,30,516.4,0,194,83.38562091503267,14.344444444444443
0,0,35,0,3500,66,0,23,3,1,1,30,142.64,0,89,52.23880597014925,3.9622222222222216
0,0,35,0,4903,78,0,10,2,1,1,25,224.145,0,88,62.063291139240505,6.22625
0,0,35,0,1223,37,0,15,3,1,2,30,50.4,0,52,32.18421052631579,1.4
14,0,35,1,14125,208,22,30,2,1,1,25,743.985,0,260,67.58373205741627,20.66625
0,0,35,0,2080,10,451,6,3,1,1,30,1887.6,0,467,189.0909090909091,52.43333333333333
0,0,34,0,14470,165,118,28,2,1,1,25,1189.575,0,311,87.16867469879519,33.987857142857145
0,0,34,0,5485,69,154,24,3,1,1,30,838.16,0,247,78.35714285714286,23.94742857142857
0,0,34,0,6493,110,352,41,2,1,1,25,1881.135,0,503,58.4954954954955,53.74671428571428
0,0,34,0,10450,137,0,45,3,1,1,30,423.48,0,182,75.72463768115942,12.099428571428572
0,0,34,0,5703,58,76,35,2,1,1,25,601.245,0,169,96.66101694915254,17.178428571428572
0,1,30,0,0,0,0,0,2,1,2,25,0.0,1,0,0.0,0.0
10,0,33,6,9420,76,0,40,4,1,1,45,237.4,0,116,122.33766233766234,6.982352941176471
2,1,33,0,4803,81,0,22,2,1,1,25,219.78,1,103,58.573170731707314,6.464117647058823
0,0,31,0,1825,5,0,12,3,1,1,30,73.2,0,17,304.1666666666667,2.2875
0,0,32,0,1975,24,0,14,2,1,2,25,89.955,1,38,79.0,2.725909090909091
0,0,33,0,1253,27,2,29,3,1,2,30,59.2,1,58,44.75,1.7411764705882353
0,1,33,0,0,0,0,0,2,1,2,25,0.0,1,0,0.0,0.0
0,0,33,0,653,8,0,4,3,1,1,30,26.44,0,12,72.55555555555556,0.7776470588235295
0,0,30,0,5770,80,0,20,4,1,1,45,146.25,0,100,71.23456790123457,4.717741935483871
14,0,28,1,15060,221,0,78,2,1,1,25,687.645,0,299,67.83783783783784,23.711896551724138
0,0,31,1,5950,99,239,31,2,2,1,25,1347.705,0,369,59.5,42.11578125
0,0,33,0,2703,65,0,26,2,1,1,25,124.56,0,91,40.95454545454545,3.663529411764706
0,0,32,0,650,27,6,18,3,1,2,30,51.08,0,51,23.214285714285715,1.5478787878787879
0,0,33,0,1765,36,143,21,2,1,1,25,724.545,0,200,47.7027027027027,21.310147058823528
0,0,24,0,300,19,161,9,2,2,1,25,738.855,0,189,15.0,29.5542
0,0,23,0,553,22,0,66,4,1,1,45,14.375,0,88,24.043478260869566,0.5989583333333334
0,0,24,0,0,0,0,0,2,1,2,25,0.0,0,0,0.0,0.0
0,0,22,0,210,15,0,11,2,1,1,25,10.125,0,26,13.125,0.44021739130434784
0,0,22,0,2210,44,0,21,3,1,1,30,90.16,0,65,49.111111111111114,3.92
0,0,15,0,680,9,0,12,2,1,1,25,31.005,0,21,68.0,1.9378125
5,0,14,0,5377,124,53,40,1,2,1,15,594.055,0,217,43.016,39.60366666666666
1,0,12,0,7917,154,41,38,4,1,1,45,304.275,0,233,51.07741935483871,23.40576923076923
0,0,13,1,1837,28,0,17,3,1,1,30,74.6,0,45,63.3448275862069,5.328571428571428
0,0,6,0,3375,23,183,8,3,1,1,30,867.92,0,214,140.625,123.98857142857142
0,0,6,0,472,2,0,5,2,1,1,25,21.33,1,7,157.33333333333334,3.0471428571428567
0,1,35,0,0,0,0,0,2,1,2,25,0.0,1,0,0.0,0.0
8,0,34,0,5513,92,19,22,2,1,1,25,337.725,1,133,59.27956989247312,9.649285714285716
4,1,34,0,1963,38,27,29,3,1,2,30,188.04,1,94,50.333333333333336,5.372571428571429
0,1,34,0,323,1,2,2,4,1,2,45,13.1,1,5,161.5,0.3742857142857143
0,0,25,0,1010,30,186,9,2,2,1,25,883.8,0,225,32.58064516129032,33.99230769230769
11,0,15,0,6087,135,78,40,1,2,1,15,771.21,0,253,44.75735294117647,48.200625
7,0,13,0,8627,165,66,38,4,1,1,45,384.8,0,269,51.96987951807229,27.485714285714288
3,0,14,2,2547,39,24,17,3,1,1,30,199.44,0,80,63.675,13.296
0,0,7,0,1182,13,0,5,2,1,1,25,53.775,1,18,84.42857142857143,6.721875
18,1,31,0,650,41,9,15,2,1,2,25,71.595,1,65,15.476190476190476,2.23734375
4,1,33,0,2685,35,2,14,2,1,2,25,131.4,1,51,74.58333333333333,3.864705882352941
13,0,40,1,4675,77,12,19,3,1,1,30,238.08,0,108,59.93589743589744,5.806829268292684
5,0,41,0,623,11,14,6,3,1,2,30,81.36,0,31,51.916666666666664,1.937142857142857
15,0,39,1,2758,66,366,26,3,1,1,30,1576.96,0,458,41.16417910447761,39.424
15,0,40,1,4503,72,8,37,1,1,1,15,295.625,0,117,61.68493150684932,7.210365853658536
8,0,40,1,2698,64,9,35,2,1,1,25,164.79,0,108,41.50769230769231,4.019268292682927
16,0,40,2,4080,88,39,30,3,1,1,30,322.72,0,157,45.842696629213485,7.871219512195123
9,0,40,1,2665,45,292,20,3,1,1,30,1276.4,0,357,57.93478260869565,31.13170731707317
18,0,39,3,9420,127,151,45,3,1,1,30,985.88,0,323,73.59375,24.647
12,0,40,1,14078,175,7,46,3,1,1,30,598.12,0,228,79.98863636363636,14.588292682926829
12,0,40,2,4820,89,9,27,3,1,1,30,232.36,0,125,53.55555555555556,5.667317073170732
11,0,40,1,6223,101,14,14,3,1,1,30,308.96,0,129,61.009803921568626,7.535609756097561
14,1,40,0,2543,60,15,19,3,1,2,30,164.12,0,94,41.68852459016394,4.002926829268293
30,0,40,4,15445,231,61,34,3,2,1,30,871.04,0,326,66.57327586206897,21.244878048780485
9,0,40,2,3400,33,490,10,3,1,1,30,2097.32,0,533,100.0,51.15414634146342
14,0,39,1,15790,188,157,32,2,1,1,25,1425.51,0,377,83.54497354497354,35.63775
8,0,39,2,6805,92,193,28,3,1,1,30,1047.88,0,313,73.17204301075269,26.197000000000003
5,0,39,0,1180,20,7,13,2,1,2,25,85.5,0,40,56.19047619047619,2.1375
7,0,40,0,1015,20,20,10,3,1,2,30,121.4,0,50,48.333333333333336,2.9609756097560975
5,0,39,0,305,6,7,2,2,1,2,25,45.495,1,15,43.57142857142857,1.137375
8,0,39,1,7813,133,391,45,3,1,1,30,1881.84,0,569,58.30597014925373,47.046
12,0,39,2,11770,160,18,49,4,1,1,45,343.25,0,227,73.1055900621118,8.58125
13,0,39,2,7023,81,115,39,2,1,1,25,837.18,0,235,85.64634146341463,20.929499999999997
28,0,35,0,1260,53,23,19,3,1,2,30,144.52,1,95,23.333333333333332,4.014444444444445
26,0,38,9,10740,99,8,44,5,1,1,55,174.585,0,151,107.4,4.476538461538461
18,0,38,2,6123,104,33,26,2,1,1,25,428.715,0,163,58.31428571428572,10.992692307692307
6,0,36,1,3145,28,7,16,3,1,1,30,154.92,0,51,108.44827586206897,4.1870270270270264
14,1,37,0,3295,47,16,18,3,1,2,30,197.68,1,81,68.64583333333333,5.202105263157895
14,1,38,0,2573,50,41,33,4,1,2,45,168.075,1,124,50.450980392156865,4.309615384615384
5,0,38,0,438,8,7,4,3,1,2,30,45.84,1,19,48.666666666666664,1.1753846153846155
6,0,38,1,1973,31,7,8,4,1,1,45,67.6,0,46,61.65625,1.7333333333333332
8,0,35,2,7090,103,21,24,5,1,1,55,139.395,0,148,68.17307692307692,3.8720833333333338
5,0,38,0,933,13,16,6,4,1,2,45,63.65,1,35,66.64285714285714,1.632051282051282
5,0,38,2,643,10,11,4,5,1,1,55,26.295,0,25,58.45454545454545,0.6742307692307693
30,0,33,4,16380,244,7,82,2,2,1,25,779.58,0,333,66.85714285714286,22.928823529411765
11,0,36,4,7270,122,278,35,3,2,1,30,1407.68,0,435,59.10569105691057,38.045405405405404
7,0,38,1,4023,88,9,30,3,1,1,30,200.44,0,127,45.20224719101124,5.13948717948718
8,0,37,0,1970,50,45,22,3,1,2,30,260.8,0,117,38.627450980392155,6.863157894736842
11,0,38,1,3085,59,182,25,2,1,1,25,960.48,0,266,51.416666666666664,24.627692307692307
9,0,29,2,1620,42,200,13,3,2,1,30,866.48,0,255,37.674418604651166,28.88266666666667
9,0,28,1,1873,45,37,70,5,1,1,55,84.27,0,152,40.71739130434783,2.9058620689655172
16,0,29,0,1005,31,17,9,3,1,2,30,109.44,0,57,31.40625,3.648
5,0,28,0,1130,16,28,5,4,1,2,45,98.65,0,49,66.47058823529412,3.401724137931035
15,0,27,1,1530,38,26,15,2,1,1,25,187.56,0,79,39.23076923076923,6.698571428571428
7,0,27,1,3530,67,15,25,3,1,1,30,203.88,0,107,51.911764705882355,7.281428571428571
7,0,20,1,2000,32,35,16,3,1,1,30,221.28,0,83,60.60606060606061,10.537142857142857
21,0,19,2,6698,147,92,44,2,2,1,25,722.025,0,283,45.25675675675676,36.10125
17,0,17,1,9238,177,80,42,5,1,1,55,261.225,0,299,51.89887640449438,14.512500000000001
13,0,18,4,3158,51,38,21,3,2,1,30,280.36,0,110,60.73076923076923,14.755789473684212
7,0,11,2,4695,46,222,12,3,1,1,30,1077.64,0,280,99.8936170212766,89.80333333333334
8,1,11,2,1793,25,7,9,3,1,1,30,100.72,1,41,68.96153846153847,8.393333333333333
16,0,42,2,4735,80,17,21,3,1,1,30,260.6,0,118,58.45679012345679,6.060465116279071
8,0,43,2,683,14,19,8,3,1,1,30,103.88,0,41,45.53333333333333,2.360909090909091
18,0,41,2,2818,69,371,28,3,1,1,30,1599.48,0,468,40.25714285714286,38.082857142857144
18,0,42,2,4563,75,13,39,1,1,1,15,326.59,0,127,60.03947368421053,7.595116279069767
11,0,42,2,2758,67,14,37,2,1,1,25,190.125,0,118,40.55882352941177,4.421511627906977
19,0,42,3,4140,91,44,32,3,1,1,30,345.24,0,167,45.0,8.028837209302326
12,0,42,2,2725,48,297,22,4,1,1,45,811.825,0,367,55.61224489795919,18.879651162790697
21,0,41,4,9480,130,156,47,3,1,1,30,1008.4,0,333,72.36641221374046,24.00952380952381
15,0,42,2,14138,178,12,48,3,1,1,30,620.64,0,238,78.98324022346368,14.433488372093024
15,0,42,3,4880,92,14,29,4,1,1,45,159.3,0,135,52.473118279569896,3.704651162790698
14,0,42,2,6283,104,19,16,3,1,1,30,331.48,0,139,59.838095238095235,7.708837209302326
17,0,42,2,2603,63,20,21,4,1,1,45,116.65,0,104,40.671875,2.7127906976744187
33,0,42,5,15505,234,66,36,3,2,1,30,893.56,0,336,65.97872340425532,20.780465116279068
12,0,42,3,3460,36,495,12,4,1,1,45,1324.9,0,543,93.51351351351352,30.811627906976746
17,0,41,2,15850,191,162,34,2,1,1,25,1450.845,0,387,82.55208333333333,34.54392857142857
11,0,41,3,6865,95,198,30,3,1,1,30,1070.4,0,323,71.51041666666667,25.485714285714288
8,0,41,2,1240,23,12,15,2,1,1,25,110.835,0,50,51.666666666666664,2.638928571428571
10,0,42,2,1075,23,25,12,3,1,1,30,143.92,0,60,44.791666666666664,3.3469767441860463
8,0,41,2,365,9,12,4,3,1,1,30,62.96,1,25,36.5,1.499047619047619
11,0,41,2,7873,136,396,47,3,1,1,30,1904.36,0,579,57.46715328467153,45.34190476190476
15,0,41,3,11830,163,23,51,4,1,1,45,357.325,0,237,72.13414634146342,8.507738095238095
16,0,41,3,7083,84,120,41,2,1,1,25,862.515,0,245,83.32941176470588,20.53607142857143
31,1,37,2,1320,56,28,21,3,1,1,30,167.04,1,105,23.157894736842106,4.395789473684211
29,1,40,10,10800,102,13,46,5,2,1,55,183.03,0,161,104.85436893203884,4.464146341463414
21,0,40,3,6183,107,38,28,3,1,1,30,403.6,0,173,57.25,9.84390243902439
9,0,38,2,3205,31,12,18,3,1,1,30,177.44,0,61,100.15625,4.549743589743589
17,1,39,2,3355,50,21,20,3,1,1,30,220.2,1,91,65.7843137254902,5.505
17,0,40,2,2633,53,46,35,4,1,1,45,182.15,1,134,48.75925925925926,4.442682926829268
8,0,40,2,498,11,12,6,3,1,1,30,68.36,1,29,41.5,1.6673170731707316
9,0,40,2,2033,34,12,10,4,1,1,45,81.675,0,56,58.08571428571429,1.9920731707317072
11,0,37,3,7150,106,26,26,5,1,1,55,147.84,0,158,66.82242990654206,3.8905263157894736
8,1,40,2,993,16,21,8,4,1,1,45,77.725,1,45,58.411764705882355,1.895731707317073
8,0,40,3,703,13,16,6,5,1,1,55,34.74,0,35,50.214285714285715,0.8473170731707318
33,0,35,5,16440,247,12,84,2,2,1,25,804.915,0,343,66.29032258064517,22.35875
14,0,38,5,7330,125,283,37,3,2,1,30,1430.2,0,445,58.17460317460318,36.67179487179487
10,0,40,2,4083,91,14,32,3,1,1,30,222.96,0,137,44.380434782608695,5.438048780487805
11,0,39,2,2030,53,50,24,4,1,1,45,177.075,0,127,37.592592592592595,4.426875
14,0,40,2,3145,62,187,27,2,1,1,25,985.815,0,276,49.92063492063492,24.04426829268293
12,0,31,3,1680,45,205,15,3,2,1,30,889.0,0,265,36.52173913043478,27.78125
12,0,30,2,1933,48,42,72,5,1,1,55,92.715,0,162,39.44897959183673,2.990806451612903
19,0,31,2,1065,34,22,11,3,1,1,30,131.96,0,67,30.428571428571427,4.12375
8,0,30,2,1190,19,33,7,4,1,1,45,112.725,0,59,59.5,3.636290322580645
18,0,29,2,1590,41,31,17,2,1,1,25,212.895,0,89,37.857142857142854,7.096500000000001
10,0,29,2,3590,70,20,27,3,1,1,30,226.4,0,117,50.563380281690144,7.546666666666667
10,0,22,2,2060,35,40,18,3,1,1,30,243.8,0,93,57.22222222222222,10.6
24,0,21,3,6758,150,97,46,2,2,1,25,747.36,0,293,44.75496688741722,33.97090909090909
20,0,19,2,9298,180,85,44,5,1,1,55,269.67,0,309,51.370165745856355,13.483500000000001
16,0,20,5,3218,54,43,23,3,2,1,30,302.88,0,120,58.50909090909091,14.422857142857143
10,0,13,3,4755,49,227,14,3,1,1,30,1100.16,0,290,95.1,78.58285714285715
11,1,13,3,1853,28,12,11,3,1,1,30,123.24,1,51,63.89655172413793,8.802857142857142
10,0,38,1,4615,74,7,17,3,1,1,30,215.56,0,98,61.53333333333333,5.527179487179487
5,0,39,0,563,8,9,4,3,1,2,30,58.84,0,21,62.55555555555556,1.471
12,0,37,1,2698,63,361,24,3,1,1,30,1554.44,0,448,42.15625,40.90631578947369
12,0,38,1,4443,69,7,35,1,1,1,15,286.66,0,111,63.47142857142857,7.350256410256411
5,0,38,1,2638,61,7,33,2,1,1,25,152.955,0,101,42.54838709677419,3.9219230769230773
13,0,38,1,4020,85,34,28,3,1,1,30,300.2,0,147,46.74418604651163,7.697435897435897
6,0,38,1,2605,42,287,18,3,1,1,30,1253.88,0,347,60.58139534883721,32.150769230769235
15,0,37,2,9360,124,146,43,3,1,1,30,963.36,0,313,74.88,25.35157894736842
9,0,38,1,14018,172,7,44,3,1,1,30,595.6,0,223,81.02890173410404,15.271794871794873
9,0,38,1,4760,86,7,25,3,1,1,30,221.84,0,118,54.71264367816092,5.688205128205128
8,0,38,1,6163,98,9,12,3,1,1,30,286.44,0,119,62.25252525252525,7.344615384615385
11,0,38,0,2483,57,10,17,3,1,2,30,141.6,0,84,42.810344827586206,3.6307692307692307
27,0,38,3,15385,228,56,32,3,1,1,30,848.52,0,316,67.18340611353712,21.756923076923076
6,0,38,1,3340,30,485,8,3,1,1,30,2074.8,0,523,107.74193548387096,53.2
11,0,37,1,15730,185,152,30,2,1,1,25,1400.175,0,367,84.56989247311827,36.84671052631579
5,0,37,1,6745,89,188,26,3,1,1,30,1025.36,0,303,74.94444444444444,26.983157894736838
5,0,37,0,1120,17,7,11,2,1,2,25,82.665,0,35,62.22222222222222,2.1753947368421054
5,0,38,0,955,17,15,8,3,1,2,30,98.88,0,40,53.05555555555556,2.5353846153846153
5,0,37,0,305,6,7,2,2,1,2,25,45.495,1,15,43.57142857142857,1.197236842105263
5,0,37,1,7753,130,386,43,3,1,1,30,1859.32,0,559,59.18320610687023,48.92947368421053
9,0,37,1,11710,157,13,47,4,1,1,45,329.175,0,217,74.11392405063292,8.6625
10,0,37,1,6963,78,110,37,2,1,1,25,811.845,0,225,88.13924050632912,21.36434210526316
25,1,33,0,1200,50,18,17,3,1,2,30,122.0,1,85,23.529411764705884,3.588235294117647
23,0,36,8,10680,96,7,42,5,1,1,55,172.14,0,145,110.10309278350516,4.652432432432432
15,0,36,1,6063,101,28,24,2,1,1,25,403.38,0,153,59.44117647058823,10.902162162162162
5,0,34,1,3085,25,7,14,3,1,1,30,152.4,0,46,118.65384615384616,4.354285714285714
11,0,35,0,3235,44,11,16,3,1,2,30,175.16,1,71,71.88888888888889,4.865555555555556
11,1,36,0,2513,47,36,31,3,1,2,30,246.4,1,114,52.354166666666664,6.65945945945946
5,0,36,0,305,6,7,2,3,1,2,30,40.44,1,15,43.57142857142857,1.092972972972973
5,0,36,1,1913,28,7,6,4,1,1,45,66.025,0,41,65.96551724137932,1.7844594594594596
5,0,33,1,7030,100,16,22,5,1,1,55,130.95,0,138,69.60396039603961,3.8514705882352938
5,0,36,0,873,10,11,4,4,1,2,45,49.575,1,25,79.36363636363636,1.339864864864865
5,0,36,1,305,6,7,2,5,1,1,55,15.165,0,15,43.57142857142857,0.40986486486486484
27,0,31,3,16320,241,7,80,2,1,1,25,776.745,0,328,67.43801652892562,24.27328125
8,0,34,3,7210,119,273,33,2,2,1,25,1558.305,0,425,60.083333333333336,44.523
5,0,36,1,3963,85,7,28,3,1,1,30,189.92,0,120,46.08139534883721,5.132972972972973
5,0,35,0,1910,47,40,20,3,1,2,30,238.28,0,107,39.791666666666664,6.618888888888889
8,0,36,1,3025,56,177,23,2,1,1,25,935.145,0,256,53.07017543859649,25.27418918918919
6,0,27,1,1560,39,195,11,2,2,1,25,949.455,0,245,39.0,33.909107142857145
6,0,26,1,1813,42,32,68,4,1,1,45,126.375,0,142,42.16279069767442,4.680555555555555
13,0,27,0,945,28,12,7,3,1,2,30,86.92,0,47,32.58620689655172,3.1042857142857145
5,0,26,0,1070,13,23,3,4,1,2,45,84.575,0,39,76.42857142857143,3.1324074074074075
12,0,25,1,1470,35,21,13,2,1,1,25,162.225,0,69,40.833333333333336,6.239423076923076
5,0,25,1,3470,64,10,23,3,1,1,30,181.36,0,97,53.38461538461539,6.975384615384616
5,0,18,1,1940,29,30,14,2,1,1,25,223.605,0,73,64.66666666666667,11.768684210526315
18,0,17,1,6638,144,87,42,2,2,1,25,696.69,0,273,45.779310344827586,38.705000000000005
14,0,15,1,9178,174,75,40,5,1,1,55,252.78,0,289,52.44571428571429,15.79875
10,0,16,3,3098,48,33,19,3,1,1,30,257.84,0,100,63.224489795918366,15.16705882352941
5,0,9,1,4635,43,217,10,3,1,1,30,1055.12,0,270,105.3409090909091,105.51199999999999
5,1,9,1,1733,22,7,7,3,1,1,30,98.2,1,36,75.34782608695652,9.82
14,0,44,2,4755,79,22,23,3,1,1,30,281.36,0,124,59.4375,6.2524444444444445
6,0,45,0,703,13,24,10,3,1,2,30,124.64,0,47,50.214285714285715,2.7095652173913045
16,0,43,2,2838,68,376,30,3,1,1,30,1620.24,0,474,41.130434782608695,36.82363636363636
16,0,44,2,4583,74,18,41,1,1,1,15,355.135,0,133,61.10666666666667,7.8918888888888885
9,0,44,2,2778,66,19,39,2,1,1,25,213.48,0,124,41.46268656716418,4.744
17,0,44,3,4160,90,49,34,3,1,1,30,366.0,0,173,45.714285714285715,8.133333333333333
10,0,44,2,2745,47,302,24,4,1,1,45,824.8,0,373,57.1875,18.328888888888887
19,0,43,4,9500,129,161,49,3,1,1,30,1029.16,0,339,73.07692307692308,23.39
13,0,44,2,14158,177,17,50,3,1,1,30,641.4,0,244,79.53932584269663,14.253333333333332
13,0,44,3,4900,91,19,31,3,1,1,30,275.64,0,141,53.26086956521739,6.125333333333333
12,0,44,2,6303,103,24,18,3,1,1,30,352.24,0,145,60.60576923076923,7.827555555555556
15,1,44,0,2623,62,25,23,3,1,2,30,207.4,0,110,41.63492063492063,4.608888888888889
31,0,44,5,15525,233,71,38,3,1,1,30,914.32,0,342,66.34615384615384,20.318222222222225
10,0,44,3,3480,35,500,14,4,1,1,45,1337.875,0,549,96.66666666666667,29.730555555555554
15,0,43,2,15870,190,167,36,2,1,1,25,1474.2,0,393,83.08900523560209,33.50454545454546
9,0,43,3,6885,94,203,32,3,1,1,30,1091.16,0,329,72.47368421052632,24.79909090909091
6,0,43,0,1260,22,17,17,2,1,2,25,134.19,0,56,54.78260869565217,3.0497727272727273
8,0,44,0,1095,22,30,14,3,1,2,30,164.68,0,66,47.608695652173914,3.659555555555556
6,0,43,0,385,8,17,6,2,1,2,25,94.185,1,31,42.77777777777778,2.140568181818182
9,0,43,2,7893,135,401,49,3,1,1,30,1925.12,0,585,58.036764705882355,43.75272727272727
13,0,43,3,11850,162,28,53,4,1,1,45,370.3,0,243,72.69938650306749,8.415909090909091
14,0,43,3,7103,83,125,43,2,1,1,25,885.87,0,251,84.55952380952381,20.13340909090909
29,1,39,0,1340,55,33,23,3,1,2,30,187.8,1,111,23.928571428571427,4.695
27,0,42,10,10820,101,18,48,5,1,1,55,190.815,0,167,106.07843137254902,4.437558139534883
19,0,42,3,6203,106,43,30,3,1,1,30,424.36,0,179,57.97196261682243,9.868837209302326
7,0,40,2,3225,30,17,20,3,1,1,30,198.2,0,67,104.03225806451613,4.8341463414634145
15,1,41,0,3375,49,26,22,3,1,2,30,240.96,1,97,67.5,5.7371428571428575
15,1,42,0,2653,52,51,37,4,1,2,45,195.125,1,140,50.056603773584904,4.537790697674419
6,0,42,0,518,10,17,8,3,1,2,30,89.12,1,35,47.09090909090909,2.072558139534884
7,0,42,2,2053,33,17,12,4,1,1,45,94.65,0,62,60.38235294117647,2.2011627906976745
9,0,39,3,7170,105,31,28,5,1,1,55,155.625,0,164,67.64150943396227,3.890625
6,1,42,0,1013,15,26,10,4,1,2,45,90.7,1,51,63.3125,2.1093023255813956
6,0,42,3,723,12,21,8,5,1,1,55,42.525,0,41,55.61538461538461,0.988953488372093
31,0,37,5,16460,246,17,86,2,1,1,25,828.27,0,349,66.63967611336032,21.79657894736842
12,0,40,5,7350,124,288,39,3,2,1,30,1450.96,0,451,58.8,35.38926829268293
8,0,42,2,4103,90,19,34,3,1,1,30,243.72,0,143,45.08791208791209,5.667906976744186
9,1,41,0,2050,52,55,26,4,1,2,45,190.05,0,133,38.679245283018865,4.525
12,0,42,2,3165,61,192,29,2,1,1,25,1009.17,0,282,51.04838709677419,23.46906976744186
10,0,33,3,1700,44,210,17,3,2,1,30,909.76,0,271,37.77777777777778,26.75764705882353
10,0,32,2,1953,47,47,74,5,1,1,55,100.5,0,168,40.6875,3.0454545454545454
17,0,33,0,1085,33,27,13,3,1,2,30,152.72,0,73,31.91176470588235,4.491764705882353
6,0,32,0,1210,18,38,9,4,1,2,45,125.7,0,65,63.68421052631579,3.809090909090909
16,0,31,2,1610,40,36,19,2,1,1,25,236.25,0,95,39.26829268292683,7.3828125
8,0,31,2,3610,69,25,29,3,1,1,30,247.16,0,123,51.57142857142857,7.72375
8,0,24,2,2080,34,45,20,3,1,1,30,264.56,0,99,59.42857142857143,10.5824
22,0,23,3,6778,149,102,48,2,2,1,25,770.715,0,299,45.18666666666667,32.113125000000004
18,0,21,2,9318,179,90,46,5,1,1,55,277.455,0,315,51.766666666666666,12.611590909090909
14,0,22,5,3238,53,48,25,3,2,1,30,323.64,0,126,59.96296296296296,14.071304347826086
8,0,15,3,4775,48,232,16,3,1,1,30,1120.92,0,296,97.44897959183673,70.0575
9,1,15,3,1873,27,17,13,3,1,1,30,144.0,1,57,66.89285714285714,9.0
12,0,36,1,4595,75,7,15,3,1,1,30,214.8,0,97,60.46052631578947,5.805405405405406
5,0,37,0,305,6,7,2,3,1,2,30,40.44,0,15,43.57142857142857,1.0642105263157895
14,0,35,1,2678,64,356,22,3,1,1,30,1533.68,0,442,41.2,42.602222222222224
14,0,36,1,4423,70,7,33,2,1,1,25,233.685,0,110,62.29577464788732,6.315810810810811
7,0,36,1,2618,62,7,31,2,1,1,25,152.1,0,100,41.55555555555556,4.11081081081081
15,0,36,1,4000,86,29,26,3,1,1,30,279.44,0,141,45.97701149425287,7.552432432432433
8,0,36,1,2585,43,282,16,3,1,1,30,1233.12,0,341,58.75,33.32756756756756
17,0,35,2,9340,125,141,41,3,1,1,30,942.6,0,307,74.12698412698413,26.183333333333334
11,0,36,1,13998,173,7,42,3,1,1,30,594.84,0,222,80.44827586206897,16.076756756756758
11,0,36,1,4740,87,7,23,3,1,1,30,221.08,0,117,53.86363636363637,5.975135135135136
10,0,36,1,6143,99,7,10,3,1,1,30,277.68,0,116,61.43,7.5048648648648655
13,0,36,0,2463,58,7,15,3,1,2,30,128.84,0,80,41.74576271186441,3.482162162162162
29,0,36,3,15365,229,51,30,3,1,1,30,827.76,0,310,66.80434782608695,22.37189189189189
8,0,36,1,3320,31,480,6,3,1,1,30,2054.04,0,517,103.75,55.51459459459459
13,0,35,1,15710,186,147,28,2,1,1,25,1376.82,0,361,84.01069518716578,38.245
7,0,35,1,6725,90,183,24,3,1,1,30,1004.6,0,297,73.9010989010989,27.905555555555555
5,0,35,0,1100,18,7,9,2,1,2,25,81.81,0,34,57.89473684210526,2.2725
6,0,36,0,935,18,10,6,3,1,2,30,78.12,0,34,49.21052631578947,2.1113513513513515
5,0,35,0,305,6,7,2,2,1,2,25,45.495,1,15,43.57142857142857,1.26375
7,0,35,1,7733,131,381,41,3,1,1,30,1838.56,0,553,58.583333333333336,51.07111111111111
11,0,35,1,11690,158,8,45,4,1,1,45,316.2,0,211,73.52201257861635,8.783333333333333
12,0,35,1,6943,79,105,35,2,1,1,25,788.49,0,219,86.7875,21.9025
27,1,31,0,1180,51,13,15,3,1,2,30,101.24,1,79,22.692307692307693,3.16375
25,0,34,8,10660,97,7,40,5,1,1,55,171.855,0,144,108.77551020408163,4.910142857142857
17,0,34,1,6043,102,23,22,2,1,1,25,380.025,0,147,58.66990291262136,10.857857142857142
5,0,32,1,3065,26,7,12,3,1,1,30,151.64,0,45,113.51851851851852,4.595151515151515
13,1,33,0,3215,45,7,14,3,1,2,30,158.4,1,66,69.8913043478261,4.658823529411765
13,1,34,0,2493,48,31,29,3,1,2,30,225.64,1,108,50.87755102040816,6.446857142857143
5,0,34,0,305,6,7,2,3,1,2,30,40.44,1,15,43.57142857142857,1.1554285714285715
5,0,34,1,1893,29,7,4,4,1,1,45,65.55,0,40,63.1,1.8728571428571428
7,0,31,1,7010,101,11,20,5,1,1,55,123.165,0,132,68.72549019607843,3.84890625
5,0,34,0,305,6,7,2,4,1,2,45,25.275,1,15,43.57142857142857,0.7221428571428571
5,0,34,1,305,6,7,2,5,1,1,55,15.165,0,15,43.57142857142857,0.4332857142857143
29,0,29,3,16300,242,7,78,2,1,1,25,775.89,0,327,67.07818930041152,25.863
10,0,32,3,7190,120,268,31,3,2,1,30,1364.4,0,419,59.421487603305785,41.34545454545455
6,0,34,1,3943,86,7,26,3,1,1,30,189.16,0,119,45.32183908045977,5.404571428571429
7,0,33,0,1890,48,35,18,3,1,2,30,217.52,0,101,38.57142857142857,6.39764705882353
10,0,34,1,3005,57,172,21,2,1,1,25,911.79,0,250,51.810344827586206,26.051142857142857
8,0,25,1,1540,40,190,9,3,2,1,30,823.2,0,239,37.5609756097561,31.661538461538463
8,0,24,1,1793,43,27,66,4,1,1,45,113.4,0,136,40.75,4.5360000000000005
15,0,25,0,925,29,7,5,3,1,2,30,66.16,0,41,30.833333333333332,2.5446153846153843
5,0,24,0,305,6,18,2,4,1,2,45,52.775,0,26,43.57142857142857,2.1109999999999998
14,0,23,1,1450,36,16,11,2,1,1,25,138.87,0,63,39.189189189189186,5.78625
6,0,23,1,3450,65,7,21,3,1,1,30,168.6,0,93,52.27272727272727,7.0249999999999995
6,0,16,1,1920,30,25,12,2,1,1,25,200.25,0,67,61.935483870967744,11.779411764705882
20,0,15,1,6618,145,82,40,2,2,1,25,673.335,0,267,45.32876712328767,42.0834375
16,0,13,1,9158,175,70,38,5,1,1,55,244.995,0,283,52.03409090909091,17.499642857142856
12,0,14,3,3078,49,28,17,3,1,1,30,237.08,0,94,61.56,15.805333333333333
6,0,7,1,4615,44,212,8,3,1,1,30,1034.36,0,264,102.55555555555556,129.295
7,1,7,1,1713,23,7,5,3,1,1,30,97.44,1,35,71.375,12.18
18,0,46,2,4935,87,27,25,3,1,1,30,308.88,0,139,56.07954545454545,6.571914893617021
10,0,47,0,883,21,29,12,3,1,2,30,152.16,0,62,40.13636363636363,3.17
20,0,45,2,3018,76,381,32,3,1,1,30,1647.76,0,489,39.1948051948052,35.82086956521739
20,0,46,2,4763,82,23,43,1,1,1,15,392.975,0,148,57.3855421686747,8.361170212765957
13,0,46,2,2958,74,24,41,2,1,1,25,244.44,0,139,39.44,5.200851063829787
21,0,46,3,4340,98,54,36,3,1,1,30,393.52,0,188,43.83838383838384,8.372765957446807
14,0,46,2,2925,55,307,26,4,1,1,45,842.0,0,388,52.232142857142854,17.914893617021278
23,0,45,4,9680,137,166,51,3,1,1,30,1056.68,0,354,70.14492753623189,22.971304347826088
17,0,46,2,14338,185,22,52,3,1,1,30,668.92,0,259,77.08602150537635,14.232340425531914
17,0,46,3,5080,99,24,33,4,1,1,45,189.475,0,156,50.8,4.031382978723404
16,0,46,2,6483,111,29,20,3,1,1,30,379.76,0,160,57.88392857142857,8.08
19,0,46,0,2803,70,30,25,4,1,2,45,146.825,0,125,39.478873239436616,3.1239361702127657
35,0,46,5,15705,241,76,40,3,1,1,30,941.84,0,357,64.89669421487604,20.039148936170214
14,0,46,3,3660,43,505,16,4,1,1,45,1355.075,0,564,83.18181818181819,28.831382978723404
19,0,45,2,16050,198,172,38,2,1,1,25,1505.16,0,408,80.65326633165829,32.72086956521739
13,0,45,3,7065,102,208,34,4,1,1,45,699.175,0,344,68.59223300970874,15.19945652173913
10,0,45,0,1440,30,22,19,3,1,2,30,146.8,0,71,46.45161290322581,3.191304347826087
12,0,46,0,1275,30,35,16,3,1,2,30,192.2,0,81,41.12903225806452,4.089361702127659
10,0,45,0,565,16,22,8,3,1,2,30,111.24,1,46,33.23529411764706,2.4182608695652172
13,0,45,2,8073,143,406,51,3,1,1,30,1952.64,0,600,56.0625,42.44869565217392
17,0,45,3,12030,170,33,55,4,1,1,45,387.5,0,258,70.35087719298245,8.423913043478262
18,0,45,3,7283,91,130,45,2,1,1,25,916.83,0,266,79.16304347826087,19.93108695652174
33,1,41,0,1520,63,38,25,3,1,2,30,215.32,1,126,23.75,5.126666666666667
31,0,44,10,11000,109,23,50,5,1,1,55,201.135,0,182,100.0,4.469666666666667
23,0,44,3,6383,114,48,32,3,1,1,30,451.88,0,194,55.504347826086956,10.041777777777778
11,0,42,2,3405,38,22,22,4,1,1,45,141.075,0,82,87.3076923076923,3.280813953488372
19,1,43,0,3555,57,31,24,3,1,2,30,268.48,1,112,61.293103448275865,6.1018181818181825
19,1,44,0,2833,60,56,39,4,1,2,45,212.325,1,155,46.442622950819676,4.718333333333333
10,0,44,0,698,18,22,10,3,1,2,30,116.64,1,50,36.73684210526316,2.592
11,0,44,2,2233,41,22,14,4,1,1,45,111.85,0,77,53.166666666666664,2.4855555555555555
13,0,41,3,7350,113,36,30,5,1,1,55,165.945,0,179,64.47368421052632,3.9510714285714283
10,1,44,0,1193,23,31,12,4,1,2,45,107.9,1,66,49.708333333333336,2.397777777777778
10,0,44,3,903,20,26,10,5,1,1,55,52.845,0,56,43.0,1.1743333333333332
35,0,39,5,16640,254,22,88,2,2,1,25,859.23,0,364,65.25490196078431,21.48075
16,1,42,5,7530,132,293,41,3,2,1,30,1478.48,0,466,56.61654135338346,34.38325581395349
12,0,44,2,4283,98,24,36,3,1,1,30,271.24,0,158,43.26262626262626,6.027555555555556
13,0,43,0,2230,60,60,28,4,1,2,45,207.25,0,148,36.557377049180324,4.7102272727272725
16,0,44,2,3345,69,197,31,2,1,1,25,1040.13,0,297,47.785714285714285,23.114
14,0,35,3,1880,52,215,19,3,2,1,30,937.28,0,286,35.471698113207545,26.035555555555554
14,0,34,2,2133,55,52,76,5,1,1,55,110.82,0,183,38.089285714285715,3.166285714285714
21,0,35,0,1265,41,32,15,3,1,2,30,180.24,0,88,30.11904761904762,5.006666666666667
10,0,34,0,1390,26,43,11,4,1,2,45,142.9,0,80,51.48148148148148,4.082857142857143
20,0,33,2,1790,48,41,21,2,1,1,25,267.21,0,110,36.53061224489796,7.859117647058823
12,0,33,2,3790,77,30,31,4,1,1,45,171.675,0,138,48.58974358974359,5.049264705882353
12,0,26,2,2260,42,50,22,3,1,1,30,292.08,0,114,52.55813953488372,10.817777777777778
26,0,25,3,6958,157,107,50,2,2,1,25,801.675,0,314,44.037974683544306,30.833653846153844
22,0,23,2,9498,187,95,48,5,1,1,55,287.775,0,330,50.52127659574468,11.990625
18,0,24,5,3418,61,53,27,4,2,1,45,219.475,0,141,55.12903225806452,8.779
12,0,17,3,4955,56,237,18,3,1,1,30,1148.44,0,311,86.9298245614035,63.80222222222223
13,0,17,3,2053,35,22,15,3,1,1,30,171.52,1,72,57.02777777777778,9.52888888888889
8,0,34,1,4415,67,7,13,3,1,1,30,207.28,0,87,64.92647058823529,5.922285714285715
5,0,35,0,305,6,7,2,2,1,2,25,45.495,0,15,43.57142857142857,1.26375
10,0,33,1,2498,56,351,20,3,1,1,30,1506.16,0,427,43.824561403508774,44.29882352941177
10,0,34,1,4243,62,7,31,2,1,1,25,225.225,0,100,67.34920634920636,6.435
5,0,34,1,2438,54,7,29,1,1,1,15,175.56,0,90,44.32727272727273,5.016
11,0,34,1,3820,78,24,24,3,1,1,30,251.92,0,126,48.35443037974684,7.1977142857142855
5,0,34,1,2405,35,277,14,3,1,1,30,1205.6,0,326,66.80555555555556,34.44571428571428
13,0,33,2,9160,117,136,39,3,1,1,30,915.08,0,292,77.62711864406779,26.914117647058823
7,0,34,1,13818,165,7,40,3,1,1,30,587.32,0,212,83.24096385542168,16.78057142857143
7,0,34,1,4560,79,7,21,3,1,1,30,213.56,0,107,57.0,6.101714285714285
6,0,34,1,5963,91,7,8,3,1,1,30,270.16,0,106,64.81521739130434,7.718857142857144
9,0,34,0,2283,50,7,13,3,1,2,30,121.32,0,70,44.76470588235294,3.466285714285714
25,0,34,3,15185,221,46,28,3,1,1,30,800.24,0,295,68.40090090090091,22.864
5,0,34,1,3140,23,475,4,3,1,1,30,2026.52,0,502,130.83333333333334,57.900571428571425
9,0,33,1,15530,178,142,26,2,1,1,25,1345.86,0,346,86.75977653631286,39.58411764705882
5,0,33,1,6545,82,178,22,3,1,1,30,977.08,0,282,78.855421686747,28.73764705882353
5,0,33,0,920,10,7,7,2,1,2,25,73.35,0,24,83.63636363636364,2.1573529411764705
5,0,34,0,755,10,7,4,3,1,2,30,58.6,0,21,68.63636363636364,1.6742857142857144
5,0,33,0,305,6,7,2,2,1,2,25,45.495,1,15,43.57142857142857,1.3380882352941175
5,0,33,1,7553,123,376,39,2,1,1,25,2037.42,0,538,60.91129032258065,59.92411764705883
7,0,33,1,11510,150,7,43,4,1,1,45,309.0,0,200,76.2251655629139,9.088235294117647
8,0,33,1,6763,71,100,33,2,1,1,25,757.53,0,204,93.93055555555556,22.28029411764706
23,0,29,0,1000,43,8,13,2,1,2,25,82.935,1,64,22.727272727272727,2.7645
21,0,32,8,10480,89,7,38,5,1,1,55,169.035,0,134,116.44444444444444,5.122272727272727
13,0,32,1,5863,94,18,20,2,1,1,25,349.065,1,132,61.71578947368421,10.577727272727273
5,0,30,1,2885,18,7,10,3,1,1,30,144.12,0,35,151.8421052631579,4.6490322580645165
9,0,31,0,3035,37,7,12,3,1,2,30,150.88,1,56,79.86842105263158,4.715
9,1,32,0,2313,40,26,27,3,1,2,30,198.12,1,93,56.41463414634146,6.003636363636364
5,0,32,0,305,6,7,2,3,1,2,30,40.44,1,15,43.57142857142857,1.2254545454545454
5,0,32,1,305,6,7,2,3,1,1,30,40.44,0,15,43.57142857142857,1.2254545454545454
5,0,29,1,6830,93,7,18,5,1,1,55,114.345,0,118,72.65957446808511,3.8115
5,0,32,0,305,6,7,2,4,1,2,45,25.275,1,15,43.57142857142857,0.7659090909090909
5,0,32,1,305,6,7,2,5,1,1,55,15.165,1,15,43.57142857142857,0.45954545454545453
25,0,27,3,16120,234,7,76,2,1,1,25,767.43,0,317,68.59574468085107,27.408214285714283
6,0,30,3,7010,112,263,29,2,2,1,25,1503.99,0,404,62.0353982300885,48.5158064516129
5,0,32,1,3763,78,7,24,2,1,1,25,204.345,0,109,47.63291139240506,6.192272727272727
5,0,31,0,1710,40,30,16,3,1,2,30,190.0,0,86,41.707317073170735,5.9375
6,0,32,1,2825,49,167,19,2,1,1,25,880.83,0,235,56.5,26.69181818181818
5,0,23,1,1360,32,185,7,2,2,1,25,895.14,0,224,41.21212121212121,37.2975
5,0,22,1,1613,35,22,64,4,1,1,45,96.2,0,121,44.80555555555556,4.182608695652174
11,0,23,0,745,21,7,3,2,1,2,25,65.97,0,31,33.86363636363637,2.74875
5,0,22,0,305,6,13,2,4,1,2,45,40.275,0,21,43.57142857142857,1.751086956521739
10,0,21,1,1270,28,11,9,2,1,1,25,107.91,0,48,43.793103448275865,4.905
5,0,21,1,3270,57,7,19,3,1,1,30,161.08,0,83,56.37931034482759,7.321818181818182
5,0,14,1,1740,22,20,10,2,1,1,25,169.29,0,52,75.65217391304348,11.286
16,0,13,1,6438,137,77,38,2,2,1,25,642.375,0,252,46.65217391304348,45.88392857142857
12,0,11,1,8978,167,65,36,4,1,1,45,391.125,0,268,53.44047619047619,32.59375
8,0,12,3,2898,41,23,15,3,1,1,30,209.56,0,79,69.0,16.12
5,0,5,1,4435,36,207,6,3,1,1,30,1006.84,0,249,119.86486486486487,167.80666666666667
5,1,5,0,1533,15,7,3,3,1,1,30,89.92,1,25,95.8125,14.986666666666666
15,0,43,1,4855,85,23,24,3,1,1,30,289.6,0,132,56.45348837209303,6.581818181818182
7,0,44,0,803,19,25,11,3,1,2,30,132.88,0,55,40.15,2.952888888888889
17,0,42,1,2938,74,377,31,3,1,1,30,1628.48,0,482,39.17333333333333,37.87162790697675
17,0,43,1,4683,80,19,42,1,1,1,15,366.465,0,141,57.81481481481482,8.32875
10,0,43,1,2878,72,20,40,2,1,1,25,222.75,0,132,39.42465753424658,5.0625
18,0,43,2,4260,96,50,35,3,1,1,30,374.24,0,181,43.91752577319588,8.505454545454546
11,0,43,1,2845,53,303,25,3,1,1,30,1327.92,0,381,52.68518518518518,30.180000000000003
20,0,42,3,9600,135,162,50,3,1,1,30,1037.4,0,347,70.58823529411765,24.12558139534884
14,0,43,1,14258,183,18,51,3,1,1,30,649.64,0,252,77.48913043478261,14.764545454545454
14,0,43,2,5000,97,20,32,3,1,1,30,283.88,0,149,51.02040816326531,6.451818181818182
13,0,43,1,6403,109,25,19,3,1,1,30,360.48,0,153,58.20909090909091,8.192727272727273
16,1,43,0,2723,68,26,24,3,1,2,30,215.64,0,118,39.46376811594203,4.90090909090909
32,0,43,4,15625,239,72,39,3,1,1,30,922.56,0,350,65.10416666666667,20.967272727272725
11,0,43,2,3580,41,501,15,3,1,1,30,2148.84,0,557,85.23809523809524,48.83727272727273
16,0,42,1,15970,196,168,37,2,1,1,25,1483.47,0,401,81.06598984771574,34.4993023255814
10,0,42,2,6985,100,204,33,3,1,1,30,1099.4,0,337,69.15841584158416,25.56744186046512
7,0,42,0,1360,28,18,18,2,1,2,25,143.46,0,64,46.89655172413793,3.3362790697674423
9,0,43,0,1195,28,31,15,3,1,2,30,172.92,0,74,41.206896551724135,3.9299999999999997
7,0,42,0,485,14,18,7,2,1,2,25,103.455,1,39,32.333333333333336,2.4059302325581395
10,0,42,1,7993,141,402,50,3,1,1,30,1933.36,0,593,56.2887323943662,44.961860465116274
14,0,42,2,11950,168,29,54,4,1,1,45,375.45,0,251,70.71005917159763,8.731395348837209
15,0,42,2,7203,89,126,44,2,1,1,25,895.14,0,259,80.03333333333333,20.81720930232558
30,0,38,0,1440,61,34,24,3,1,2,30,196.04,1,119,23.225806451612904,5.026666666666666
28,0,41,9,10920,107,19,49,5,2,1,55,193.905,0,175,101.11111111111111,4.616785714285714
20,0,41,2,6303,112,44,31,2,1,1,25,486.675,0,187,55.7787610619469,11.5875
8,0,39,1,3325,36,18,21,3,1,1,30,206.44,0,75,89.86486486486487,5.161
16,1,40,0,3475,55,27,23,3,1,2,30,249.2,1,105,62.05357142857143,6.078048780487805
16,1,41,0,2753,58,52,38,4,1,2,45,200.275,1,148,46.66101694915254,4.768452380952381
7,1,41,0,618,16,18,9,3,1,2,30,97.36,1,43,36.35294117647059,2.318095238095238
8,0,41,1,2153,39,18,13,4,1,1,45,99.8,0,70,53.825,2.376190476190476
10,0,38,2,7270,111,32,29,5,1,1,55,158.715,0,172,64.91071428571429,4.069615384615385
7,0,41,0,1113,21,27,11,4,1,2,45,95.85,1,59,50.59090909090909,2.282142857142857
7,0,41,2,823,18,22,9,5,1,1,55,45.615,0,49,43.31578947368421,1.0860714285714286
32,1,36,4,16560,252,18,87,2,2,1,25,837.54,0,357,65.45454545454545,22.636216216216216
13,0,39,4,7450,130,289,40,3,2,1,30,1459.2,0,459,56.87022900763359,36.480000000000004
9,0,41,1,4203,96,20,35,3,1,1,30,251.96,0,151,43.329896907216494,5.999047619047619
10,0,40,0,2150,58,56,27,3,1,2,30,312.32,0,141,36.440677966101696,7.617560975609756
13,0,41,1,3265,67,193,30,2,1,1,25,1018.44,0,290,48.01470588235294,24.24857142857143
11,0,32,2,1800,50,211,18,3,2,1,30,918.0,0,279,35.294117647058826,27.818181818181817
11,0,31,1,2053,53,48,75,5,1,1,55,103.59,0,176,38.01851851851852,3.2371875
18,0,32,0,1185,39,28,14,3,1,2,30,160.96,0,81,29.625,4.877575757575758
7,0,31,0,1310,24,39,10,4,1,2,45,130.85,0,73,52.4,4.0890625
17,0,30,1,1710,46,37,20,2,1,1,25,245.52,0,103,36.38297872340426,7.92
9,0,30,1,3710,75,26,30,3,1,1,30,255.4,0,131,48.81578947368421,8.238709677419354
9,0,23,1,2180,40,46,21,3,1,1,30,272.8,0,107,53.170731707317074,11.366666666666667
23,0,22,2,6878,155,103,49,2,2,1,25,779.985,0,307,44.08974358974359,33.91239130434783
19,0,20,1,9418,185,91,47,5,1,1,55,280.545,0,323,50.634408602150536,13.359285714285715
15,0,21,4,3338,59,49,26,3,1,1,30,331.88,0,134,55.63333333333333,15.085454545454546
9,0,14,2,4875,54,233,17,3,1,1,30,1129.16,0,304,88.63636363636364,75.27733333333335
10,0,14,2,1973,33,18,14,3,1,1,30,152.24,1,65,58.029411764705884,10.149333333333335
11,0,37,1,4495,69,7,14,3,1,1,30,210.56,0,90,64.21428571428571,5.541052631578947
5,0,38,0,305,6,7,2,3,1,2,30,40.44,0,15,43.57142857142857,1.0369230769230768
13,0,36,1,2578,58,355,21,3,1,1,30,1525.44,0,434,43.69491525423729,41.22810810810811
13,0,37,1,4323,64,7,32,1,1,1,15,279.785,0,103,66.50769230769231,7.3627631578947375
6,0,37,1,2518,56,7,30,2,1,1,25,147.33,0,93,44.175438596491226,3.8771052631578953
14,0,37,2,3900,80,28,25,3,1,1,30,271.2,0,133,48.148148148148145,7.136842105263158
7,0,37,1,2485,37,281,15,3,1,1,30,1224.88,0,333,65.39473684210526,32.23368421052632
16,0,36,3,9240,119,140,40,3,1,1,30,934.36,0,299,77.0,25.252972972972973
10,0,37,1,13898,167,7,41,3,1,1,30,590.6,0,215,82.72619047619048,15.542105263157895
10,0,37,2,4640,81,7,22,3,1,1,30,216.84,0,110,56.58536585365854,5.706315789473685
9,0,37,1,6043,93,7,9,3,1,1,30,273.44,0,109,64.2872340425532,7.1957894736842105
12,0,37,0,2363,52,7,14,3,1,2,30,124.6,0,73,44.58490566037736,3.2789473684210524
28,0,37,4,15265,223,50,29,3,2,1,30,819.52,0,302,68.14732142857143,21.566315789473684
7,0,37,2,3220,25,479,5,3,1,1,30,2045.8,0,509,123.84615384615384,53.83684210526316
12,0,36,1,15610,180,146,27,2,1,1,25,1367.55,0,353,86.24309392265194,36.96081081081081
6,0,36,2,6625,84,182,23,3,1,1,30,996.36,0,289,77.94117647058823,26.92864864864865
5,0,36,0,1000,12,7,8,2,1,2,25,77.04,0,27,76.92307692307692,2.082162162162162
5,0,37,0,835,12,9,5,3,1,2,30,69.88,0,26,64.23076923076923,1.8389473684210524
5,0,36,0,305,6,7,2,2,1,2,25,45.495,1,15,43.57142857142857,1.2295945945945945
6,0,36,1,7633,125,380,40,3,1,1,30,1830.32,0,545,60.57936507936508,49.468108108108105
10,0,36,2,11590,152,7,44,4,1,1,45,311.05,0,203,75.7516339869281,8.406756756756756
11,0,36,2,6843,73,104,34,2,1,1,25,779.22,0,211,92.47297297297297,21.060000000000002
26,1,32,0,1080,45,12,14,3,1,2,30,93.0,1,71,23.47826086956522,2.8181818181818183
24,0,35,9,10560,91,7,39,5,1,1,55,170.265,0,137,114.78260869565217,4.729583333333333
16,0,35,2,5943,96,22,21,2,1,1,25,370.755,1,139,61.2680412371134,10.29875
5,0,33,1,2965,20,7,11,3,1,1,30,147.4,0,38,141.1904761904762,4.335294117647059
12,1,34,0,3115,39,7,13,3,1,2,30,154.16,1,59,77.875,4.404571428571429
12,0,35,0,2393,42,30,28,4,1,2,45,135.875,1,100,55.651162790697676,3.7743055555555554
5,1,35,0,305,6,7,2,3,1,2,30,40.44,1,15,43.57142857142857,1.1233333333333333
5,0,35,1,1793,23,7,3,4,1,1,45,62.9,0,33,74.70833333333333,1.7472222222222222
6,0,32,2,6910,95,10,19,5,1,1,55,120.075,0,124,71.97916666666667,3.6386363636363637
5,0,35,0,305,6,7,2,4,1,2,45,25.275,1,15,43.57142857142857,0.7020833333333333
5,0,35,1,305,6,7,2,5,1,1,55,15.165,0,15,43.57142857142857,0.42124999999999996
28,0,30,4,16200,236,7,77,2,2,1,25,771.12,0,320,68.35443037974683,24.87483870967742
9,0,33,4,7090,114,267,30,3,2,1,30,1356.16,0,411,61.65217391304348,39.887058823529415
5,0,35,1,3843,80,7,25,3,1,1,30,184.92,0,112,47.44444444444444,5.136666666666667
6,0,34,0,1790,42,34,17,3,1,2,30,209.28,0,93,41.627906976744185,5.9794285714285715
9,0,35,1,2905,51,171,20,2,1,1,25,902.52,0,242,55.86538461538461,25.07
7,0,26,2,1440,34,189,8,3,2,1,30,814.96,0,231,41.142857142857146,30.183703703703706
7,0,25,1,1693,37,26,65,5,1,1,55,64.95,0,128,44.55263157894737,2.498076923076923
14,0,26,0,825,23,7,4,3,1,2,30,61.92,0,34,34.375,2.2933333333333334
5,0,25,0,305,6,17,2,4,1,2,45,50.275,0,25,43.57142857142857,1.9336538461538462
13,0,24,1,1350,30,15,10,2,1,1,25,129.6,0,55,43.54838709677419,5.184
5,0,24,1,3350,59,7,20,3,1,1,30,164.36,0,86,55.833333333333336,6.574400000000001
5,0,17,1,1820,24,24,11,3,1,1,30,169.76,0,59,72.8,9.431111111111111
19,0,16,2,6518,139,81,39,2,2,1,25,664.065,0,259,46.55714285714286,39.06264705882353
15,0,14,1,9058,169,69,37,5,1,1,55,241.905,0,275,53.28235294117647,16.127
11,0,15,4,2978,43,27,16,3,1,1,30,228.84,0,86,67.68181818181819,14.3025
5,0,8,2,4515,38,211,7,3,1,1,30,1026.12,0,256,115.76923076923077,114.01333333333332
6,1,8,2,1613,17,7,4,3,1,1,30,93.2,1,28,89.61111111111111,10.355555555555556
17,0,40,3,5275,87,33,34,3,1,1,30,346.48,0,154,59.94318181818182,8.450731707317074
9,0,41,0,1223,21,35,21,3,1,2,30,189.76,0,77,55.59090909090909,4.5180952380952375
19,0,39,3,3358,76,387,41,3,1,1,30,1685.36,0,504,43.61038961038961,42.134
19,0,40,3,5103,82,29,52,1,1,1,15,444.675,0,163,61.48192771084337,10.845731707317073
12,0,40,3,3298,74,30,50,2,1,1,25,286.74,0,154,43.973333333333336,6.993658536585366
20,0,40,4,4680,98,60,45,3,1,1,30,431.12,0,203,47.27272727272727,10.515121951219513
13,0,40,3,3265,55,313,35,4,1,1,45,865.5,0,403,58.30357142857143,21.109756097560975
22,1,39,5,10020,137,172,60,3,1,1,30,1094.28,0,369,72.6086956521739,27.357
16,0,40,3,14678,185,28,61,3,1,1,30,706.52,0,274,78.91397849462365,17.232195121951218
16,0,40,4,5420,99,30,42,3,1,1,30,340.76,0,171,54.2,8.311219512195121
15,0,40,3,6823,111,35,29,3,1,1,30,417.36,0,175,60.919642857142854,10.179512195121951
18,0,40,0,3143,70,36,34,3,1,2,30,272.52,0,140,44.267605633802816,6.646829268292683
34,1,40,6,16045,241,82,49,3,2,1,30,979.44,0,372,66.30165289256199,23.88878048780488
13,0,40,4,4000,43,511,25,4,1,1,45,1378.575,0,579,90.9090909090909,33.62378048780488
18,0,39,3,16390,198,178,47,2,1,1,25,1547.46,0,423,82.36180904522612,38.6865
12,0,39,4,7405,102,214,43,3,1,1,30,1156.28,0,359,71.89320388349515,28.907
9,0,39,0,1780,30,28,28,2,1,2,25,207.45,0,86,57.41935483870968,5.186249999999999
11,0,40,0,1615,30,41,25,3,1,2,30,229.8,0,96,52.096774193548384,5.604878048780488
9,1,39,0,905,16,28,17,2,1,2,25,167.445,1,61,53.23529411764706,4.186125
12,0,39,3,8413,143,412,60,3,1,1,30,1990.24,0,615,58.423611111111114,49.756
16,0,39,4,12370,170,39,64,4,1,1,45,411.0,0,273,72.3391812865497,10.275
17,0,39,4,7623,91,136,54,2,2,1,25,959.13,0,281,82.8586956521739,23.97825
32,1,35,0,1860,63,44,34,3,1,2,30,252.92,1,141,29.0625,7.025555555555555
30,0,38,1,11340,109,29,59,5,1,1,55,215.235,0,197,103.0909090909091,5.518846153846154
22,0,38,4,6723,114,54,41,3,1,1,30,489.48,0,209,58.46086956521739,12.550769230769232
10,0,36,3,3745,38,28,31,3,1,1,30,263.32,0,97,96.02564102564102,7.1167567567567565
18,1,37,0,3895,57,37,33,3,1,2,30,306.08,1,127,67.15517241379311,8.054736842105262
18,0,38,0,3173,60,62,48,4,1,2,45,235.825,1,170,52.01639344262295,6.046794871794871
9,0,38,0,1038,18,28,19,3,1,2,30,154.24,1,65,54.63157894736842,3.9548717948717953
10,0,38,3,2573,41,28,23,4,1,1,45,135.35,0,92,61.26190476190476,3.47051282051282
12,0,35,4,7690,113,42,39,5,1,1,55,180.045,0,194,67.45614035087719,5.00125
9,0,38,0,1533,23,37,21,4,1,2,45,131.4,1,81,63.875,3.3692307692307693
9,0,38,4,1243,20,32,19,5,1,1,55,66.945,0,71,59.19047619047619,1.7165384615384613
34,0,33,6,16980,254,28,97,2,2,1,25,901.53,0,379,66.58823529411765,26.515588235294118
15,0,36,6,7870,132,299,50,3,2,1,30,1516.08,0,481,59.17293233082707,40.97513513513513
11,0,38,3,4623,98,30,45,3,1,1,30,308.84,0,173,46.696969696969695,7.918974358974358
12,1,37,0,2570,60,66,37,4,1,2,45,230.75,1,163,42.131147540983605,6.072368421052632
15,0,38,3,3685,69,203,40,2,1,1,25,1082.43,0,312,52.642857142857146,27.754615384615388
13,0,29,4,2220,52,221,28,3,2,1,30,974.88,0,301,41.886792452830186,32.496
13,0,28,3,2473,55,58,85,5,1,1,55,124.92,0,198,44.160714285714285,4.307586206896552
20,0,29,0,1605,41,38,24,3,1,2,30,217.84,0,103,38.214285714285715,7.261333333333334
9,0,28,0,1730,26,49,20,4,1,2,45,166.4,0,95,64.07407407407408,5.7379310344827585
19,0,27,3,2130,48,47,30,2,1,1,25,309.51,0,125,43.46938775510204,11.053928571428571
11,0,27,3,4130,77,36,40,3,1,1,30,312.28,0,153,52.94871794871795,11.152857142857142
11,0,20,3,2600,42,56,31,3,1,1,30,329.68,0,129,60.46511627906977,15.699047619047619
25,0,19,4,7298,157,113,59,2,2,1,25,843.975,0,329,46.18987341772152,42.198750000000004
21,0,17,3,9838,187,101,57,5,1,1,55,301.875,0,345,52.329787234042556,16.770833333333332
17,0,18,6,3758,61,59,36,3,2,1,30,388.76,0,156,60.61290322580645,20.461052631578948
11,0,11,4,5295,56,243,27,3,2,1,30,1186.04,0,326,92.89473684210526,98.83666666666666
12,1,11,4,2393,35,28,24,3,1,1,30,209.12,1,87,66.47222222222223,17.426666666666666
9,0,40,0,4075,67,7,4,3,1,1,30,193.68,0,78,59.9264705882353,4.72390243902439
5,0,41,0,305,6,7,2,3,1,2,30,40.44,0,15,43.57142857142857,0.9628571428571429
11,0,39,0,2158,56,345,11,3,1,1,30,1468.56,0,412,37.85964912280702,36.714
11,0,40,0,3903,62,7,22,1,1,1,15,256.575,0,91,61.95238095238095,6.257926829268293
5,0,40,0,2098,54,7,20,2,1,1,25,128.34,0,81,38.14545454545455,3.1302439024390245
12,0,40,0,3480,78,18,15,3,1,1,30,214.32,0,111,44.050632911392405,5.227317073170732
5,0,40,0,2065,35,271,5,3,1,1,30,1168.0,0,311,57.361111111111114,28.48780487804878
14,0,39,1,8820,117,130,30,3,1,1,30,877.48,0,277,74.7457627118644,21.937
8,0,40,0,13478,165,7,31,3,1,1,30,573.72,0,203,81.19277108433735,13.993170731707318
8,0,40,0,4220,79,7,12,3,1,1,30,199.96,0,98,52.75,4.877073170731707
7,0,40,1,5623,91,7,17,3,1,1,30,256.56,0,115,61.119565217391305,6.257560975609756
10,0,40,0,1943,50,7,4,3,1,2,30,107.72,0,61,38.09803921568628,2.627317073170732
26,0,40,2,14845,221,40,19,3,1,1,30,762.64,0,280,66.86936936936937,18.600975609756098
5,0,40,1,2800,23,469,9,3,1,1,30,1988.92,0,501,116.66666666666667,48.51024390243903
10,0,39,0,15190,178,136,17,2,1,1,25,1303.56,0,331,84.86033519553072,32.589
5,0,39,0,6205,82,172,13,3,1,1,30,939.48,0,267,74.75903614457832,23.487000000000002
5,0,39,0,580,10,7,2,2,1,2,25,58.05,0,19,52.72727272727273,1.45125
5,0,40,0,415,10,7,2,3,1,2,30,45.0,0,19,37.72727272727273,1.0975609756097562
5,0,39,0,7213,123,370,30,3,1,1,30,1773.44,0,523,58.16935483870968,44.336
8,0,39,0,11170,150,7,34,4,1,1,45,300.5,0,191,73.97350993377484,7.5125
9,0,39,0,6423,71,94,24,2,1,1,25,715.23,0,189,89.20833333333333,17.88075
24,0,35,0,660,43,7,4,3,1,2,30,56.12,1,54,15.0,1.5588888888888888
22,0,38,7,10140,89,7,29,5,1,1,55,163.935,0,125,112.66666666666667,4.203461538461538
14,0,38,0,5523,94,12,11,2,1,1,25,306.765,1,117,58.136842105263156,7.865769230769231
5,0,36,1,2545,18,7,6,3,1,1,30,130.52,0,31,133.94736842105263,3.527567567567568
10,0,37,0,2695,37,7,3,3,1,2,30,137.28,1,47,70.92105263157895,3.6126315789473686
10,0,38,0,1973,40,20,18,3,1,2,30,160.52,1,78,48.1219512195122,4.115897435897436
5,1,38,0,305,6,7,2,3,1,2,30,40.44,1,15,43.57142857142857,1.0369230769230768
5,0,38,1,1373,21,7,2,4,1,1,45,52.35,0,30,62.40909090909091,1.3423076923076924
5,0,35,0,6490,93,7,9,5,1,1,55,109.245,0,109,69.04255319148936,3.0345833333333334
5,0,38,0,305,6,7,2,4,1,2,45,25.275,1,15,43.57142857142857,0.648076923076923
5,0,38,0,305,6,7,2,5,1,1,55,15.165,0,15,43.57142857142857,0.38884615384615384
26,0,33,2,15780,234,7,67,2,1,1,25,752.13,0,308,67.14893617021276,22.121470588235294
7,0,36,2,6670,112,257,20,3,2,1,30,1299.28,0,389,59.02654867256637,35.115675675675675
5,0,38,0,3423,78,7,15,3,1,1,30,168.04,0,100,43.32911392405063,4.308717948717948
5,0,37,0,1370,40,24,7,3,1,2,30,152.4,0,71,33.41463414634146,4.010526315789474
7,0,38,0,2485,49,161,10,2,1,1,25,838.53,0,220,49.7,21.50076923076923
5,0,29,1,1020,32,179,2,3,2,1,30,758.08,0,213,30.90909090909091,25.269333333333336
5,0,28,0,1273,35,16,55,4,1,1,45,72.7,0,106,35.361111111111114,2.506896551724138
12,0,29,0,405,21,7,2,3,1,2,30,45.04,0,30,18.40909090909091,1.5013333333333334
5,0,28,0,305,6,7,2,4,1,2,45,25.275,0,15,43.57142857142857,0.871551724137931
11,0,27,1,930,28,7,2,2,1,1,25,74.61,0,37,32.06896551724138,2.6646428571428573
5,0,27,0,2930,57,7,10,3,1,1,30,147.48,0,74,50.51724137931034,5.267142857142857
5,0,20,1,1400,22,14,2,2,1,1,25,126.99,0,38,60.869565217391305,6.047142857142857
17,0,19,0,6098,137,71,29,2,2,1,25,600.075,0,237,44.18840579710145,30.003750000000004
13,0,17,0,8638,167,59,27,5,1,1,55,220.575,0,253,51.416666666666664,12.254166666666666
9,0,18,2,2558,41,17,6,3,1,1,30,171.96,0,64,60.904761904761905,9.050526315789474
5,0,11,1,4095,36,201,25,3,1,1,30,969.24,0,262,110.67567567567568,80.77
5,1,11,1,1193,15,7,2,3,1,1,30,76.32,1,24,74.5625,6.359999999999999
13,0,41,2,4790,83,44,23,3,1,1,30,370.92,0,150,57.023809523809526,8.831428571428571
5,0,42,0,738,17,46,10,3,1,2,30,214.2,0,73,41.0,4.981395348837209
15,0,40,2,2873,72,398,30,3,1,1,30,1709.8,0,500,39.35616438356164,41.702439024390245
15,0,41,2,4618,78,40,41,1,1,1,15,478.28,0,159,58.45569620253165,11.387619047619047
8,0,41,2,2813,70,41,39,2,1,1,25,314.235,0,150,39.61971830985915,7.4817857142857145
16,0,41,3,4195,94,71,34,3,1,1,30,455.56,0,199,44.1578947368421,10.846666666666668
9,0,41,2,2780,51,324,24,4,1,1,45,880.775,0,399,53.46153846153846,20.97083333333333
18,0,40,4,9535,133,183,49,3,1,1,30,1118.72,0,365,71.15671641791045,27.285853658536585
12,0,41,2,14193,181,39,50,3,1,1,30,730.96,0,270,77.98351648351648,17.403809523809525
12,0,41,3,4935,95,41,31,4,1,1,45,228.25,0,167,51.40625,5.434523809523809
11,0,41,2,6338,107,46,18,3,1,1,30,441.8,0,171,58.68518518518518,10.519047619047619
14,1,41,0,2658,66,47,23,4,1,2,45,185.6,0,136,39.67164179104478,4.419047619047619
30,0,41,5,15560,237,93,38,3,1,1,30,1003.88,0,368,65.3781512605042,23.901904761904763
9,0,41,3,3515,39,522,14,4,1,1,45,1393.85,0,575,87.875,33.186904761904756
14,0,40,2,15905,194,189,36,3,1,1,30,1399.96,0,419,81.56410256410257,34.14536585365854
8,0,40,3,6920,98,225,32,4,1,1,45,737.95,0,355,69.8989898989899,17.99878048780488
5,0,40,0,1295,26,39,17,3,1,2,30,208.84,0,82,47.96296296296296,5.093658536585366
7,0,41,0,1130,26,52,14,3,1,2,30,254.24,0,92,41.851851851851855,6.053333333333334
5,0,40,0,420,12,39,6,3,1,2,30,173.28,1,57,32.30769230769231,4.226341463414634
8,0,40,2,7928,139,423,49,3,1,1,30,2014.68,0,611,56.628571428571426,49.138536585365856
12,0,40,3,11885,166,50,53,4,1,1,45,426.275,0,269,71.16766467065868,10.396951219512195
13,0,40,3,7138,87,147,43,3,1,1,30,877.0,0,277,81.11363636363636,21.390243902439025
28,1,36,0,1375,59,55,23,3,1,2,30,277.36,1,137,22.916666666666668,7.496216216216217
26,0,39,10,10855,105,40,48,5,2,1,55,224.4,0,193,102.40566037735849,5.61
18,0,39,3,6238,110,65,30,3,1,1,30,513.92,0,205,56.1981981981982,12.847999999999999
6,0,37,2,3260,34,39,20,4,1,1,45,179.85,0,93,93.14285714285714,4.7328947368421055
14,0,38,0,3410,53,48,22,3,1,2,30,330.52,1,123,63.148148148148145,8.474871794871794
14,1,39,0,2688,56,73,37,4,1,2,45,251.1,1,166,47.1578947368421,6.2775
5,0,39,0,553,14,39,8,3,1,2,30,178.68,1,61,36.86666666666667,4.4670000000000005
6,0,39,2,2088,37,39,12,4,1,1,45,150.625,0,88,54.94736842105263,3.765625
8,0,36,3,7205,109,53,28,5,1,1,55,189.21,0,190,65.5,5.113783783783784
5,0,39,0,1048,19,48,10,4,1,2,45,146.675,1,77,52.4,3.666875
5,0,39,3,758,16,43,8,5,1,1,55,76.11,0,67,44.588235294117645,1.90275
30,0,34,5,16495,250,39,86,2,2,1,25,929.025,0,375,65.71713147410358,26.54357142857143
11,0,37,5,7385,128,310,39,3,2,1,30,1540.52,0,477,57.248062015503876,40.54
7,0,39,2,4138,94,41,34,3,1,1,30,333.28,0,169,43.55789473684211,8.331999999999999
8,0,38,0,2085,56,77,26,4,1,2,45,246.025,0,159,36.578947368421055,6.308333333333334
11,0,39,2,3200,65,214,29,3,1,1,30,986.6,0,308,48.484848484848484,24.665
9,0,30,3,1735,48,232,17,3,2,1,30,999.32,0,297,35.40816326530612,32.23612903225806
9,0,29,2,1988,51,69,74,5,1,1,55,134.085,0,194,38.23076923076923,4.4695
16,0,30,0,1120,37,49,13,3,1,2,30,242.28,0,99,29.473684210526315,7.815483870967742
5,0,29,0,1245,22,60,9,4,1,2,45,181.675,0,91,54.130434782608695,6.055833333333334
15,0,28,2,1645,44,58,19,2,1,1,25,337.005,0,121,36.55555555555556,11.620862068965517
7,0,28,2,3645,73,47,29,4,1,1,45,210.45,0,149,49.25675675675676,7.256896551724138
7,0,21,2,2115,38,67,20,3,1,1,30,354.12,0,125,54.23076923076923,16.096363636363638
21,0,20,3,6813,153,124,48,2,2,1,25,871.47,0,325,44.24025974025974,41.49857142857143
17,0,18,2,9353,183,112,46,5,1,1,55,311.04,0,341,50.83152173913044,16.370526315789476
13,0,19,5,3273,57,70,25,4,1,1,45,258.25,0,152,56.43103448275862,12.9125
7,0,12,3,4810,52,254,16,3,1,1,30,1210.48,0,322,90.75471698113208,93.11384615384615
8,1,12,3,1908,31,39,13,3,1,1,30,233.56,1,83,59.625,17.966153846153848
13,0,39,0,4560,71,7,15,2,1,1,25,239.895,0,93,63.333333333333336,5.997375
5,0,40,0,305,6,7,2,2,1,2,25,45.495,0,15,43.57142857142857,1.1096341463414634
15,0,38,0,2643,60,334,22,2,1,1,25,1624.635,0,416,43.32786885245902,41.65730769230769
15,0,39,0,4388,66,7,33,1,1,1,15,283.47,0,106,65.49253731343283,7.08675
8,0,39,0,2583,58,7,31,1,1,1,15,183.755,0,96,43.779661016949156,4.593875
16,0,39,1,3965,82,7,26,3,1,1,30,189.88,0,115,47.7710843373494,4.747
9,0,39,0,2550,39,260,16,3,1,1,30,1143.56,0,315,63.75,28.589
18,0,38,2,9305,121,119,41,3,1,1,30,853.04,0,281,76.27049180327869,21.87282051282051
12,0,39,0,13963,169,7,42,3,1,1,30,593.28,0,218,82.13529411764706,14.831999999999999
12,0,39,1,4705,83,7,23,3,1,1,30,219.52,0,113,56.01190476190476,5.488
11,0,39,0,6108,95,7,10,2,1,1,25,310.635,0,112,63.625,7.765874999999999
14,1,39,0,2428,54,7,15,3,1,2,30,127.28,0,76,44.14545454545455,3.182
30,0,39,3,15330,225,29,30,3,1,1,30,738.2,0,284,67.83185840707965,18.455000000000002
9,0,39,1,3285,27,458,6,3,1,1,30,1964.48,0,491,117.32142857142857,49.112
14,0,38,0,15675,182,125,28,2,1,1,25,1276.065,0,335,85.65573770491804,32.71961538461539
8,0,38,1,6690,86,161,24,3,1,1,30,915.04,0,271,76.89655172413794,23.4625641025641
5,0,38,0,1065,14,7,9,2,1,2,25,80.055,0,30,71.0,2.052692307692308
7,0,39,0,900,14,7,6,2,1,2,25,72.63,0,27,60.0,1.81575
5,0,38,0,305,6,7,2,2,1,2,25,45.495,1,15,43.57142857142857,1.1665384615384615
8,0,38,0,7698,127,359,41,2,1,1,25,1967.625,0,527,60.140625,50.45192307692308
12,0,38,1,11655,154,7,45,3,1,1,30,500.36,0,206,75.19354838709677,12.82974358974359
13,0,38,1,6908,75,83,35,2,1,1,25,687.735,0,193,90.89473684210526,17.63423076923077
28,1,34,0,1145,47,7,15,2,1,2,25,85.14,1,69,23.854166666666668,2.4325714285714284
26,0,37,8,10625,93,7,40,4,1,1,45,285.45,0,140,113.03191489361703,7.511842105263158
18,0,37,1,6008,98,7,22,2,1,1,25,306.27,1,127,60.686868686868685,8.059736842105263
6,0,35,0,3030,22,7,12,3,1,1,30,150.08,0,41,131.7391304347826,4.1688888888888895
14,0,36,0,3180,41,7,14,3,1,2,30,156.84,1,62,75.71428571428571,4.238918918918919
14,0,37,0,2458,44,9,29,3,1,2,30,136.08,1,82,54.62222222222222,3.5810526315789475
5,1,37,0,305,6,7,2,3,1,2,30,40.44,1,15,43.57142857142857,1.0642105263157895
6,0,37,0,1858,25,7,4,3,1,1,30,103.32,0,36,71.46153846153847,2.7189473684210523
8,0,34,1,6975,97,7,20,4,1,1,45,194.3,0,124,71.1734693877551,5.551428571428572
5,0,37,0,818,7,7,2,4,1,2,45,38.125,1,16,102.25,1.0032894736842106
5,0,37,1,305,6,7,2,5,1,1,55,15.165,0,15,43.57142857142857,0.39907894736842103
30,0,32,3,16265,238,7,78,2,1,1,25,774.135,0,323,68.05439330543933,23.458636363636362
11,0,35,3,7155,116,246,31,2,2,1,25,1434.195,0,393,61.15384615384615,39.83875
7,0,37,0,3908,82,7,26,2,1,1,25,211.05,0,115,47.08433734939759,5.553947368421053
8,0,36,0,1855,44,13,18,3,1,2,30,127.96,0,75,41.22222222222222,3.458378378378378
11,0,37,0,2970,53,150,21,2,1,1,25,811.035,0,224,55.0,21.343026315789473
9,0,28,1,1505,36,168,9,2,2,1,25,825.345,0,213,40.67567567567568,28.460172413793103
9,0,27,0,1758,39,7,66,4,1,1,45,62.425,0,112,43.95,2.2294642857142857
16,0,28,0,890,25,7,5,2,1,2,25,72.675,0,37,34.23076923076923,2.5060344827586207
5,0,27,0,1015,10,7,2,4,1,2,45,43.125,0,19,92.27272727272727,1.5401785714285714
15,0,26,0,1415,32,7,11,2,1,1,25,96.615,0,50,42.878787878787875,3.578333333333333
7,0,26,0,3415,61,7,21,3,1,1,30,167.04,0,89,55.08064516129032,6.1866666666666665
7,0,19,0,1885,26,7,12,2,1,1,25,117.495,0,45,69.81481481481481,5.874750000000001
21,0,18,1,6583,141,60,40,1,2,1,15,699.82,0,241,46.359154929577464,36.83263157894737
17,0,16,0,9123,171,48,38,4,1,1,45,352.35,0,257,53.0406976744186,20.726470588235294
13,0,17,3,3043,45,7,17,3,1,1,30,151.52,0,69,66.15217391304348,8.41777777777778
7,0,10,1,4580,40,190,8,3,1,1,30,944.8,0,238,111.70731707317073,85.89090909090909
8,0,10,1,1678,19,7,5,3,1,1,30,95.88,1,31,83.9,8.716363636363637
15,0,40,1,4865,78,21,22,3,1,1,30,281.72,0,121,61.58227848101266,6.871219512195123
7,0,41,0,813,12,23,9,3,1,2,30,125.0,0,44,62.53846153846154,2.9761904761904763
17,0,39,1,2948,67,375,29,3,1,1,30,1620.6,0,471,43.35294117647059,40.515
17,0,40,1,4693,73,17,40,1,1,1,15,355.63,0,130,63.41891891891892,8.67390243902439
10,0,40,1,2888,65,18,38,2,1,1,25,213.885,0,121,43.75757575757576,5.216707317073171
18,0,40,2,4270,89,48,33,3,1,1,30,366.36,0,170,47.44444444444444,8.935609756097561
11,0,40,1,2855,46,301,23,3,1,1,30,1320.04,0,370,60.744680851063826,32.19609756097561
20,0,39,3,9610,128,160,48,3,1,1,30,1029.52,0,336,74.49612403100775,25.738
14,0,40,1,14268,176,16,49,3,1,1,30,641.76,0,241,80.61016949152543,15.652682926829268
14,0,40,2,5010,90,18,30,3,1,1,30,276.0,0,138,55.05494505494506,6.7317073170731705
13,0,40,1,6413,102,23,17,3,1,1,30,352.6,0,142,62.262135922330096,8.600000000000001
16,0,40,0,2733,61,24,22,3,1,2,30,207.76,0,107,44.08064516129032,5.067317073170732
32,1,40,4,15635,232,70,37,3,1,1,30,914.68,0,339,67.1030042918455,22.309268292682926
11,0,40,2,3590,34,499,13,3,1,1,30,2140.96,0,546,102.57142857142857,52.218536585365854
16,0,39,1,15980,189,166,35,2,1,1,25,1474.605,0,390,84.10526315789474,36.865125
10,0,39,2,6995,93,202,31,3,1,1,30,1091.52,0,326,74.41489361702128,27.288
7,0,39,0,1370,21,16,16,2,1,2,25,134.595,0,53,62.27272727272727,3.364875
9,0,40,0,1205,21,29,13,3,1,2,30,165.04,0,63,54.77272727272727,4.025365853658537
7,0,39,0,495,7,16,5,2,1,2,25,94.59,1,28,61.875,2.36475
10,0,39,1,8003,134,400,48,3,1,1,30,1925.48,0,582,59.28148148148148,48.137
14,0,39,2,11960,161,27,52,4,1,1,45,370.525,0,240,73.82716049382717,9.263124999999999
15,0,39,2,7213,82,124,42,2,1,1,25,886.275,0,248,86.90361445783132,22.156875
30,1,35,0,1450,54,32,22,3,1,2,30,188.16,1,108,26.363636363636363,5.226666666666667
28,0,38,9,10930,100,17,47,5,1,1,55,190.95,0,164,108.21782178217822,4.896153846153846
20,0,38,2,6313,105,42,29,2,1,1,25,477.81,0,176,59.556603773584904,12.25153846153846
8,0,36,1,3335,29,16,19,3,1,1,30,198.56,0,64,111.16666666666667,5.366486486486487
16,1,37,0,3485,48,25,21,3,1,2,30,241.32,1,94,71.12244897959184,6.350526315789473
16,1,38,0,2763,51,50,36,4,1,2,45,195.35,1,137,53.13461538461539,5.008974358974359
7,0,38,0,628,9,16,7,3,1,2,30,89.48,1,32,62.8,2.2943589743589743
8,0,38,1,2163,32,16,11,4,1,1,45,94.875,0,59,65.54545454545455,2.4326923076923075
10,0,35,2,7280,104,30,27,5,1,1,55,155.76,0,161,69.33333333333333,4.326666666666666
7,0,38,0,1123,14,25,9,4,1,2,45,90.925,1,48,74.86666666666666,2.331410256410256
7,0,38,2,833,11,20,7,5,1,1,55,42.66,0,38,69.41666666666667,1.0938461538461537
32,0,33,4,16570,245,16,85,2,2,1,25,828.675,0,346,67.35772357723577,24.372794117647057
13,0,36,4,7460,123,287,38,3,2,1,30,1451.32,0,448,60.16129032258065,39.22486486486486
9,0,38,1,4213,89,18,33,3,1,1,30,244.08,0,140,46.81111111111111,6.258461538461539
10,0,37,0,2160,51,54,25,3,1,2,30,304.44,0,130,41.53846153846154,8.01157894736842
13,0,38,1,3275,60,191,28,2,1,1,25,1009.575,0,279,53.68852459016394,25.886538461538464
11,0,29,2,1810,43,209,16,3,2,1,30,910.12,0,268,41.13636363636363,30.337333333333333
11,0,28,1,2063,46,46,73,5,1,1,55,100.635,0,165,43.8936170212766,3.4701724137931036
18,0,29,0,1195,32,26,12,3,1,2,30,153.08,0,70,36.21212121212121,5.102666666666667
7,0,28,0,1320,17,37,8,4,1,2,45,125.925,0,62,73.33333333333333,4.3422413793103445
17,0,27,1,1720,39,35,18,2,1,1,25,236.655,0,92,43.0,8.451964285714286
9,0,27,1,3720,68,24,28,3,1,1,30,247.52,0,120,53.91304347826087,8.84
9,0,20,1,2190,33,44,19,3,1,1,30,264.92,0,96,64.41176470588235,12.615238095238096
23,0,19,2,6887,148,101,47,2,2,1,25,771.075,0,296,46.22147651006711,38.55375
19,0,17,1,9427,178,89,45,5,1,1,55,277.575,0,312,52.66480446927374,15.420833333333333
15,0,18,4,3347,52,47,24,3,1,1,30,323.96,0,123,63.15094339622642,17.050526315789472
9,0,11,2,4885,47,231,15,3,1,1,30,1121.28,0,293,101.77083333333333,93.44
10,1,11,2,1982,26,16,12,3,1,1,30,144.32,1,54,73.4074074074074,12.026666666666666
11,0,40,1,4485,76,3,16,3,1,1,30,194.44,0,95,58.246753246753244,4.742439024390244
3,0,41,0,433,10,5,3,3,1,2,30,37.72,0,18,39.36363636363637,0.8980952380952381
13,0,39,1,2568,65,357,23,3,1,1,30,1533.32,0,445,38.90909090909091,38.333
13,0,40,1,4313,71,0,34,1,1,1,15,241.12,0,105,59.90277777777778,5.8809756097560975
6,0,40,1,2508,63,0,32,2,1,1,25,115.695,0,95,39.1875,2.821829268292683
14,0,40,2,3890,87,30,27,3,1,1,30,279.08,0,144,44.20454545454545,6.806829268292683
7,0,40,1,2475,44,283,17,3,1,1,30,1232.76,0,344,55.0,30.06731707317073
16,0,39,3,9230,126,142,42,3,1,1,30,942.24,0,310,72.67716535433071,23.556
10,0,40,1,13888,174,0,43,3,1,1,30,562.48,0,217,79.36,13.719024390243902
10,0,40,2,4630,88,0,24,3,1,1,30,188.72,0,112,52.02247191011236,4.602926829268292
9,0,40,1,6033,100,5,11,3,1,1,30,265.32,0,116,59.73267326732673,6.4712195121951215
12,1,40,0,2353,59,6,16,3,1,2,30,120.48,0,81,39.21666666666667,2.9385365853658536
28,0,40,4,15255,230,52,31,3,1,1,30,827.4,0,313,66.03896103896103,20.180487804878048
7,0,40,2,3210,32,481,7,3,1,1,30,2053.68,0,520,97.27272727272727,50.08975609756097
12,0,39,1,15600,187,148,29,2,1,1,25,1376.415,0,364,82.97872340425532,34.410375
6,0,39,2,6615,91,184,25,3,1,1,30,1004.24,0,300,71.90217391304348,25.106
3,0,39,0,990,19,0,10,2,1,2,25,45.405,0,29,49.5,1.135125
5,0,40,0,825,19,11,7,3,1,2,30,77.76,0,37,41.25,1.8965853658536587
0,0,39,0,0,0,0,0,2,1,2,25,0.0,1,0,0.0,0.0
6,0,39,1,7623,132,382,42,3,1,1,30,1838.2,0,556,57.31578947368421,45.955
10,0,39,2,11580,159,9,46,4,1,1,45,315.975,0,214,72.375,7.899375000000001
11,0,39,2,6833,80,106,36,2,1,1,25,788.085,0,222,84.35802469135803,19.702125000000002
26,1,35,0,1070,52,14,16,3,1,2,30,100.88,1,82,20.18867924528302,2.802222222222222
24,0,38,9,10550,98,0,41,5,1,1,55,159.72,0,139,106.56565656565657,4.095384615384615
16,0,38,2,5933,103,24,23,2,1,1,25,379.62,0,150,57.04807692307692,9.733846153846153
4,0,36,1,2955,27,0,13,3,1,1,30,119.28,0,40,105.53571428571429,3.2237837837837837
12,0,37,0,3105,46,7,15,3,1,2,30,154.04,1,68,66.06382978723404,4.053684210526316
12,0,38,0,2383,49,32,30,4,1,2,45,140.8,1,111,47.66,3.6102564102564108
3,0,38,0,248,7,0,1,3,1,2,30,10.2,1,8,31.0,0.2615384615384615
4,0,38,1,1783,30,0,5,4,1,1,45,45.325,0,35,57.516129032258064,1.1621794871794873
6,0,35,2,6900,102,12,21,5,1,1,55,123.03,0,135,66.99029126213593,3.4175
3,0,38,0,743,12,7,3,4,1,2,45,36.375,1,22,57.15384615384615,0.9326923076923077
3,0,38,2,453,9,2,1,5,1,1,55,9.93,0,12,45.3,0.25461538461538463
28,0,33,4,16190,243,0,79,2,2,1,25,739.485,0,322,66.35245901639344,21.749558823529412
9,0,36,4,7080,121,269,32,3,2,1,30,1364.04,0,422,58.032786885245905,36.865945945945946
5,0,38,1,3833,87,0,27,3,1,1,30,156.8,0,114,43.55681818181818,4.02051282051282
6,0,37,0,1780,49,36,19,3,1,2,30,217.16,0,104,35.6,5.714736842105263
9,0,38,1,2895,58,173,22,2,1,1,25,911.385,0,253,49.067796610169495,23.368846153846153
7,0,29,2,1430,41,191,10,3,2,1,30,822.84,0,242,34.04761904761905,27.428
7,0,28,1,1683,44,28,67,5,1,1,55,67.905,0,139,37.4,2.341551724137931
14,0,29,0,815,30,8,6,3,1,2,30,65.8,0,44,26.29032258064516,2.1933333333333334
3,0,28,0,940,15,19,2,4,1,2,45,71.375,0,36,58.75,2.461206896551724
13,0,27,1,1340,37,17,12,2,1,1,25,138.465,0,66,35.26315789473684,4.945178571428571
5,0,27,1,3340,66,6,22,3,1,1,30,160.24,0,94,49.850746268656714,5.722857142857143
5,0,20,1,1810,31,26,13,3,1,1,30,177.64,0,70,56.5625,8.459047619047618
19,0,19,2,6507,146,83,41,2,2,1,25,672.885,0,270,44.265306122448976,33.64425
15,0,17,1,9047,176,71,39,5,1,1,55,244.845,0,286,51.112994350282484,13.6025
11,0,18,4,2967,50,29,18,3,1,1,30,236.68,0,97,58.1764705882353,12.456842105263158
5,0,11,2,4505,45,213,9,3,1,1,30,1034.0,0,267,97.93478260869566,86.16666666666667
6,1,11,2,1602,24,0,6,3,1,1,30,65.04,1,30,64.08,5.420000000000001
11,0,35,0,4675,71,4,18,2,1,1,25,231.57,0,93,64.93055555555556,6.4325
3,0,36,0,623,5,6,5,2,1,2,25,55.26,0,16,103.83333333333333,1.4935135135135134
13,0,34,0,2758,60,358,25,2,1,1,25,1737.81,0,443,45.21311475409836,49.651714285714284
13,0,35,0,4503,66,0,36,1,1,1,15,251.295,0,102,67.2089552238806,6.980416666666667
6,0,35,0,2698,58,1,34,1,1,1,15,157.08,0,93,45.728813559322035,4.363333333333333
14,0,35,1,4080,82,31,29,3,1,1,30,290.48,0,142,49.1566265060241,8.068888888888889
7,0,35,0,2665,39,284,19,3,1,1,30,1244.16,0,342,66.625,34.56
16,0,34,2,9420,121,143,44,3,1,1,30,953.64,0,308,77.21311475409836,27.24685714285714
10,0,35,0,14078,169,0,45,3,1,1,30,569.88,0,214,82.81176470588235,15.83
10,0,35,1,4820,83,1,26,3,1,1,30,200.12,0,110,57.38095238095238,5.558888888888889
9,0,35,0,6223,95,6,13,2,1,1,25,311.31,0,114,64.82291666666667,8.6475
12,0,35,0,2543,54,7,18,3,1,2,30,131.88,0,79,46.236363636363635,3.663333333333333
28,0,35,3,15445,225,53,33,3,1,1,30,838.8,0,311,68.34070796460178,23.299999999999997
7,0,35,1,3400,27,482,9,3,1,1,30,2065.08,0,518,121.42857142857143,57.36333333333333
12,0,34,0,15790,182,149,31,2,1,1,25,1389.24,0,362,86.28415300546447,39.692571428571426
6,0,34,1,6805,86,185,27,3,1,1,30,1015.64,0,298,78.2183908045977,29.018285714285714
3,0,34,0,1180,14,0,12,2,1,2,25,53.73,0,26,78.66666666666667,1.5351428571428571
5,0,35,0,1015,14,12,9,2,1,2,25,100.305,0,35,67.66666666666667,2.7862500000000003
6,0,34,0,7813,127,383,44,2,1,1,25,2080.8,0,554,61.0390625,59.45142857142858
10,0,34,1,11770,154,10,48,3,1,1,30,516.96,0,212,75.93548387096774,14.770285714285714
11,0,34,1,7023,75,107,38,2,1,1,25,800.91,0,220,92.40789473684211,22.883142857142857
26,1,30,0,1260,47,15,18,2,1,2,25,126.315,1,80,26.25,4.074677419354838
24,0,33,8,10740,93,0,43,4,1,1,45,270.825,0,136,114.25531914893617,7.965441176470588
16,0,33,1,6123,98,25,25,2,1,1,25,392.445,1,148,61.84848484848485,11.5425
4,0,31,0,3145,22,0,15,3,1,1,30,126.68,0,37,136.7391304347826,3.95875
12,1,32,0,3295,41,8,17,3,1,2,30,165.44,1,66,78.45238095238095,5.013333333333334
12,0,33,0,2573,44,33,32,3,1,2,30,236.68,1,109,57.17777777777778,6.961176470588235
3,0,33,0,438,2,0,3,3,1,2,30,17.6,1,5,146.0,0.5176470588235295
4,0,33,0,1973,25,0,7,3,1,1,30,79.92,0,32,75.88461538461539,2.3505882352941176
6,0,30,1,7090,97,13,23,4,1,1,45,212.175,0,133,72.34693877551021,6.844354838709678
3,0,33,0,933,7,8,5,4,1,2,45,43.5,1,20,116.625,1.2794117647058822
3,0,33,1,643,4,3,3,5,1,1,55,14.205,0,10,128.6,0.4177941176470588
28,0,28,3,16380,238,0,81,2,1,1,25,747.81,0,319,68.53556485355648,25.78655172413793
9,0,31,3,7270,116,270,34,2,2,1,25,1547.37,0,420,62.136752136752136,48.3553125
5,0,33,0,4023,82,1,29,2,1,1,25,189.225,0,112,48.46987951807229,5.565441176470588
6,0,32,0,1970,44,37,21,3,1,2,30,228.56,0,102,43.77777777777778,6.926060606060606
9,0,33,0,3085,53,174,24,2,1,1,25,924.21,0,251,57.129629629629626,27.18264705882353
7,0,24,1,1620,36,192,12,2,2,1,25,938.52,0,240,43.78378378378378,37.5408
7,0,23,0,1873,39,29,69,4,1,1,45,120.3,0,137,46.825,5.0125
14,0,24,0,1005,25,9,8,2,1,2,25,86.85,0,42,38.65384615384615,3.4739999999999998
3,0,23,0,1130,10,20,4,4,1,2,45,78.5,0,34,102.72727272727273,3.2708333333333335
13,0,22,0,1530,32,18,14,2,1,1,25,151.29,0,64,46.36363636363637,6.577826086956521
5,0,22,0,3530,61,7,24,3,1,1,30,171.64,0,92,56.935483870967744,7.4626086956521736
5,0,15,0,2000,26,27,15,2,1,1,25,212.67,0,68,74.07407407407408,13.291875
19,0,14,1,6697,141,84,43,1,2,1,15,838.09,0,268,47.16197183098591,55.87266666666667
15,0,12,0,9237,171,72,41,4,1,1,45,415.2,0,284,53.70348837209303,31.93846153846154
11,0,13,3,3157,45,30,20,3,1,1,30,248.08,0,95,68.6304347826087,17.720000000000002
5,0,6,1,4695,40,214,11,3,1,1,30,1045.4,0,265,114.51219512195122,149.34285714285716
6,0,6,1,1792,19,0,8,3,1,1,30,72.44,1,27,89.6,10.348571428571429
15,0,45,2,4675,83,20,20,3,1,1,30,270.32,0,123,55.654761904761905,5.8765217391304345
7,0,46,0,623,17,22,7,3,1,2,30,113.6,0,46,34.611111111111114,2.4170212765957446
17,0,44,2,2758,72,374,27,3,1,1,30,1609.2,0,473,37.78082191780822,35.76
17,0,45,2,4503,78,16,38,1,1,1,15,339.955,0,132,57.0,7.390326086956521
10,0,45,2,2698,70,17,36,2,1,1,25,201.06,0,123,38.0,4.370869565217391
18,0,45,3,4080,94,47,31,3,1,1,30,354.96,0,172,42.94736842105263,7.716521739130434
11,0,45,2,2665,51,300,21,4,1,1,45,817.9,0,372,51.25,17.780434782608694
20,0,44,4,9420,133,159,46,3,1,1,30,1018.12,0,338,70.29850746268657,22.62488888888889
14,0,45,2,14078,181,15,47,3,1,1,30,630.36,0,243,77.35164835164835,13.703478260869565
14,0,45,3,4820,95,17,28,4,1,1,45,165.375,0,140,50.208333333333336,3.595108695652174
13,0,45,2,6223,107,22,15,3,1,1,30,341.2,0,144,57.620370370370374,7.4173913043478255
16,0,45,0,2543,66,23,20,4,1,2,45,122.725,0,109,37.95522388059702,2.6679347826086954
32,0,45,5,15445,237,69,35,3,2,1,30,903.28,0,341,64.89495798319328,19.636521739130433
11,0,45,3,3400,39,498,11,4,1,1,45,1330.975,0,548,85.0,28.93423913043478
16,0,44,2,15790,194,165,33,3,1,1,30,1299.36,0,392,80.97435897435898,28.874666666666663
10,0,44,3,6805,98,201,29,4,1,1,45,675.075,0,328,68.73737373737374,15.001666666666667
7,0,44,0,1180,26,15,14,3,1,2,30,108.24,0,55,43.7037037037037,2.405333333333333
9,0,45,0,1015,26,28,11,3,1,2,30,153.64,0,65,37.592592592592595,3.34
7,0,44,0,305,12,15,3,3,1,2,30,72.68,1,30,23.46153846153846,1.6151111111111112
10,0,44,2,7813,139,399,46,3,1,1,30,1914.08,0,584,55.80714285714286,42.53511111111111
14,0,44,3,11770,166,26,50,4,1,1,45,363.4,0,242,70.47904191616766,8.075555555555555
15,0,44,3,7023,87,123,40,3,1,1,30,776.4,0,250,79.80681818181819,17.253333333333334
30,1,40,0,1260,59,31,20,3,1,2,30,176.76,1,110,21.0,4.311219512195121
28,0,43,10,10740,105,16,45,5,2,1,55,186.675,0,166,101.32075471698113,4.242613636363637
20,0,43,3,6123,110,41,27,3,1,1,30,413.32,0,178,55.16216216216216,9.393636363636363
8,0,41,2,3145,34,15,17,4,1,1,45,116.975,0,66,89.85714285714286,2.7851190476190473
16,1,42,0,3295,53,24,19,3,1,2,30,229.92,1,96,61.01851851851852,5.346976744186046
16,1,43,0,2573,56,49,34,4,1,2,45,188.225,1,139,45.14035087719298,4.277840909090909
7,0,43,0,438,14,15,5,3,1,2,30,78.08,1,34,29.2,1.7745454545454544
8,0,43,2,1973,37,15,9,4,1,1,45,87.75,0,61,51.921052631578945,1.9943181818181819
10,0,40,3,7090,109,29,25,5,1,1,55,151.485,0,163,64.45454545454545,3.694756097560976
7,0,43,0,933,19,24,7,4,1,2,45,83.8,1,50,46.65,1.9045454545454545
7,0,43,3,643,16,19,5,5,1,1,55,38.385,0,40,37.8235294117647,0.8723863636363636
32,0,38,5,16380,250,15,83,2,2,1,25,815.85,0,348,65.2589641434263,20.91923076923077
13,0,41,5,7270,128,286,36,3,2,1,30,1439.92,0,450,56.35658914728682,34.28380952380952
9,0,43,2,4023,94,17,31,3,1,1,30,232.68,0,142,42.34736842105263,5.288181818181818
10,0,42,0,1970,56,53,23,4,1,2,45,183.15,0,132,34.56140350877193,4.2593023255813955
13,0,43,2,3085,65,190,26,3,1,1,30,886.0,0,281,46.74242424242424,20.136363636363637
11,0,34,3,1620,48,208,14,3,2,1,30,898.72,0,270,33.06122448979592,25.677714285714288
11,0,33,2,1873,51,45,71,5,1,1,55,96.36,0,167,36.01923076923077,2.8341176470588234
18,0,34,0,1005,37,25,10,3,1,2,30,141.68,0,72,26.44736842105263,4.048
7,0,33,0,1130,22,36,6,4,1,2,45,118.8,0,64,49.130434782608695,3.4941176470588236
17,0,32,2,1530,44,34,16,2,1,1,25,223.83,0,94,34.0,6.782727272727273
9,0,32,2,3530,73,23,26,4,1,1,45,147.575,0,122,47.7027027027027,4.471969696969697
9,0,25,2,2000,38,43,17,3,1,1,30,253.52,0,98,51.282051282051285,9.750769230769231
23,0,24,3,6697,153,100,45,2,2,1,25,758.25,0,298,43.48701298701299,30.33
19,0,22,2,9237,183,88,43,5,1,1,55,273.3,0,314,50.20108695652174,11.882608695652175
15,0,23,5,3157,57,46,22,4,1,1,45,195.35,0,125,54.43103448275862,8.139583333333333
9,0,16,3,4695,52,230,13,3,1,1,30,1109.88,0,295,88.58490566037736,65.28705882352942
10,0,16,3,1792,31,15,10,3,1,1,30,132.92,1,56,56.0,7.818823529411764
19,0,41,2,5385,88,37,19,3,1,1,30,366.92,0,144,60.50561797752809,8.736190476190476
11,0,42,0,1333,22,22,6,3,1,2,30,142.2,0,50,57.95652173913044,3.3069767441860463
21,0,40,2,3468,77,374,26,3,1,1,30,1637.8,0,477,44.46153846153846,39.94634146341463
21,0,41,2,5213,83,16,37,1,1,1,15,379.28,0,136,62.05952380952381,9.03047619047619
14,0,41,2,3408,75,17,35,2,1,1,25,233.235,0,127,44.8421052631579,5.553214285714286
22,0,41,3,4790,99,47,30,3,1,1,30,383.56,0,176,47.9,9.132380952380952
15,0,41,2,3375,56,300,20,4,1,1,45,835.775,0,376,59.21052631578947,19.899404761904762
24,0,40,4,10130,138,159,45,3,1,1,30,1046.72,0,342,72.87769784172662,25.529756097560977
18,0,41,2,14788,186,15,46,3,1,1,30,658.96,0,247,79.08021390374331,15.689523809523811
18,0,41,3,5530,100,17,27,4,1,1,45,183.25,0,144,54.75247524752475,4.363095238095238
17,0,41,2,6933,112,22,14,3,1,1,30,369.8,0,148,61.35398230088496,8.804761904761905
20,0,41,0,3253,71,23,19,4,1,2,45,140.6,0,113,45.18055555555556,3.3476190476190473
36,0,41,5,16155,242,69,34,3,2,1,30,931.88,0,345,66.48148148148148,22.187619047619048
15,0,41,3,4110,44,498,10,4,1,1,45,1348.85,0,552,91.33333333333333,32.11547619047619
20,0,40,2,16500,199,165,32,2,1,1,25,1493.955,0,396,82.5,36.43792682926829
14,0,40,3,7515,103,201,28,3,1,1,30,1108.72,0,332,72.25961538461539,27.041951219512196
11,0,40,0,1890,31,15,13,2,1,2,25,153.945,0,59,59.0625,3.7547560975609753
13,0,41,0,1725,31,28,10,3,1,2,30,182.24,0,69,53.90625,4.339047619047619
11,0,40,0,1015,17,15,2,3,1,2,30,101.28,1,34,56.388888888888886,2.4702439024390244
14,0,40,2,8523,144,399,45,3,1,1,30,1942.68,0,588,58.779310344827586,47.382439024390244
18,0,40,3,12480,171,26,49,4,1,1,45,381.275,0,246,72.55813953488372,9.299390243902439
19,0,40,3,7733,92,123,39,2,1,1,25,905.625,0,254,83.15053763440861,22.088414634146343
34,1,36,0,1970,64,31,19,3,2,2,30,205.36,1,114,30.307692307692307,5.55027027027027
32,0,39,10,11450,110,16,44,5,1,1,55,197.4,0,170,103.15315315315316,4.9350000000000005
24,0,39,3,6833,115,41,26,3,1,1,30,441.92,0,182,58.9051724137931,11.048
12,0,37,2,3855,39,15,16,3,1,1,30,215.76,0,70,96.375,5.677894736842105
20,1,38,0,4005,58,24,18,3,1,2,30,258.52,1,100,67.88135593220339,6.628717948717949
20,1,39,0,3283,61,49,33,4,1,2,45,206.1,1,143,52.95161290322581,5.1525
11,0,39,0,1148,19,15,4,3,1,2,30,106.68,1,38,57.4,2.6670000000000003
12,0,39,2,2683,42,15,8,4,1,1,45,105.625,0,65,62.395348837209305,2.640625
14,0,36,3,7800,114,29,24,5,1,1,55,162.21,0,167,67.82608695652173,4.3840540540540545
11,0,39,0,1643,24,24,6,4,1,2,45,101.675,1,54,65.72,2.541875
11,0,39,3,1353,21,19,4,5,1,1,55,49.11,0,44,61.5,1.22775
36,0,34,5,17090,255,15,82,2,2,1,25,848.025,0,352,66.7578125,24.229285714285712
17,0,37,5,7980,133,286,35,3,2,1,30,1468.52,0,454,59.55223880597015,38.64526315789474
13,0,39,2,4733,99,17,30,3,1,1,30,261.28,0,146,47.33,6.531999999999999
14,0,38,0,2680,61,53,22,4,1,2,45,201.025,0,136,43.225806451612904,5.154487179487179
17,0,39,2,3795,70,190,25,2,1,1,25,1028.925,0,285,53.45070422535211,25.723125
15,0,30,3,2330,53,208,13,3,2,1,30,927.32,0,274,43.148148148148145,29.913548387096775
15,0,29,2,2583,56,45,70,5,1,1,55,107.085,0,171,45.31578947368421,3.5694999999999997
22,1,30,0,1715,42,25,9,3,1,2,30,170.28,1,76,39.883720930232556,5.492903225806452
11,0,29,0,1840,27,36,5,4,1,2,45,136.675,0,68,65.71428571428571,4.555833333333334
21,0,28,2,2240,49,34,15,2,1,1,25,256.005,0,98,44.8,8.827758620689655
13,0,28,2,4240,78,23,25,3,1,1,30,264.72,0,126,53.67088607594937,9.128275862068966
13,0,21,2,2710,43,43,16,3,1,1,30,282.12,0,102,61.59090909090909,12.823636363636364
27,0,20,3,7407,158,100,44,2,2,1,25,790.425,0,302,46.58490566037736,37.63928571428571
23,0,18,2,9947,188,88,42,5,1,1,55,284.025,0,318,52.629629629629626,14.948684210526315
19,0,19,5,3867,62,46,21,3,1,1,30,341.16,0,129,61.38095238095238,17.058
13,0,12,3,5405,57,230,12,3,1,1,30,1138.48,0,299,93.1896551724138,87.57538461538462
14,1,12,3,2502,36,15,9,3,1,1,30,161.52,1,60,67.62162162162163,12.424615384615386
7,0,39,0,3965,66,0,19,3,1,1,30,161.24,0,85,59.17910447761194,4.031000000000001
0,0,40,0,0,0,0,0,3,1,2,30,0.0,0,0,0.0,0.0
9,0,38,0,2048,55,341,26,3,1,1,30,1448.12,0,422,36.57142857142857,37.13128205128205
9,0,39,0,3793,61,0,37,1,1,1,15,211.97,0,98,61.17741935483871,5.29925
2,0,39,0,1988,53,0,35,2,1,1,25,91.845,0,88,36.81481481481482,2.296125
10,0,39,1,3370,77,14,30,3,1,1,30,193.88,0,121,43.205128205128204,4.8469999999999995
3,0,39,0,1955,34,267,20,3,1,1,30,1147.56,0,321,55.857142857142854,28.689
12,0,38,2,8710,116,126,45,3,1,1,30,857.04,0,287,74.44444444444444,21.975384615384616
6,0,39,0,13368,164,0,46,3,1,1,30,541.28,0,210,81.01818181818182,13.532
6,0,39,1,4110,78,0,27,3,1,1,30,167.52,0,105,52.0253164556962,4.188000000000001
5,0,39,0,5513,90,0,14,3,1,1,30,224.12,0,104,60.582417582417584,5.603
8,0,39,0,1833,49,0,19,3,1,2,30,75.28,0,68,36.66,1.8820000000000001
24,0,39,3,14735,220,36,34,3,1,1,30,742.2,0,290,66.67420814479638,18.555
3,0,39,1,2690,22,465,10,3,1,1,30,1968.48,0,497,116.95652173913044,49.212
8,0,38,0,15080,177,132,32,2,1,1,25,1280.565,0,341,84.71910112359551,32.835
2,0,38,1,6095,81,168,28,3,1,1,30,919.04,0,277,74.32926829268293,23.565128205128204
0,0,38,0,470,9,0,13,2,1,2,25,21.555,0,22,47.0,0.5526923076923077
1,0,39,0,305,9,0,10,3,1,2,30,12.56,0,19,30.5,0.314
0,0,38,0,0,0,0,0,2,1,2,25,0.0,1,0,0.0,0.0
2,0,38,0,7103,122,366,45,3,1,1,30,1753.0,0,533,57.7479674796748,44.94871794871795
6,0,38,1,11060,149,0,49,4,1,1,45,280.225,0,198,73.73333333333333,7.185256410256411
7,0,38,1,6313,70,90,39,2,1,1,25,692.235,0,199,88.91549295774648,17.749615384615385
22,0,34,0,550,42,0,19,3,1,2,30,23.68,1,61,12.790697674418604,0.6765714285714286
20,0,37,8,10030,88,0,44,5,1,1,55,151.77,0,132,112.69662921348315,3.9939473684210527
12,0,37,1,5413,93,8,26,2,1,1,25,283.77,1,127,57.58510638297872,7.467631578947368
0,0,35,0,2435,17,0,16,3,1,1,30,98.08,0,33,135.27777777777777,2.7244444444444444
8,1,36,0,2585,36,0,18,3,1,2,30,104.84,1,54,69.86486486486487,2.8335135135135134
8,0,37,0,1863,39,16,33,3,1,2,30,140.08,1,88,46.575,3.6863157894736847
0,0,37,0,0,0,0,0,3,1,2,30,0.0,1,0,0.0,0.0
0,0,37,0,1263,20,0,8,4,1,1,45,32.075,0,28,60.142857142857146,0.8440789473684212
2,0,34,1,6380,92,0,24,5,1,1,55,97.08,0,116,68.60215053763442,2.7737142857142856
0,0,37,0,223,2,0,6,4,1,2,45,5.625,1,8,74.33333333333333,0.14802631578947367
0,0,37,1,0,0,0,0,5,1,1,55,0.0,0,0,0.0,0.0
24,1,32,3,15670,233,0,82,2,1,1,25,715.635,0,315,66.96581196581197,21.685909090909092
5,0,35,3,6560,111,253,35,2,2,1,25,1438.695,0,399,58.57142857142857,39.96375
1,0,37,0,3313,77,0,30,3,1,1,30,135.6,0,107,42.47435897435897,3.568421052631579
2,0,36,0,1260,39,20,22,3,1,2,30,131.96,0,81,31.5,3.566486486486487
5,0,37,0,2375,48,157,25,2,1,1,25,815.535,0,230,48.46938775510204,21.46144736842105
3,0,28,1,910,31,175,13,2,2,1,25,829.845,0,219,28.4375,28.615344827586206
3,0,27,0,1163,34,12,70,4,1,1,45,59.925,0,116,33.22857142857143,2.1401785714285713
10,0,28,0,295,20,0,9,3,1,2,30,12.6,0,29,14.047619047619047,0.43448275862068964
0,0,27,0,420,5,3,5,4,1,2,45,18.125,0,13,70.0,0.6473214285714286
9,0,26,0,820,27,1,15,2,1,1,25,42.615,0,43,29.285714285714285,1.5783333333333334
1,0,26,0,2820,56,0,25,3,1,1,30,115.04,0,81,49.473684210526315,4.260740740740741
1,0,19,0,1290,21,10,16,2,1,1,25,103.995,0,47,58.63636363636363,5.19975
15,0,18,1,5987,136,67,44,2,2,1,25,577.035,0,247,43.7007299270073,30.370263157894737
11,0,16,0,8527,166,55,42,5,1,1,55,212.895,0,263,51.05988023952096,12.523235294117647
7,0,17,3,2447,40,13,21,3,1,1,30,151.48,0,74,59.68292682926829,8.415555555555555
1,0,10,1,3985,35,197,12,3,1,1,30,948.8,0,244,110.69444444444444,86.25454545454545
2,1,10,1,1082,14,0,9,3,1,1,30,43.84,1,23,72.13333333333334,3.985454545454546
14,0,40,0,2543,60,15,19,3,1,2,30,164.12,0,94,41.68852459016394,4.002926829268293
30,0,40,4,15445,231,61,34,3,1,1,30,871.04,0,326,66.57327586206897,21.244878048780485
28,1,35,0,1260,53,23,19,3,1,2,30,144.52,1,95,23.333333333333332,4.014444444444445
14,0,38,0,2573,50,41,33,4,1,2,45,168.075,1,124,50.450980392156865,4.309615384615384
21,0,19,2,6697,147,92,44,2,2,1,25,721.98,0,283,45.25,36.099000000000004
17,0,17,1,9237,177,80,42,5,1,1,55,261.21,0,299,51.89325842696629,14.511666666666665
13,0,18,4,3157,51,38,21,3,1,1,30,280.32,0,110,60.71153846153846,14.753684210526316
8,1,11,2,1792,25,7,9,3,1,1,30,100.68,1,41,68.92307692307692,8.39
26,0,38,9,10740,99,8,44,5,2,1,55,174.585,0,151,107.4,4.476538461538461
5,1,38,0,933,13,16,6,4,1,2,45,63.65,1,35,66.64285714285714,1.632051282051282
